countrycode,countryname,year,gdp,educ_exp
ABW,Aruba,1986,6472.50202920407,
ABW,Aruba,1987,7885.79654466735,
ABW,Aruba,1988,9764.789978793289,
ABW,Aruba,1989,11392.4558105764,
ABW,Aruba,1990,12307.3117378314,
ABW,Aruba,1991,13496.0031426418,
ABW,Aruba,1992,14046.5037643078,
ABW,Aruba,1993,14936.8272187795,
ABW,Aruba,1994,16241.0465209443,
ABW,Aruba,1995,16439.3563609282,
ABW,Aruba,1996,16586.0684357542,
ABW,Aruba,1997,17927.7496352086,
ABW,Aruba,1998,19078.3431907515,4.76390981674194
ABW,Aruba,1999,19356.2033894901,4.39554023742676
ABW,Aruba,2000,20620.7006259175,4.71468019485474
ABW,Aruba,2001,20669.0319688645,4.73986005783081
ABW,Aruba,2002,20436.8871286309,4.92364978790283
ABW,Aruba,2003,20833.7616116694,
ABW,Aruba,2004,22569.9749851801,4.40848016738892
ABW,Aruba,2005,23300.0395575696,4.68132019042969
ABW,Aruba,2006,24045.2724833547,
ABW,Aruba,2007,25835.1326676284,4.81504011154175
ABW,Aruba,2008,27084.7036903653,4.9992299079895
ABW,Aruba,2009,24630.4537141023,5.9247899055481
ABW,Aruba,2010,23512.6025956397,6.92926979064941
ABW,Aruba,2011,24985.9932813737,6.11913013458252
ABW,Aruba,2012,24713.6980451285,6.54905986785889
ABW,Aruba,2013,26189.4355088129,6.50538015365601
ABW,Aruba,2014,26647.938100985,5.90521001815796
ABW,Aruba,2015,27980.8806952751,5.97570991516113
ABW,Aruba,2016,28281.35048163,5.52414989471436
ABW,Aruba,2017,29007.6930034887,
AFG,Afghanistan,1960,59.7731938409853,
AFG,Afghanistan,1961,59.8608738790779,
AFG,Afghanistan,1962,58.4580149495439,
AFG,Afghanistan,1963,78.7063875407802,
AFG,Afghanistan,1964,82.0952307131832,
AFG,Afghanistan,1965,101.108304853377,
AFG,Afghanistan,1966,137.594352053111,
AFG,Afghanistan,1967,160.898588872438,
AFG,Afghanistan,1968,129.108323102596,
AFG,Afghanistan,1969,129.329712876621,
AFG,Afghanistan,1970,156.518939442982,
AFG,Afghanistan,1971,159.567578521888,1.16035997867584
AFG,Afghanistan,1972,135.31730831433,1.11717998981476
AFG,Afghanistan,1973,143.144649500081,1.42788004875183
AFG,Afghanistan,1974,173.653764639169,
AFG,Afghanistan,1975,186.510897140201,1.30332005023956
AFG,Afghanistan,1976,197.445507551145,
AFG,Afghanistan,1977,224.224797281134,
AFG,Afghanistan,1978,247.354106347038,
AFG,Afghanistan,1979,275.738197619262,1.7398099899292
AFG,Afghanistan,1980,272.655285650232,1.84092998504639
AFG,Afghanistan,1981,264.111317453061,1.90917003154755
AFG,Afghanistan,1982,,1.72997999191284
AFG,Afghanistan,2002,179.426610967229,
AFG,Afghanistan,2003,190.683814295088,
AFG,Afghanistan,2004,211.382116942655,
AFG,Afghanistan,2005,242.031284871985,
AFG,Afghanistan,2006,263.733691663044,
AFG,Afghanistan,2007,359.693237501395,
AFG,Afghanistan,2008,364.6607447985,
AFG,Afghanistan,2009,438.076034406941,
AFG,Afghanistan,2010,543.303041863931,3.4794499874115
AFG,Afghanistan,2011,591.162759035926,3.4620099067688
AFG,Afghanistan,2012,641.8714791575391,2.60419988632202
AFG,Afghanistan,2013,637.165523187024,3.45445990562439
AFG,Afghanistan,2014,613.856689167623,3.69521999359131
AFG,Afghanistan,2015,578.466352941708,3.2558000087738
AFG,Afghanistan,2016,547.228110150363,4.22836017608643
AFG,Afghanistan,2017,556.30200240406,4.0588698387146
AFG,Afghanistan,2018,524.162880925404,
AFG,Afghanistan,2019,502.115486913067,
AGO,Angola,1980,710.981648140027,
AGO,Angola,1981,642.383857952257,
AGO,Angola,1982,619.96135753111,
AGO,Angola,1983,623.440584831564,
AGO,Angola,1984,637.715230700475,
AGO,Angola,1985,758.237576171151,4.09021997451782
AGO,Angola,1986,685.270085316704,5.72269010543823
AGO,Angola,1987,756.261853027412,5.05850982666016
AGO,Angola,1988,792.303120218644,
AGO,Angola,1989,890.554136459008,
AGO,Angola,1990,947.704182085371,
AGO,Angola,1991,865.69272959239,
AGO,Angola,1992,656.361755960006,
AGO,Angola,1993,441.200673252825,
AGO,Angola,1994,328.673294707808,
AGO,Angola,1995,397.179450769472,
AGO,Angola,1996,522.643807265256,
AGO,Angola,1997,514.295223223424,
AGO,Angola,1998,423.59366023208,2.56712007522583
AGO,Angola,1999,387.784316047502,
AGO,Angola,2000,556.836318086553,2.60753011703491
AGO,Angola,2001,527.333528536691,
AGO,Angola,2002,872.494491592841,
AGO,Angola,2003,982.960899291112,
AGO,Angola,2004,1255.56404471491,
AGO,Angola,2005,1902.42234554625,2.12011003494263
AGO,Angola,2006,2599.56646397608,2.28146004676819
AGO,Angola,2007,3121.99563726236,
AGO,Angola,2008,4080.94140992346,
AGO,Angola,2009,3122.78076649385,
AGO,Angola,2010,3587.88379824396,3.42131996154785
AGO,Angola,2011,4615.46802807906,
AGO,Angola,2012,5100.09580809767,
AGO,Angola,2013,5254.88233799616,
AGO,Angola,2014,5408.41049555432,
AGO,Angola,2015,4166.97968386501,
AGO,Angola,2016,3506.07288506966,
AGO,Angola,2017,4095.81294155857,
AGO,Angola,2018,3289.64666408633,
AGO,Angola,2019,2973.59115979868,
ALB,Albania,1984,639.48473584821,
ALB,Albania,1985,639.865909445734,
ALB,Albania,1986,693.873474633887,
ALB,Albania,1987,674.7933830694921,
ALB,Albania,1988,652.7743213965661,
ALB,Albania,1989,697.995596576519,
ALB,Albania,1990,617.230435515505,
ALB,Albania,1991,336.586994504629,
ALB,Albania,1992,200.852219772323,
ALB,Albania,1993,367.279225077581,
ALB,Albania,1994,586.416339644261,3.44697999954224
ALB,Albania,1995,750.604449178826,3.81464004516602
ALB,Albania,1996,1009.97766752106,3.08350992202759
ALB,Albania,1997,717.380567391734,3.37947010993958
ALB,Albania,1998,813.790263555599,3.53697991371155
ALB,Albania,1999,1033.2416930932,3.59293007850647
ALB,Albania,2000,1126.68331762741,3.4301700592041
ALB,Albania,2001,1281.65939343074,3.45869994163513
ALB,Albania,2002,1425.12484888368,3.11779999732971
ALB,Albania,2003,1846.11881331912,3.13824009895325
ALB,Albania,2004,2373.57984371994,3.22751998901367
ALB,Albania,2005,2673.78728253113,3.28154993057251
ALB,Albania,2006,2972.74326462176,3.1914598941803
ALB,Albania,2007,3595.03716321514,3.27592992782593
ALB,Albania,2008,4370.54012699014,
ALB,Albania,2009,4114.14011404922,
ALB,Albania,2010,4094.3503344202,
ALB,Albania,2011,4437.14288515077,
ALB,Albania,2012,4247.62998374252,
ALB,Albania,2013,4413.06086120676,3.53929996490479
ALB,Albania,2014,4578.6319939825,
ALB,Albania,2015,3952.80121524465,3.43796992301941
ALB,Albania,2016,4124.05572595352,3.96209001541138
ALB,Albania,2017,4531.02080555986,3.61172008514404
ALB,Albania,2018,5284.38018438156,
ALB,Albania,2019,5352.85741103671,
AND,Andorra,1970,3238.55684977329,
AND,Andorra,1971,3498.1736515232,
AND,Andorra,1972,4217.17358114253,
AND,Andorra,1973,5342.16856044208,
AND,Andorra,1974,6319.73903384837,
AND,Andorra,1975,7169.10100559556,
AND,Andorra,1976,7152.37513361051,
AND,Andorra,1977,7751.37021575891,
AND,Andorra,1978,9129.706185180799,
AND,Andorra,1979,11820.8493928325,
AND,Andorra,1980,12377.4116456877,
AND,Andorra,1981,10372.232834745,
AND,Andorra,1982,9610.266308315749,
AND,Andorra,1983,8022.65478128161,
AND,Andorra,1984,7728.90669456943,
AND,Andorra,1985,7774.39382903478,
AND,Andorra,1986,10361.8159820255,
AND,Andorra,1987,12616.167565929,
AND,Andorra,1988,14304.3569645785,
AND,Andorra,1989,15166.437850754,
AND,Andorra,1990,18878.5059692988,
AND,Andorra,1991,19532.5401504525,
AND,Andorra,1992,20547.7117897897,
AND,Andorra,1993,16516.4710272204,
AND,Andorra,1994,16234.8090102012,
AND,Andorra,1995,18461.0648581512,
AND,Andorra,1996,19017.1745902241,
AND,Andorra,1997,18353.0597218473,3.71327996253967
AND,Andorra,1998,18894.5214963227,
AND,Andorra,1999,19261.7105038886,
AND,Andorra,2000,21854.2468030614,
AND,Andorra,2001,22971.535535508,
AND,Andorra,2002,25066.8822109807,1.65971004962921
AND,Andorra,2003,32271.9639023596,
AND,Andorra,2004,37969.1749907994,1.54411995410919
AND,Andorra,2005,40066.2569185146,1.64497005939484
AND,Andorra,2006,42675.8127569297,2.24489998817444
AND,Andorra,2007,47803.6936075266,2.10469007492065
AND,Andorra,2008,48718.4968691913,2.87392997741699
AND,Andorra,2009,43503.1855156769,3.14292001724243
AND,Andorra,2010,40852.6667774434,2.97662997245789
AND,Andorra,2011,43335.3288618283,2.98706007003784
AND,Andorra,2012,38686.4612635075,
AND,Andorra,2013,39538.7667220426,2.50616002082825
AND,Andorra,2014,41303.9293714464,3.07420992851257
AND,Andorra,2015,35762.523073758,3.28034996986389
AND,Andorra,2016,37474.6654057245,3.23707008361816
AND,Andorra,2017,38962.8803536703,3.21708989143372
AND,Andorra,2018,41793.0552583729,3.2467200756073
AND,Andorra,2019,40886.3911648431,3.15161991119385
ARB,Arab World,1968,224.878679465042,
ARB,Arab World,1969,240.036239815635,
ARB,Arab World,1970,262.867418456177,
ARB,Arab World,1971,295.971728519522,
ARB,Arab World,1972,343.567305991472,
ARB,Arab World,1973,423.135492299689,
ARB,Arab World,1974,777.562566867844,
ARB,Arab World,1975,836.210809803876,
ARB,Arab World,1976,1007.14328622128,
ARB,Arab World,1977,1123.14558231246,
ARB,Arab World,1978,1193.74813328822,
ARB,Arab World,1979,1563.70733121269,
ARB,Arab World,1980,2052.96153551983,
ARB,Arab World,1981,2050.77473670761,
ARB,Arab World,1982,1864.875701028,
ARB,Arab World,1983,1699.21972296324,
ARB,Arab World,1984,1672.2829158097,
ARB,Arab World,1985,1606.75980864289,
ARB,Arab World,1986,1489.84374430147,
ARB,Arab World,1987,1543.51692297153,
ARB,Arab World,1988,1476.04470683148,
ARB,Arab World,1989,1505.50919896803,
ARB,Arab World,1990,2009.42034941289,
ARB,Arab World,1991,1929.61843679561,
ARB,Arab World,1992,2028.19174257064,
ARB,Arab World,1993,1997.27833376709,
ARB,Arab World,1994,1989.84061916968,
ARB,Arab World,1995,2073.14207584905,
ARB,Arab World,1996,2236.32868474163,
ARB,Arab World,1997,2319.41034882976,
ARB,Arab World,1998,2189.68112340084,
ARB,Arab World,1999,2332.7981041241,
ARB,Arab World,2000,2606.07658208891,
ARB,Arab World,2001,2510.26194706508,
ARB,Arab World,2002,2476.69602862123,
ARB,Arab World,2003,2736.48211922676,
ARB,Arab World,2004,3134.67353367404,4.67072010040283
ARB,Arab World,2005,3765.82049560195,
ARB,Arab World,2006,4359.807962629,
ARB,Arab World,2007,4963.54152075659,
ARB,Arab World,2008,6146.39172743849,4.33701992034912
ARB,Arab World,2009,5176.52832429557,
ARB,Arab World,2010,5934.2906837414,
ARB,Arab World,2011,6867.69204656404,
ARB,Arab World,2012,7465.15165094558,
ARB,Arab World,2013,7519.80825984063,
ARB,Arab World,2014,7457.46110932925,
ARB,Arab World,2015,6387.66061493825,
ARB,Arab World,2016,6097.23902538074,
ARB,Arab World,2017,6102.21106679858,
ARB,Arab World,2018,6603.35119013708,
ARB,Arab World,2019,6580.05625672999,
ARE,United Arab Emirates,1975,26847.7943802772,
ARE,United Arab Emirates,1976,30118.1377833851,
ARE,United Arab Emirates,1977,33823.3196498568,
ARE,United Arab Emirates,1978,28456.7374380931,
ARE,United Arab Emirates,1979,33512.741325999,
ARE,United Arab Emirates,1980,42764.4566639901,
ARE,United Arab Emirates,1981,44987.2097966579,
ARE,United Arab Emirates,1982,40026.1662502465,
ARE,United Arab Emirates,1983,34843.1028997611,
ARE,United Arab Emirates,1984,32309.8077436844,
ARE,United Arab Emirates,1985,29720.9194734633,
ARE,United Arab Emirates,1986,23467.9766691997,
ARE,United Arab Emirates,1987,23726.1523330469,
ARE,United Arab Emirates,1988,22295.1461115987,
ARE,United Arab Emirates,1989,24028.1928780116,
ARE,United Arab Emirates,1990,27729.4664216648,
ARE,United Arab Emirates,1991,26612.3355369691,
ARE,United Arab Emirates,1992,26420.8727534823,
ARE,United Arab Emirates,1993,25596.6922747864,
ARE,United Arab Emirates,1994,25847.9261239252,
ARE,United Arab Emirates,1995,27222.0358561647,
ARE,United Arab Emirates,1996,28975.0229000791,
ARE,United Arab Emirates,1997,29512.6637440248,
ARE,United Arab Emirates,1998,26899.601766231,
ARE,United Arab Emirates,1999,28470.8378632746,
ARE,United Arab Emirates,2000,33291.419366353,
ARE,United Arab Emirates,2001,31280.7842785952,
ARE,United Arab Emirates,2002,31567.4737120596,
ARE,United Arab Emirates,2003,33499.0937513705,
ARE,United Arab Emirates,2004,36333.2498445266,
ARE,United Arab Emirates,2005,39365.4339019123,
ARE,United Arab Emirates,2006,41907.405655968,
ARE,United Arab Emirates,2007,41809.516382842,
ARE,United Arab Emirates,2008,44498.9342301633,
ARE,United Arab Emirates,2009,32024.1816031187,
ARE,United Arab Emirates,2010,33893.303514039,
ARE,United Arab Emirates,2011,39194.6766208456,
ARE,United Arab Emirates,2012,40976.4997112455,
ARE,United Arab Emirates,2013,42412.6302780364,
ARE,United Arab Emirates,2014,43751.8388860721,
ARE,United Arab Emirates,2015,38663.3838066363,
ARE,United Arab Emirates,2016,38141.8467585492,
ARE,United Arab Emirates,2017,40644.804043392,
ARE,United Arab Emirates,2018,43839.3563491413,
ARE,United Arab Emirates,2019,43103.3230583165,
ARG,Argentina,1962,1155.89017025099,
ARG,Argentina,1963,850.30473690206,
ARG,Argentina,1964,1173.23821277123,
ARG,Argentina,1965,1279.11343214531,
ARG,Argentina,1966,1272.80297767396,
ARG,Argentina,1967,1062.54355190601,
ARG,Argentina,1968,1141.0804807929,
ARG,Argentina,1969,1329.05865921566,
ARG,Argentina,1970,1322.59080368944,1.4580899477005
ARG,Argentina,1971,1372.3743432739,
ARG,Argentina,1972,1408.86520848881,1.93620002269745
ARG,Argentina,1973,2097.02257902742,1.78051996231079
ARG,Argentina,1974,2844.86364753884,1.92351996898651
ARG,Argentina,1975,2027.33712384746,1.84360003471375
ARG,Argentina,1976,1948.22468587272,1.16563999652863
ARG,Argentina,1977,2129.70828089903,1.71984004974365
ARG,Argentina,1978,2146.36448309866,1.93554997444153
ARG,Argentina,1979,2520.92163373012,2.4002799987793
ARG,Argentina,1980,2758.83521210768,2.60715007781982
ARG,Argentina,1981,2776.32199028147,
ARG,Argentina,1982,2927.89756021605,1.59786999225616
ARG,Argentina,1983,3553.37775166279,1.61749994754791
ARG,Argentina,1984,2659.70860023312,2.56972002983093
ARG,Argentina,1985,2926.126969514,1.36186003684998
ARG,Argentina,1986,3613.62170927636,1.261549949646
ARG,Argentina,1987,3562.87560174521,1.28229999542236
ARG,Argentina,1988,3985.19121035849,
ARG,Argentina,1989,2383.86769311311,1.04612004756927
ARG,Argentina,1990,4333.48297312146,1.06737995147705
ARG,Argentina,1991,5735.36032735223,
ARG,Argentina,1992,6823.5376160468,
ARG,Argentina,1993,6969.11808781005,
ARG,Argentina,1994,7483.13968170844,
ARG,Argentina,1995,7408.70823818765,
ARG,Argentina,1996,7721.35454273963,3.73198008537292
ARG,Argentina,1997,8213.127199944791,
ARG,Argentina,1998,8289.50572933118,4.03986978530884
ARG,Argentina,1999,7774.73620280001,4.52167987823486
ARG,Argentina,2000,7708.10099605414,4.58030986785889
ARG,Argentina,2001,7208.3715665121,4.833740234375
ARG,Argentina,2002,2593.40415042466,4.01734018325806
ARG,Argentina,2003,3349.8061244115,3.53504991531372
ARG,Argentina,2004,4277.72135064389,3.48652005195618
ARG,Argentina,2005,5109.85132522621,3.86000990867615
ARG,Argentina,2006,5919.01203707753,4.12821006774902
ARG,Argentina,2007,7245.44831728945,4.46260023117065
ARG,Argentina,2008,9020.873098071939,4.84440994262695
ARG,Argentina,2009,8225.137176264119,5.53105020523071
ARG,Argentina,2010,10385.9644319555,5.01971006393433
ARG,Argentina,2011,12848.8641969705,5.29062986373901
ARG,Argentina,2012,13082.664325572,5.34582996368408
ARG,Argentina,2013,13080.2547323367,5.43661022186279
ARG,Argentina,2014,12334.7982453893,5.36144018173218
ARG,Argentina,2015,13789.060424772,5.77611017227173
ARG,Argentina,2016,12790.2424732447,5.54548978805542
ARG,Argentina,2017,14591.8633810541,5.46223020553589
ARG,Argentina,2018,11683.9496216363,
ARG,Argentina,2019,10006.1489736082,
ARM,Armenia,1990,637.854659491342,
ARM,Armenia,1991,590.121047267559,
ARM,Armenia,1992,369.632616583198,
ARM,Armenia,1993,357.203277745679,
ARM,Armenia,1994,400.515238080735,
ARM,Armenia,1995,456.375048663809,
ARM,Armenia,1996,504.058559449916,1.84843003749847
ARM,Armenia,1997,523.283068040748,
ARM,Armenia,1998,609.172437516102,
ARM,Armenia,1999,597.432514707894,2.23518991470337
ARM,Armenia,2000,622.742139063498,2.77273011207581
ARM,Armenia,2001,694.42322774468,2.46943998336792
ARM,Armenia,2002,783.240698647042,2.13504004478455
ARM,Armenia,2003,930.127321851799,2.1450400352478
ARM,Armenia,2004,1191.91901957402,2.48673009872437
ARM,Armenia,2005,1643.7530293611,2.71202993392944
ARM,Armenia,2006,2158.14369710179,2.71577000617981
ARM,Armenia,2007,3139.27749894333,3.01893997192383
ARM,Armenia,2008,4010.85724255226,3.17272996902466
ARM,Armenia,2009,2994.34254448509,3.84079003334045
ARM,Armenia,2010,3218.37270660563,3.24900007247925
ARM,Armenia,2011,3525.80474671153,3.14385008811951
ARM,Armenia,2012,3681.8574560431,2.77248001098633
ARM,Armenia,2013,3838.18580148382,2.65018010139465
ARM,Armenia,2014,3986.23162376713,2.24724006652832
ARM,Armenia,2015,3607.29669672271,2.80591011047363
ARM,Armenia,2016,3591.82927553023,2.75812005996704
ARM,Armenia,2017,3914.5012684128,2.70759010314941
ARM,Armenia,2018,4220.49027671249,
ARM,Armenia,2019,4622.73349328671,
ASM,American Samoa,2002,8700.067704807039,
ASM,American Samoa,2003,8856.54745899435,
ASM,American Samoa,2004,8578.94472277609,
ASM,American Samoa,2005,8444.981699741449,
ASM,American Samoa,2006,8391.561067217081,
ASM,American Samoa,2007,8909.449156172361,
ASM,American Samoa,2008,9792.66680581646,
ASM,American Samoa,2009,11961.2582255703,
ASM,American Samoa,2010,10271.2245225485,
ASM,American Samoa,2011,10294.3022651052,
ASM,American Samoa,2012,11568.7930012395,
ASM,American Samoa,2013,11505.3937142139,
ASM,American Samoa,2014,11507.2323493037,
ASM,American Samoa,2015,11843.3311832581,
ASM,American Samoa,2016,11696.9555623329,
ASM,American Samoa,2017,10823.4448040273,
ASM,American Samoa,2018,11466.6907058505,
ATG,Antigua and Barbuda,1977,1246.75032905458,
ATG,Antigua and Barbuda,1978,1416.5861996499,
ATG,Antigua and Barbuda,1979,1760.717634441,
ATG,Antigua and Barbuda,1980,2124.48115520353,
ATG,Antigua and Barbuda,1981,2392.26107515282,
ATG,Antigua and Barbuda,1982,2660.60115717135,
ATG,Antigua and Barbuda,1983,2947.93553600212,
ATG,Antigua and Barbuda,1984,3372.49289962607,
ATG,Antigua and Barbuda,1985,3899.32872843063,
ATG,Antigua and Barbuda,1986,4703.17940118439,
ATG,Antigua and Barbuda,1987,5463.24127633961,
ATG,Antigua and Barbuda,1988,6453.47700017448,
ATG,Antigua and Barbuda,1989,7076.42221194876,
ATG,Antigua and Barbuda,1990,7348.21294282384,
ATG,Antigua and Barbuda,1991,7601.84849106528,
ATG,Antigua and Barbuda,1992,7744.27491660046,
ATG,Antigua and Barbuda,1993,8136.16883983425,
ATG,Antigua and Barbuda,1994,8770.751630745081,
ATG,Antigua and Barbuda,1995,8406.59299171022,
ATG,Antigua and Barbuda,1996,9030.97529861385,
ATG,Antigua and Barbuda,1997,9492.03825604026,
ATG,Antigua and Barbuda,1998,9940.19163925206,
ATG,Antigua and Barbuda,1999,10260.5850219076,2.75396990776062
ATG,Antigua and Barbuda,2000,10920.8426880891,
ATG,Antigua and Barbuda,2001,10370.6711296076,
ATG,Antigua and Barbuda,2002,10404.4362134662,3.39427995681763
ATG,Antigua and Barbuda,2003,10789.950959787,
ATG,Antigua and Barbuda,2004,11446.6384702767,
ATG,Antigua and Barbuda,2005,12547.6130399103,
ATG,Antigua and Barbuda,2006,13989.7156660433,
ATG,Antigua and Barbuda,2007,15607.0898690088,
ATG,Antigua and Barbuda,2008,16024.3455512142,
ATG,Antigua and Barbuda,2009,14113.0772600466,2.51724004745483
ATG,Antigua and Barbuda,2010,13049.2570545735,
ATG,Antigua and Barbuda,2011,12746.2050243357,
ATG,Antigua and Barbuda,2012,13272.4413293826,
ATG,Antigua and Barbuda,2013,12909.7441775006,
ATG,Antigua and Barbuda,2014,13501.5809223367,
ATG,Antigua and Barbuda,2015,14286.0931598293,
ATG,Antigua and Barbuda,2016,15197.6174551735,
ATG,Antigua and Barbuda,2017,15383.4151884998,
ATG,Antigua and Barbuda,2018,16726.9808079479,
ATG,Antigua and Barbuda,2019,17790.309306815,
AUS,Australia,1960,1807.78571021206,
AUS,Australia,1961,1874.73210577126,
AUS,Australia,1962,1851.84185074588,
AUS,Australia,1963,1964.1504696359,
AUS,Australia,1964,2128.06835509202,
AUS,Australia,1965,2277.55839760436,
AUS,Australia,1966,2340.43868460617,
AUS,Australia,1967,2576.2845085275,
AUS,Australia,1968,2720.08260948799,
AUS,Australia,1969,2986.94950744786,
AUS,Australia,1970,3299.84320663058,
AUS,Australia,1971,3489.95229368358,
AUS,Australia,1972,3943.7876390397,
AUS,Australia,1973,4763.6283896816,
AUS,Australia,1974,6473.16515297326,
AUS,Australia,1975,6994.20992688909,
AUS,Australia,1976,7476.74874774519,
AUS,Australia,1977,7765.07054434927,
AUS,Australia,1978,8241.99727587296,6.00891017913818
AUS,Australia,1979,9281.52335605458,5.89693021774292
AUS,Australia,1980,10194.3187014782,5.65407991409302
AUS,Australia,1981,11833.7432115058,
AUS,Australia,1982,12766.5222521717,5.47975015640259
AUS,Australia,1983,11518.6685192068,5.37201023101807
AUS,Australia,1984,12431.9458488308,
AUS,Australia,1985,11437.6644609658,5.40542984008789
AUS,Australia,1986,11364.2394626146,5.28063011169434
AUS,Australia,1987,11624.5395871355,5.06994009017944
AUS,Australia,1988,14254.5575749384,4.91831016540527
AUS,Australia,1989,17798.3142378324,4.7491397857666
AUS,Australia,1990,18211.2745901556,4.67634010314941
AUS,Australia,1991,18821.4773892062,4.79478979110718
AUS,Australia,1992,18569.8127525565,4.69240999221802
AUS,Australia,1993,17634.2563519674,5.51652002334595
AUS,Australia,1994,18046.0202439789,5.2547402381897
AUS,Australia,1995,20319.6306283956,5.14390993118286
AUS,Australia,1996,21861.32550987,5.24097013473511
AUS,Australia,1997,23468.5968306374,
AUS,Australia,1998,21318.9641694318,
AUS,Australia,1999,20533.035061907,
AUS,Australia,2000,21679.2478424147,4.89146995544434
AUS,Australia,2001,19490.8611097303,
AUS,Australia,2002,20082.4832672749,
AUS,Australia,2003,23447.0310006717,
AUS,Australia,2004,30430.6764374443,
AUS,Australia,2005,33999.2428575835,4.91029977798462
AUS,Australia,2006,36044.9228108485,4.75019979476929
AUS,Australia,2007,40960.0544948199,4.66089010238647
AUS,Australia,2008,49601.6567082178,4.63776016235352
AUS,Australia,2009,42772.3591664498,5.08582019805908
AUS,Australia,2010,52022.1255961876,5.55005979537964
AUS,Australia,2011,62517.8337471503,5.07451009750366
AUS,Australia,2012,68012.14790059339,4.86899995803833
AUS,Australia,2013,68150.10704132151,5.22974014282227
AUS,Australia,2014,62510.7911705641,5.16477012634277
AUS,Australia,2015,56755.7217124249,5.31127023696899
AUS,Australia,2016,49971.131456129,5.276780128479
AUS,Australia,2017,54066.4712686117,5.12424993515015
AUS,Australia,2018,57395.9194663167,
AUS,Australia,2019,54907.1019101424,
AUT,Austria,1960,935.460426850415,
AUT,Austria,1961,1031.8150043291,
AUT,Austria,1962,1087.8342434189,
AUT,Austria,1963,1167.00053244585,
AUT,Austria,1964,1269.41258289256,
AUT,Austria,1965,1374.53213986075,
AUT,Austria,1966,1486.96860600566,
AUT,Austria,1967,1569.66718289967,
AUT,Austria,1968,1677.67352804272,
AUT,Austria,1969,1825.38612552124,
AUT,Austria,1970,2058.76907922607,4.14716005325317
AUT,Austria,1971,2380.97844333246,4.28235006332397
AUT,Austria,1972,2924.04887110057,4.45015001296997
AUT,Austria,1973,3890.72245647634,4.51547002792358
AUT,Austria,1974,4630.7572070671,4.65594005584717
AUT,Austria,1975,5285.62072414121,5.12796020507813
AUT,Austria,1976,5678.38663782273,5.23765993118286
AUT,Austria,1977,6810.6277286986,4.95401000976563
AUT,Austria,1978,8205.468927028231,5.1597900390625
AUT,Austria,1979,9793.76530724628,5.03815984725952
AUT,Austria,1980,10869.5464236099,5.00896978378296
AUT,Austria,1981,9385.24901832146,5.36780977249146
AUT,Austria,1982,9410.347224579849,5.36298990249634
AUT,Austria,1983,9537.407430564141,5.30378007888794
AUT,Austria,1984,8991.065076010171,5.29446983337402
AUT,Austria,1985,9172.096768809761,5.29721021652222
AUT,Austria,1986,13083.0726978243,5.49995994567871
AUT,Austria,1987,16392.7695665813,5.3761100769043
AUT,Austria,1988,17578.6189397397,5.19073009490967
AUT,Austria,1989,17468.9461918554,5.01816987991333
AUT,Austria,1990,21680.9896863626,4.95725011825562
AUT,Austria,1991,22410.9117362704,5.10321998596191
AUT,Austria,1992,24880.164070125,5.2969799041748
AUT,Austria,1993,24081.5278077646,5.2519998550415
AUT,Austria,1994,25646.7006591684,
AUT,Austria,1995,30325.8495818396,5.42834997177124
AUT,Austria,1996,29809.0767730821,5.25990009307861
AUT,Austria,1997,26705.4785993891,
AUT,Austria,1998,27361.8751106437,6.10374021530151
AUT,Austria,1999,27174.2971559775,6.11233997344971
AUT,Austria,2000,24564.4582948404,5.58880996704102
AUT,Austria,2001,24537.5142629883,5.57547998428345
AUT,Austria,2002,26401.7454564357,5.52213001251221
AUT,Austria,2003,32222.8972411655,5.36183023452759
AUT,Austria,2004,36821.5214680093,5.30243015289307
AUT,Austria,2005,38403.1338770715,5.24937009811401
AUT,Austria,2006,40635.2818159724,5.22652006149292
AUT,Austria,2007,46855.7717452095,5.14690017700195
AUT,Austria,2008,51708.7657541758,5.26395988464355
AUT,Austria,2009,47963.1794023217,5.73024988174438
AUT,Austria,2010,46858.0432733717,5.70047998428345
AUT,Austria,2011,51374.9584066934,5.59226989746094
AUT,Austria,2012,48567.69528642,5.48040008544922
AUT,Austria,2013,50716.7087062864,5.54711008071899
AUT,Austria,2014,51717.4959405515,5.44761991500854
AUT,Austria,2015,44178.0473777432,5.45658016204834
AUT,Austria,2016,45237.8050921543,5.48435020446777
AUT,Austria,2017,47549.0790402349,5.35803985595703
AUT,Austria,2018,51525.0464342791,
AUT,Austria,2019,50277.2750874213,
AZE,Azerbaijan,1990,1237.324491677,
AZE,Azerbaijan,1991,1209.23749284959,
AZE,Azerbaijan,1992,676.15151145252,6.05797004699707
AZE,Azerbaijan,1993,529.813661843287,
AZE,Azerbaijan,1994,436.216868966934,
AZE,Azerbaijan,1995,397.198116117247,3.33736991882324
AZE,Azerbaijan,1996,409.210755159618,3.51256990432739
AZE,Azerbaijan,1997,505.563774721979,
AZE,Azerbaijan,1998,561.907035403795,3.38001990318298
AZE,Azerbaijan,1999,573.893296585846,4.21214008331299
AZE,Azerbaijan,2000,655.097432602586,3.85399007797241
AZE,Azerbaijan,2001,703.683843432722,3.50342011451721
AZE,Azerbaijan,2002,763.080637985358,3.15445995330811
AZE,Azerbaijan,2003,883.64399654717,3.2861499786377
AZE,Azerbaijan,2004,1045.00937916805,3.44770002365112
AZE,Azerbaijan,2005,1578.40239029603,2.97462010383606
AZE,Azerbaijan,2006,2473.08181863536,2.55552005767822
AZE,Azerbaijan,2007,3851.43786871172,2.5492799282074
AZE,Azerbaijan,2008,5574.60380218613,2.44092988967896
AZE,Azerbaijan,2009,4950.29479142375,3.22430992126465
AZE,Azerbaijan,2010,5842.80578358576,2.78062009811401
AZE,Azerbaijan,2011,7189.69122920765,2.43564009666443
AZE,Azerbaijan,2012,7496.29464768263,2.06763005256653
AZE,Azerbaijan,2013,7875.75695254288,2.44213008880615
AZE,Azerbaijan,2014,7891.31314749986,2.63303995132446
AZE,Azerbaijan,2015,5500.31038244408,2.95167994499207
AZE,Azerbaijan,2016,3880.73873089556,2.90340995788574
AZE,Azerbaijan,2017,4147.08971569171,2.47381997108459
AZE,Azerbaijan,2018,4739.84171028393,2.45543003082275
AZE,Azerbaijan,2019,4793.58701966989,
BDI,Burundi,1960,70.05173463829711,
BDI,Burundi,1961,71.1671882088235,
BDI,Burundi,1962,73.43530556137419,
BDI,Burundi,1963,78.51432941340769,
BDI,Burundi,1964,86.1616064554289,
BDI,Burundi,1965,51.3818646529604,
BDI,Burundi,1966,52.1826504510569,
BDI,Burundi,1967,54.8063925802522,
BDI,Burundi,1968,54.9008114351917,
BDI,Burundi,1969,55.7150155029885,
BDI,Burundi,1970,69.7693039666795,
BDI,Burundi,1971,71.62677070668489,
BDI,Burundi,1972,69.13940167751591,
BDI,Burundi,1973,84.4186415543161,
BDI,Burundi,1974,94.6853216373742,
BDI,Burundi,1975,113.753125382792,
BDI,Burundi,1976,118.914901523597,
BDI,Burundi,1977,142.053020747619,
BDI,Burundi,1978,154.51619504879,
BDI,Burundi,1979,193.150202300501,2.80335998535156
BDI,Burundi,1980,221.231835357164,
BDI,Burundi,1981,227.128120029126,3.34676003456116
BDI,Burundi,1982,231.343852311749,
BDI,Burundi,1983,240.782292084297,
BDI,Burundi,1984,213.616517780925,
BDI,Burundi,1985,242.058249056633,
BDI,Burundi,1986,245.915428142175,
BDI,Burundi,1987,225.071699645207,
BDI,Burundi,1988,209.415063423685,
BDI,Burundi,1989,209.894412605431,
BDI,Burundi,1990,208.146755438253,3.35932993888855
BDI,Burundi,1991,209.777897917403,3.49365997314453
BDI,Burundi,1992,190.489013951092,3.8058500289917
BDI,Burundi,1993,161.887552946887,
BDI,Burundi,1994,156.812301230653,4.565269947052
BDI,Burundi,1995,167.098915756122,5.01511001586914
BDI,Burundi,1996,143.402300109205,4.08324003219604
BDI,Burundi,1997,158.914669880487,
BDI,Burundi,1998,144.493064021934,
BDI,Burundi,1999,128.939083280584,3.41744995117188
BDI,Burundi,2000,136.46397080034,2.64547991752625
BDI,Burundi,2001,134.363447507999,2.90390992164612
BDI,Burundi,2002,123.117627963477,3.00493001937866
BDI,Burundi,2003,113.567366369381,
BDI,Burundi,2004,128.336612834582,3.74496006965637
BDI,Burundi,2005,151.681463366485,3.632159948349
BDI,Burundi,2006,167.376484505492,
BDI,Burundi,2007,172.495859926837,
BDI,Burundi,2008,198.352900555063,5.19290018081665
BDI,Burundi,2009,212.136880390025,6.17194986343384
BDI,Burundi,2010,234.235646874999,6.77524995803833
BDI,Burundi,2011,249.577979366801,6.31925010681152
BDI,Burundi,2012,252.358979858344,6.16786003112793
BDI,Burundi,2013,256.976002796754,5.99535989761353
BDI,Burundi,2014,274.857947913846,6.78452014923096
BDI,Burundi,2015,305.549772797441,6.37054014205933
BDI,Burundi,2016,282.193130404814,4.69199991226196
BDI,Burundi,2017,292.997630684415,4.76202011108398
BDI,Burundi,2018,271.752044376648,5.07864999771118
BDI,Burundi,2019,261.247472515742,
BEL,Belgium,1960,1273.69165910289,
BEL,Belgium,1961,1350.19767333123,
BEL,Belgium,1962,1438.5232330684,
BEL,Belgium,1963,1535.02372901043,
BEL,Belgium,1964,1701.84627554319,
BEL,Belgium,1965,1835.59476553194,
BEL,Belgium,1966,1957.62608042762,
BEL,Belgium,1967,2086.63600544654,
BEL,Belgium,1968,2222.36151051913,
BEL,Belgium,1969,2458.08182003773,
BEL,Belgium,1970,2765.89100500352,
BEL,Belgium,1971,3082.92795478787,
BEL,Belgium,1972,3831.63188111892,
BEL,Belgium,1973,4900.96220075866,
BEL,Belgium,1974,5733.79817113108,
BEL,Belgium,1975,6701.37731575805,5.76281976699829
BEL,Belgium,1976,7243.04736248138,5.73104000091553
BEL,Belgium,1977,8426.94694802457,5.98883008956909
BEL,Belgium,1978,10289.7683522401,5.43633985519409
BEL,Belgium,1979,11810.6158754725,5.38035011291504
BEL,Belgium,1980,12864.0025381557,5.31063985824585
BEL,Belgium,1981,10622.8024610384,5.4353199005127
BEL,Belgium,1982,9343.86114438601,5.31673002243042
BEL,Belgium,1983,8846.23425844371,
BEL,Belgium,1984,8457.268774828781,
BEL,Belgium,1985,8750.818546963301,
BEL,Belgium,1986,12170.0406871135,4.85229015350342
BEL,Belgium,1987,15135.8522679087,4.57712984085083
BEL,Belgium,1988,16391.0938167111,4.30072021484375
BEL,Belgium,1989,16525.0617844916,
BEL,Belgium,1990,20600.3752547608,
BEL,Belgium,1991,21041.6606401567,
BEL,Belgium,1992,23372.6191335431,
BEL,Belgium,1993,22283.9360097924,5.37231016159058
BEL,Belgium,1994,24208.5548408211,5.41103982925415
BEL,Belgium,1995,28413.8264387368,2.98866009712219
BEL,Belgium,1996,27489.5551770488,3.04947996139526
BEL,Belgium,1997,24820.9380503896,
BEL,Belgium,1998,25338.4432934904,
BEL,Belgium,1999,25244.2750474813,
BEL,Belgium,2000,23041.5347290428,
BEL,Belgium,2001,22995.1575247288,
BEL,Belgium,2002,24887.5613341833,
BEL,Belgium,2003,30587.6684093796,
BEL,Belgium,2004,35364.3753314368,
BEL,Belgium,2005,36795.9768819639,5.79585981369019
BEL,Belgium,2006,38672.7059429767,
BEL,Belgium,2007,44262.8960009954,
BEL,Belgium,2008,48106.892915788,6.33294010162354
BEL,Belgium,2009,44583.5448070814,6.45809984207153
BEL,Belgium,2010,44141.8781415734,6.44259023666382
BEL,Belgium,2011,47348.5250202016,6.43199014663696
BEL,Belgium,2012,44673.1158755901,
BEL,Belgium,2013,46744.6625441516,6.63052988052368
BEL,Belgium,2014,47700.5403601178,6.59046983718872
BEL,Belgium,2015,40991.8081381432,6.4515700340271
BEL,Belgium,2016,41998.335750239,6.45953989028931
BEL,Belgium,2017,44288.5080403124,6.41228008270264
BEL,Belgium,2018,47491.3232594693,
BEL,Belgium,2019,46116.69923368,
BEN,Benin,1960,93.0225089907107,
BEN,Benin,1961,95.5721547147448,
BEN,Benin,1962,94.4645349843821,
BEN,Benin,1963,99.8591138855553,
BEN,Benin,1964,104.339768039886,
BEN,Benin,1965,110.132793835113,
BEN,Benin,1966,112.940836383512,
BEN,Benin,1967,111.951601925238,
BEN,Benin,1968,116.89506602186,
BEN,Benin,1969,116.025094341185,
BEN,Benin,1970,114.556596466987,
BEN,Benin,1971,112.570089087637,
BEN,Benin,1972,134.819407935009,
BEN,Benin,1973,161.987373671434,
BEN,Benin,1974,174.014149085561,
BEN,Benin,1975,207.300439745473,
BEN,Benin,1976,208.656153830514,
BEN,Benin,1977,218.4543657692,
BEN,Benin,1978,263.581057550946,
BEN,Benin,1979,327.821677993792,
BEN,Benin,1980,378.043898303902,
BEN,Benin,1981,337.978194739187,
BEN,Benin,1982,322.77769945337,
BEN,Benin,1983,271.129240225224,
BEN,Benin,1984,252.869785044788,
BEN,Benin,1985,244.410998858469,
BEN,Benin,1986,303.348897858296,
BEN,Benin,1987,344.503070791789,
BEN,Benin,1988,346.736037681422,
BEN,Benin,1989,311.678303860822,
BEN,Benin,1990,393.686214423531,
BEN,Benin,1991,385.753616012638,
BEN,Benin,1992,317.962855286116,
BEN,Benin,1993,411.926030522283,
BEN,Benin,1994,279.666504326806,
BEN,Benin,1995,367.387341032599,
BEN,Benin,1996,387.432924636251,
BEN,Benin,1997,361.100269794441,
BEN,Benin,1998,379.442353954477,2.74788999557495
BEN,Benin,1999,551.619386872717,1.92193996906281
BEN,Benin,2000,511.40022696311,2.11366009712219
BEN,Benin,2001,517.614229562716,2.36509990692139
BEN,Benin,2002,572.22879536799,2.15949010848999
BEN,Benin,2003,709.6905331557861,2.28315997123718
BEN,Benin,2004,797.3126800146611,2.56690001487732
BEN,Benin,2005,822.4578309306251,2.6566801071167
BEN,Benin,2006,855.294039238491,2.56340003013611
BEN,Benin,2007,964.926944015568,2.36331009864807
BEN,Benin,2008,1120.88827324575,2.77728009223938
BEN,Benin,2009,1084.39390022006,3.08927011489868
BEN,Benin,2010,1036.53395164469,3.67997002601624
BEN,Benin,2011,1130.27313181143,
BEN,Benin,2012,1145.14081099947,3.56202006340027
BEN,Benin,2013,1251.21051783537,3.3275101184845
BEN,Benin,2014,1291.40980818577,3.161789894104
BEN,Benin,2015,1076.79771601166,3.17298007011414
BEN,Benin,2016,1087.28783152256,2.89910006523132
BEN,Benin,2017,1136.59284704681,3.53558993339539
BEN,Benin,2018,1240.82946441954,2.93396997451782
BEN,Benin,2019,1219.43267185875,
BFA,Burkina Faso,1960,68.424748569325,
BFA,Burkina Faso,1961,71.558180092437,
BFA,Burkina Faso,1962,76.52061139870609,
BFA,Burkina Faso,1963,78.372071942432,
BFA,Burkina Faso,1964,80.4727667455189,
BFA,Burkina Faso,1965,81.7251154955019,
BFA,Burkina Faso,1966,82.5456368946943,
BFA,Burkina Faso,1967,84.36316494035449,
BFA,Burkina Faso,1968,84.7330493468762,
BFA,Burkina Faso,1969,86.52021111232349,
BFA,Burkina Faso,1970,81.4998986817011,
BFA,Burkina Faso,1971,84.2878150139644,
BFA,Burkina Faso,1972,99.3267640249866,
BFA,Burkina Faso,1973,113.780584338816,
BFA,Burkina Faso,1974,124.359030451525,
BFA,Burkina Faso,1975,152.728220114244,
BFA,Burkina Faso,1976,155.648997960296,
BFA,Burkina Faso,1977,176.783367666295,
BFA,Burkina Faso,1978,225.941652537233,1.67982995510101
BFA,Burkina Faso,1979,262.076009642159,
BFA,Burkina Faso,1980,282.685735299595,1.9617999792099
BFA,Burkina Faso,1981,254.230780675111,
BFA,Burkina Faso,1982,245.09470243903,
BFA,Burkina Faso,1983,217.994750842831,1.75448000431061
BFA,Burkina Faso,1984,193.843240284709,
BFA,Burkina Faso,1985,200.8944225118,1.76396000385284
BFA,Burkina Faso,1986,256.762318808596,
BFA,Burkina Faso,1987,291.131963880905,
BFA,Burkina Faso,1988,313.061891095721,1.42607998847961
BFA,Burkina Faso,1989,304.853438781463,
BFA,Burkina Faso,1990,351.979322852536,
BFA,Burkina Faso,1991,346.410672442444,
BFA,Burkina Faso,1992,240.963480980403,
BFA,Burkina Faso,1993,244.127073499416,
BFA,Burkina Faso,1994,193.070236298833,3.45110011100769
BFA,Burkina Faso,1995,235.832197299769,
BFA,Burkina Faso,1996,249.360294415648,1.44026005268097
BFA,Burkina Faso,1997,229.493117735387,
BFA,Burkina Faso,1998,255.7182333817,
BFA,Burkina Faso,1999,298.228173964098,
BFA,Burkina Faso,2000,254.71752910271,
BFA,Burkina Faso,2001,266.864155700802,
BFA,Burkina Faso,2002,293.280746694164,
BFA,Burkina Faso,2003,373.787629424466,
BFA,Burkina Faso,2004,417.627063658882,
BFA,Burkina Faso,2005,457.751545461446,3.94113993644714
BFA,Burkina Faso,2006,473.029184890069,3.98218989372253
BFA,Burkina Faso,2007,534.355886396282,4.07983016967773
BFA,Burkina Faso,2008,640.810877444643,
BFA,Burkina Faso,2009,621.6731033842819,
BFA,Burkina Faso,2010,647.835846453449,3.50222992897034
BFA,Burkina Faso,2011,751.1729572476989,3.98515009880066
BFA,Burkina Faso,2012,758.000701423857,3.60315990447998
BFA,Burkina Faso,2013,787.47017629755,4.08343982696533
BFA,Burkina Faso,2014,792.846778432074,4.05329990386963
BFA,Burkina Faso,2015,653.32697954543,3.67008996009827
BFA,Burkina Faso,2016,687.670174974205,
BFA,Burkina Faso,2017,738.274158940081,5.60346984863281
BFA,Burkina Faso,2018,820.160793810547,5.38379001617432
BFA,Burkina Faso,2019,774.8396902346,
BGD,Bangladesh,1960,89.0352412832723,
BGD,Bangladesh,1961,97.5952739108149,
BGD,Bangladesh,1962,100.12211579079,
BGD,Bangladesh,1963,101.901414464052,
BGD,Bangladesh,1964,100.221113507985,
BGD,Bangladesh,1965,106.64664823646,
BGD,Bangladesh,1966,112.665358839312,
BGD,Bangladesh,1967,122.870630560939,
BGD,Bangladesh,1968,122.847593497904,
BGD,Bangladesh,1969,135.147381311241,
BGD,Bangladesh,1970,140.002714037943,
BGD,Bangladesh,1971,133.551423017287,
BGD,Bangladesh,1972,94.38167846278949,
BGD,Bangladesh,1973,119.559743375323,
BGD,Bangladesh,1974,182.019989366781,
BGD,Bangladesh,1975,277.570640891354,
BGD,Bangladesh,1976,141.197168777034,
BGD,Bangladesh,1977,131.373243400085,
BGD,Bangladesh,1978,176.03394976502,
BGD,Bangladesh,1979,200.769664090984,1.13092994689941
BGD,Bangladesh,1980,227.751946526218,.937600016593933
BGD,Bangladesh,1981,247.649619808649,1.07149994373322
BGD,Bangladesh,1982,220.718810111852,1.01163995265961
BGD,Bangladesh,1983,204.417678191801,1.03267002105713
BGD,Bangladesh,1984,213.996657932288,1.22302997112274
BGD,Bangladesh,1985,245.453904178514,1.27118003368378
BGD,Bangladesh,1986,233.658047126004,1.34349000453949
BGD,Bangladesh,1987,253.974463110316,1.51364004611969
BGD,Bangladesh,1988,270.69960091549,
BGD,Bangladesh,1989,285.829214029315,
BGD,Bangladesh,1990,306.268703808998,1.51911997795105
BGD,Bangladesh,1991,293.160415517259,1.42566001415253
BGD,Bangladesh,1992,293.644998454253,1.63177001476288
BGD,Bangladesh,1993,300.555753175017,1.69262003898621
BGD,Bangladesh,1994,299.533039744954,
BGD,Bangladesh,1995,329.424084643072,
BGD,Bangladesh,1996,394.717475124248,
BGD,Bangladesh,1997,401.498690814147,1.95246994495392
BGD,Bangladesh,1998,407.429186160797,
BGD,Bangladesh,1999,409.543196853608,2.13281989097595
BGD,Bangladesh,2000,418.068968311378,2.12508010864258
BGD,Bangladesh,2001,415.034426620147,2.17193007469177
BGD,Bangladesh,2002,413.080254575162,2.01714992523193
BGD,Bangladesh,2003,446.310659190362,2.06939005851746
BGD,Bangladesh,2004,475.291919786935,1.94014000892639
BGD,Bangladesh,2005,499.461940239156,
BGD,Bangladesh,2006,509.640142873216,2.13128995895386
BGD,Bangladesh,2007,558.051860266708,2.20221996307373
BGD,Bangladesh,2008,634.987056467494,2.0545699596405
BGD,Bangladesh,2009,702.264410019296,1.9394199848175
BGD,Bangladesh,2010,781.153593557047,
BGD,Bangladesh,2011,861.758444349051,2.13269996643066
BGD,Bangladesh,2012,883.105000541313,2.17549991607666
BGD,Bangladesh,2013,981.839879150399,1.96616005897522
BGD,Bangladesh,2014,1118.8536634927,
BGD,Bangladesh,2015,1248.45339778371,
BGD,Bangladesh,2016,1401.62046644588,1.53553998470306
BGD,Bangladesh,2017,1563.91385693051,
BGD,Bangladesh,2018,1698.35039428122,
BGD,Bangladesh,2019,1855.73982408046,1.32632005214691
BGR,Bulgaria,1980,2238.80295786574,3.52947998046875
BGR,Bulgaria,1981,2234.81481573125,
BGR,Bulgaria,1982,2169.00401089683,
BGR,Bulgaria,1983,1852.81343442802,
BGR,Bulgaria,1984,1963.57267618274,
BGR,Bulgaria,1985,1914.55064658793,
BGR,Bulgaria,1986,2260.4272811545,
BGR,Bulgaria,1987,3132.30136036246,
BGR,Bulgaria,1988,2511.39306259489,
BGR,Bulgaria,1989,2477.0208179596,
BGR,Bulgaria,1990,2366.52982128614,4.45406007766724
BGR,Bulgaria,1991,1267.73437541485,5.42961978912354
BGR,Bulgaria,1992,1211.98087810931,5.26045989990234
BGR,Bulgaria,1993,1278.24717346108,4.95048999786377
BGR,Bulgaria,1994,1148.4943993817,4.1706600189209
BGR,Bulgaria,1995,2258.28601787597,2.37207007408142
BGR,Bulgaria,1996,1470.10370331004,2.23007988929749
BGR,Bulgaria,1997,1361.3923860059,
BGR,Bulgaria,1998,1820.40509424896,2.73942995071411
BGR,Bulgaria,1999,1659.71834595525,
BGR,Bulgaria,2000,1621.24296080247,
BGR,Bulgaria,2001,1770.91353394746,3.38423991203308
BGR,Bulgaria,2002,2092.95769387611,3.38608002662659
BGR,Bulgaria,2003,2719.49765607059,3.99845004081726
BGR,Bulgaria,2004,3389.70704883102,2.31995010375977
BGR,Bulgaria,2005,3899.90763774017,4.10879993438721
BGR,Bulgaria,2006,4523.0508329806,3.90346002578735
BGR,Bulgaria,2007,5885.10434781837,3.68264007568359
BGR,Bulgaria,2008,7265.73549682997,4.2223801612854
BGR,Bulgaria,2009,6984.96597556864,4.27628993988037
BGR,Bulgaria,2010,6809.89898414354,3.88239002227783
BGR,Bulgaria,2011,7806.34865242499,3.56643009185791
BGR,Bulgaria,2012,7393.1891769154,3.49484992027283
BGR,Bulgaria,2013,7651.8178806676,4.07420015335083
BGR,Bulgaria,2014,7874.26090425646,
BGR,Bulgaria,2015,7053.60370638709,
BGR,Bulgaria,2016,7545.79033249799,
BGR,Bulgaria,2017,8331.0580246026,4.09250020980835
BGR,Bulgaria,2018,9423.558611566599,
BGR,Bulgaria,2019,9737.601350833471,
BHR,Bahrain,1980,8537.92937933215,
BHR,Bahrain,1981,9269.269616529909,
BHR,Bahrain,1982,9446.158001946011,
BHR,Bahrain,1983,9421.2856547764,
BHR,Bahrain,1984,9590.73020168943,
BHR,Bahrain,1985,8706.76660148502,
BHR,Bahrain,1986,7041.60195861695,
BHR,Bahrain,1987,7555.10046448055,
BHR,Bahrain,1988,7958.74792458539,
BHR,Bahrain,1989,8030.90465921389,
BHR,Bahrain,1990,8528.983334460951,
BHR,Bahrain,1991,9055.679936156859,
BHR,Bahrain,1992,9082.75853260694,
BHR,Bahrain,1993,9698.18906295446,
BHR,Bahrain,1994,10130.5052329617,
BHR,Bahrain,1995,10376.9717049211,
BHR,Bahrain,1996,10544.7035702291,
BHR,Bahrain,1997,10672.166005162,
BHR,Bahrain,1998,10076.2206220379,
BHR,Bahrain,1999,10401.5458114095,
BHR,Bahrain,2000,13636.3962320368,
BHR,Bahrain,2001,12868.269156127,
BHR,Bahrain,2002,13049.8032204458,
BHR,Bahrain,2003,14222.0367965749,
BHR,Bahrain,2004,15846.5441389804,
BHR,Bahrain,2005,17959.2554402285,
BHR,Bahrain,2006,19307.609663318,2.87440991401672
BHR,Bahrain,2007,20976.5435328438,2.57500004768372
BHR,Bahrain,2008,23066.5337586893,2.49677991867065
BHR,Bahrain,2009,19355.9046720264,
BHR,Bahrain,2010,20722.1372891347,
BHR,Bahrain,2011,22514.2379458146,
BHR,Bahrain,2012,23654.3513912828,2.64530992507935
BHR,Bahrain,2013,24744.296958551,2.47689008712769
BHR,Bahrain,2014,24989.4001204704,2.46745991706848
BHR,Bahrain,2015,22688.9443998144,2.66808009147644
BHR,Bahrain,2016,22619.1166718849,
BHR,Bahrain,2017,23709.430467983,2.32781004905701
BHR,Bahrain,2018,23991.05667694,
BHR,Bahrain,2019,23503.977126673,
BHS,"Bahamas, The",1960,1550.23939204838,
BHS,"Bahamas, The",1961,1651.28898476982,
BHS,"Bahamas, The",1962,1752.85448101663,
BHS,"Bahamas, The",1963,1867.02501228387,
BHS,"Bahamas, The",1964,1994.38083200582,
BHS,"Bahamas, The",1965,2144.7544025214,
BHS,"Bahamas, The",1966,2322.68994821768,
BHS,"Bahamas, The",1967,2556.65101842073,
BHS,"Bahamas, The",1968,2804.33387615547,
BHS,"Bahamas, The",1969,3215.09517923126,
BHS,"Bahamas, The",1970,3178.84455205025,
BHS,"Bahamas, The",1971,3297.50588018794,
BHS,"Bahamas, The",1972,3322.16387617645,
BHS,"Bahamas, The",1973,3696.07254416942,
BHS,"Bahamas, The",1974,3416.1624891962,
BHS,"Bahamas, The",1975,3156.23411824496,
BHS,"Bahamas, The",1976,3328.51240740453,
BHS,"Bahamas, The",1977,3617.43471621149,
BHS,"Bahamas, The",1978,4131.46844816804,
BHS,"Bahamas, The",1979,5533.43997592046,
BHS,"Bahamas, The",1980,6340.72681168711,
BHS,"Bahamas, The",1981,6624.838616795,
BHS,"Bahamas, The",1982,7168.09577444319,
BHS,"Bahamas, The",1983,7698.45924188303,
BHS,"Bahamas, The",1984,8877.31979836728,
BHS,"Bahamas, The",1985,9893.08417669176,
BHS,"Bahamas, The",1986,10344.4524866432,
BHS,"Bahamas, The",1987,11156.2820886994,
BHS,"Bahamas, The",1988,11387.709081798,
BHS,"Bahamas, The",1989,12163.6813608069,
BHS,"Bahamas, The",1990,12356.4238963715,
BHS,"Bahamas, The",1991,11919.7878992215,
BHS,"Bahamas, The",1992,11686.6958113589,
BHS,"Bahamas, The",1993,11406.6898096057,
BHS,"Bahamas, The",1994,11814.5631983063,
BHS,"Bahamas, The",1995,12238.3862033521,
BHS,"Bahamas, The",1996,12708.730958032,
BHS,"Bahamas, The",1997,22036.4841069328,
BHS,"Bahamas, The",1998,23514.4203140432,
BHS,"Bahamas, The",1999,26130.1018152634,
BHS,"Bahamas, The",2000,27097.6108115725,2.23284006118774
BHS,"Bahamas, The",2001,27486.2367737544,
BHS,"Bahamas, The",2002,28866.8010141065,
BHS,"Bahamas, The",2003,28327.2708691945,
BHS,"Bahamas, The",2004,28395.9246646221,
BHS,"Bahamas, The",2005,30278.3669222647,
BHS,"Bahamas, The",2006,30713.7052801382,
BHS,"Bahamas, The",2007,31472.09897181,
BHS,"Bahamas, The",2008,30627.2386311725,
BHS,"Bahamas, The",2009,28552.1904783698,
BHS,"Bahamas, The",2010,28443.4076553352,
BHS,"Bahamas, The",2011,28006.3797183913,
BHS,"Bahamas, The",2012,29485.6209294138,
BHS,"Bahamas, The",2013,28768.0298936727,
BHS,"Bahamas, The",2014,29445.030528852,
BHS,"Bahamas, The",2015,31405.9635601781,
BHS,"Bahamas, The",2016,31588.8349989813,
BHS,"Bahamas, The",2017,31827.2426989661,
BHS,"Bahamas, The",2018,32217.871590084,
BHS,"Bahamas, The",2019,32933.4860147581,
BIH,Bosnia and Herzegovina,1994,319.013035138564,
BIH,Bosnia and Herzegovina,1995,487.476777199738,
BIH,Bosnia and Herzegovina,1996,740.098506846976,
BIH,Bosnia and Herzegovina,1997,982.801849065598,
BIH,Bosnia and Herzegovina,1998,1102.39098330014,
BIH,Bosnia and Herzegovina,1999,1251.74726073687,
BIH,Bosnia and Herzegovina,2000,1467.77647716048,
BIH,Bosnia and Herzegovina,2001,1530.81481604112,
BIH,Bosnia and Herzegovina,2002,1769.19982792241,
BIH,Bosnia and Herzegovina,2003,2224.7458643849,
BIH,Bosnia and Herzegovina,2004,2814.9998948741,
BIH,Bosnia and Herzegovina,2005,2980.60210893151,
BIH,Bosnia and Herzegovina,2006,3416.51059575812,
BIH,Bosnia and Herzegovina,2007,4193.3736517833,
BIH,Bosnia and Herzegovina,2008,5090.93234464687,
BIH,Bosnia and Herzegovina,2009,4714.7024950516,
BIH,Bosnia and Herzegovina,2010,4635.51777931783,
BIH,Bosnia and Herzegovina,2011,5092.55194328895,
BIH,Bosnia and Herzegovina,2012,4778.63608845506,
BIH,Bosnia and Herzegovina,2013,5131.39450642932,
BIH,Bosnia and Herzegovina,2014,5329.63504488766,
BIH,Bosnia and Herzegovina,2015,4727.27754622207,
BIH,Bosnia and Herzegovina,2016,4994.68314045091,
BIH,Bosnia and Herzegovina,2017,5394.59122017677,
BIH,Bosnia and Herzegovina,2018,6072.18099160639,
BIH,Bosnia and Herzegovina,2019,6073.26520283208,
BLR,Belarus,1990,2124.84051428011,
BLR,Belarus,1991,1765.74455562095,
BLR,Belarus,1992,1667.68177731373,
BLR,Belarus,1993,1590.09588197453,
BLR,Belarus,1994,1460.0590758956,
BLR,Belarus,1995,1370.67655885011,
BLR,Belarus,1996,1452.44548758328,
BLR,Belarus,1997,1396.5017856782,
BLR,Belarus,1998,1511.77005267883,
BLR,Belarus,1999,1210.6117195862,6.00001001358032
BLR,Belarus,2000,1276.2880341,6.19661998748779
BLR,Belarus,2001,1244.37318523431,
BLR,Belarus,2002,1479.31458271677,
BLR,Belarus,2003,1819.76605926177,
BLR,Belarus,2004,2378.62328600741,5.7122597694397
BLR,Belarus,2005,3125.81053502853,5.8710298538208
BLR,Belarus,2006,3847.43412382153,6.07696008682251
BLR,Belarus,2007,4735.65760793999,5.15210008621216
BLR,Belarus,2008,6377.36973201232,
BLR,Belarus,2009,5351.35538243278,4.3689398765564
BLR,Belarus,2010,6029.3967998293,5.22003984451294
BLR,Belarus,2011,6519.23019498892,4.68479013442993
BLR,Belarus,2012,6940.15925359735,4.95964002609253
BLR,Belarus,2013,7978.87261471076,5.0094199180603
BLR,Belarus,2014,8318.512689926751,4.81830978393555
BLR,Belarus,2015,5949.10630699748,4.78751993179321
BLR,Belarus,2016,5022.62664330491,4.94654989242554
BLR,Belarus,2017,5761.74712023007,4.79499006271362
BLR,Belarus,2018,6330.0752464187,
BLR,Belarus,2019,6663.29529282582,
BLZ,Belize,1960,304.917107253962,
BLZ,Belize,1961,316.403606143266,
BLZ,Belize,1962,327.126867468401,
BLZ,Belize,1963,336.94146611457,
BLZ,Belize,1964,351.161126269562,
BLZ,Belize,1965,377.594305166182,
BLZ,Belize,1966,406.097967073577,
BLZ,Belize,1967,420.431888198165,
BLZ,Belize,1968,386.95323701087,
BLZ,Belize,1969,396.654306282497,
BLZ,Belize,1970,435.690469415558,
BLZ,Belize,1971,474.444216207405,
BLZ,Belize,1972,519.563507668109,
BLZ,Belize,1973,605.933440702651,
BLZ,Belize,1974,786.069092043881,
BLZ,Belize,1975,885.984529060044,
BLZ,Belize,1976,717.040182885396,
BLZ,Belize,1977,858.828081086803,
BLZ,Belize,1978,980.822509264923,
BLZ,Belize,1979,1074.27196489862,
BLZ,Belize,1980,1373.09300703606,
BLZ,Belize,1981,1328.8281491424,
BLZ,Belize,1982,1202.68202630831,
BLZ,Belize,1983,1232.83737826059,
BLZ,Belize,1984,1336.98758953632,
BLZ,Belize,1985,1289.36728897294,
BLZ,Belize,1986,1366.04972952188,
BLZ,Belize,1987,1612.451575183,
BLZ,Belize,1988,1787.95138342857,
BLZ,Belize,1989,2011.96872880293,
BLZ,Belize,1990,2197.18502331181,
BLZ,Belize,1991,2326.82155414173,
BLZ,Belize,1992,2666.88159980239,
BLZ,Belize,1993,2832.97532663367,
BLZ,Belize,1994,2880.12544625149,
BLZ,Belize,1995,2996.38292834951,
BLZ,Belize,1996,3001.83372023364,
BLZ,Belize,1997,2952.94859644372,
BLZ,Belize,1998,2992.4447542607,
BLZ,Belize,1999,3065.97967261955,5.44343996047974
BLZ,Belize,2000,3364.33293572974,5.02842998504639
BLZ,Belize,2001,3404.4530174898,5.79708003997803
BLZ,Belize,2002,3525.63858250311,
BLZ,Belize,2003,3650.36652129535,5.24905014038086
BLZ,Belize,2004,3802.29580765559,5.33630990982056
BLZ,Belize,2005,3883.19238900634,
BLZ,Belize,2006,4153.89473756475,
BLZ,Belize,2007,4252.48725022991,
BLZ,Belize,2008,4404.33083569354,5.77263021469116
BLZ,Belize,2009,4186.48996519998,6.17812013626099
BLZ,Belize,2010,4270.86434454699,6.71981000900269
BLZ,Belize,2011,4423.48979672175,
BLZ,Belize,2012,4505.62130177515,
BLZ,Belize,2013,4568.50295763852,6.42536020278931
BLZ,Belize,2014,4705.60268956266,6.61472988128662
BLZ,Belize,2015,4775.95564827821,6.8888897895813
BLZ,Belize,2016,4818.40390879479,7.28477001190186
BLZ,Belize,2017,4887.5772083381,7.50989007949829
BLZ,Belize,2018,4884.7341615523,7.56149005889893
BLZ,Belize,2019,4815.1637107951,
BMU,Bermuda,1960,1902.4021189224,
BMU,Bermuda,1961,1961.5381692465,
BMU,Bermuda,1962,2020.38596503345,
BMU,Bermuda,1963,2020.26524752445,
BMU,Bermuda,1964,2199.72700691179,
BMU,Bermuda,1965,2282.21654616239,
BMU,Bermuda,1966,2630.85046632946,
BMU,Bermuda,1967,2982.74970426108,
BMU,Bermuda,1968,2830.18867924528,
BMU,Bermuda,1969,3053.7037037037,
BMU,Bermuda,1970,3387.27272727273,
BMU,Bermuda,1971,3866.30036630037,
BMU,Bermuda,1972,4343.17343173432,
BMU,Bermuda,1973,5009.2936802974,4.10790014266968
BMU,Bermuda,1974,5853.93258426966,
BMU,Bermuda,1975,6509.43396226415,3.43442010879517
BMU,Bermuda,1976,7261.27819548872,
BMU,Bermuda,1977,8370.78651685393,
BMU,Bermuda,1978,8876.86567164179,
BMU,Bermuda,1979,9613.38289962825,
BMU,Bermuda,1980,11218.2178159868,
BMU,Bermuda,1981,13425.9769663942,
BMU,Bermuda,1982,14166.1712925391,
BMU,Bermuda,1983,15902.0203826211,
BMU,Bermuda,1984,17469.8255675877,
BMU,Bermuda,1985,18269.5355197019,3.03449010848999
BMU,Bermuda,1986,20450.6645289464,
BMU,Bermuda,1987,22411.7956749468,
BMU,Bermuda,1988,24253.1755188784,
BMU,Bermuda,1989,25517.9217212488,
BMU,Bermuda,1990,26841.5197383946,3.13619995117188
BMU,Bermuda,1991,27700.3095169516,3.15065002441406
BMU,Bermuda,1992,28669.6822595785,3.47604990005493
BMU,Bermuda,1993,30900.6948905109,
BMU,Bermuda,1994,31476.0631153068,
BMU,Bermuda,1995,33989.7223579821,
BMU,Bermuda,1996,44826.7890701658,
BMU,Bermuda,1997,48478.8832504091,
BMU,Bermuda,1998,51371.7408069836,2.15227007865906
BMU,Bermuda,1999,54245.459737293,
BMU,Bermuda,2000,56284.1686478094,
BMU,Bermuda,2001,58883.9594265967,
BMU,Bermuda,2002,62583.1002034588,
BMU,Bermuda,2003,66111.7252270036,1.6662700176239
BMU,Bermuda,2004,70359.3191088798,1.77587997913361
BMU,Bermuda,2005,75882.0338560339,1.98877000808716
BMU,Bermuda,2006,83912.6977976846,
BMU,Bermuda,2007,90849.58698064359,
BMU,Bermuda,2008,93605.7481653976,
BMU,Bermuda,2009,88463.31281613751,2.61519002914429
BMU,Bermuda,2010,88207.32755973221,2.64421010017395
BMU,Bermuda,2011,85973.158416455,
BMU,Bermuda,2012,85458.455507886,
BMU,Bermuda,2013,85748.0654143782,
BMU,Bermuda,2014,,1.78285002708435
BMU,Bermuda,2015,,1.69860005378723
BMU,Bermuda,2017,,1.50039005279541
BOL,Bolivia,1960,102.237890155986,
BOL,Bolivia,1961,109.061011508637,
BOL,Bolivia,1962,116.925152681732,
BOL,Bolivia,1963,123.429309527166,
BOL,Bolivia,1964,136.312430833969,
BOL,Bolivia,1965,149.640073856538,
BOL,Bolivia,1966,162.326054493388,
BOL,Bolivia,1967,179.583337089403,
BOL,Bolivia,1968,199.629799698863,
BOL,Bolivia,1969,211.797112677127,
BOL,Bolivia,1970,226.806971403988,
BOL,Bolivia,1971,239.128125040464,
BOL,Bolivia,1972,268.584130108623,
BOL,Bolivia,1973,263.892360103188,
BOL,Bolivia,1974,429.297647353188,
BOL,Bolivia,1975,480.803078321255,
BOL,Bolivia,1976,534.273494872353,
BOL,Bolivia,1977,617.3069473045809,
BOL,Bolivia,1978,703.136348152004,
BOL,Bolivia,1979,809.4112894271479,
BOL,Bolivia,1980,811.284863105057,
BOL,Bolivia,1981,1030.83341637842,
BOL,Bolivia,1982,960.9836129112909,
BOL,Bolivia,1983,913.975158799769,
BOL,Bolivia,1984,1019.05776244986,
BOL,Bolivia,1985,870.185648376456,
BOL,Bolivia,1986,627.398529309648,
BOL,Bolivia,1987,671.075125540651,
BOL,Bolivia,1988,698.692639903084,
BOL,Bolivia,1989,701.666147390148,
BOL,Bolivia,1990,709.05967248876,
BOL,Bolivia,1991,762.078033122078,
BOL,Bolivia,1992,788.151989829071,
BOL,Bolivia,1993,784.191739325258,
BOL,Bolivia,1994,801.046029656507,
BOL,Bolivia,1995,880.992224046171,
BOL,Bolivia,1996,950.856508392184,
BOL,Bolivia,1997,998.5153242276911,
BOL,Bolivia,1998,1049.49937364874,
BOL,Bolivia,1999,1003.39223063895,
BOL,Bolivia,2000,997.582459886835,
BOL,Bolivia,2001,948.871206629035,
BOL,Bolivia,2002,904.226627282534,
BOL,Bolivia,2003,907.537110090057,
BOL,Bolivia,2004,967.406991954858,
BOL,Bolivia,2005,1034.31124023689,
BOL,Bolivia,2006,1218.87445946804,
BOL,Bolivia,2007,1372.6282248299,
BOL,Bolivia,2008,1715.20892185853,
BOL,Bolivia,2009,1754.21106094735,
BOL,Bolivia,2010,1955.46155736098,
BOL,Bolivia,2011,2346.33717022581,
BOL,Bolivia,2012,2609.88081915425,
BOL,Bolivia,2013,2908.20008548078,
BOL,Bolivia,2014,3081.87883446506,
BOL,Bolivia,2015,3035.97221489277,
BOL,Bolivia,2016,3076.6589493424,
BOL,Bolivia,2017,3351.12403975607,
BOL,Bolivia,2018,3548.59015254032,
BOL,Bolivia,2019,3552.0687621416,
BRA,Brazil,1960,210.109899384623,
BRA,Brazil,1961,205.04076826426,
BRA,Brazil,1962,260.425653075282,
BRA,Brazil,1963,292.252136324528,
BRA,Brazil,1964,261.66661956418,
BRA,Brazil,1965,261.354354519834,
BRA,Brazil,1966,315.797202907062,
BRA,Brazil,1967,347.493056109702,
BRA,Brazil,1968,374.786775401462,
BRA,Brazil,1969,403.884267342212,
BRA,Brazil,1970,445.02310059739,
BRA,Brazil,1971,504.749516124995,
BRA,Brazil,1972,586.214404973525,
BRA,Brazil,1973,775.273300345189,
BRA,Brazil,1974,1004.10491009099,
BRA,Brazil,1975,1153.8309583695,
BRA,Brazil,1976,1390.62497537665,
BRA,Brazil,1977,1567.00618230231,
BRA,Brazil,1978,1744.25712944487,
BRA,Brazil,1979,1908.48762658653,
BRA,Brazil,1980,1947.27643012721,
BRA,Brazil,1981,2132.8833173447,
BRA,Brazil,1982,2226.76726079559,
BRA,Brazil,1983,1570.5397473792,
BRA,Brazil,1984,1578.92641703719,
BRA,Brazil,1985,1648.08210438614,
BRA,Brazil,1986,1941.49110905835,
BRA,Brazil,1987,2087.3076054076,
BRA,Brazil,1988,2300.37684355265,
BRA,Brazil,1989,2908.49615806386,
BRA,Brazil,1990,3100.28046842987,
BRA,Brazil,1991,3975.39008935633,
BRA,Brazil,1992,2596.91987612034,
BRA,Brazil,1993,2791.20912422419,
BRA,Brazil,1994,3500.61148991066,
BRA,Brazil,1995,4748.21552893015,4.56816005706787
BRA,Brazil,1996,5166.16374470632,
BRA,Brazil,1997,5282.00882754111,
BRA,Brazil,1998,5087.152221014,4.75665998458862
BRA,Brazil,1999,3478.37272997644,3.80062007904053
BRA,Brazil,2000,3749.75324996168,3.94893002510071
BRA,Brazil,2001,3156.79871788773,3.84468007087708
BRA,Brazil,2002,2829.28319217077,3.75037002563477
BRA,Brazil,2003,3070.91049061377,
BRA,Brazil,2004,3637.46238925733,3.97447991371155
BRA,Brazil,2005,4790.43708777366,4.47908020019531
BRA,Brazil,2006,5886.46358837728,4.87060022354126
BRA,Brazil,2007,7348.03079355548,4.97425985336304
BRA,Brazil,2008,8831.023116975661,5.26883983612061
BRA,Brazil,2009,8597.915351516231,5.46355009078979
BRA,Brazil,2010,11286.2430162457,5.64879989624023
BRA,Brazil,2011,13245.6124995448,5.73741006851196
BRA,Brazil,2012,12370.0242007149,5.85510015487671
BRA,Brazil,2013,12300.3248822758,5.8388500213623
BRA,Brazil,2014,12112.5882059697,5.94848012924194
BRA,Brazil,2015,8814.000986812611,6.24105978012085
BRA,Brazil,2016,8710.096689541209,6.314040184021
BRA,Brazil,2017,9925.38623770041,6.32254981994629
BRA,Brazil,2018,9001.23424863499,
BRA,Brazil,2019,8717.186278108191,
BRB,Barbados,1974,1274.54316261324,
BRB,Barbados,1975,1633.84956173596,
BRB,Barbados,1976,1760.66720489565,5.94479990005493
BRB,Barbados,1977,1988.84725022412,6.51715993881226
BRB,Barbados,1978,2209.74051891919,
BRB,Barbados,1979,2667.03713987762,
BRB,Barbados,1980,4010.71584319721,
BRB,Barbados,1981,4398.79013336432,
BRB,Barbados,1982,4580.89841216015,
BRB,Barbados,1983,4851.15667432115,
BRB,Barbados,1984,5271.64730348417,
BRB,Barbados,1985,5500.34972242119,
BRB,Barbados,1986,6019.88737457493,
BRB,Barbados,1987,6605.60000527539,
BRB,Barbados,1988,6999.68691337312,
BRB,Barbados,1989,7717.2961943996,
BRB,Barbados,1990,7711.2067988566,
BRB,Barbados,1991,7714.94893981875,6.63870000839233
BRB,Barbados,1992,7444.29144191779,
BRB,Barbados,1993,7819.42183405236,
BRB,Barbados,1994,8121.56191861473,
BRB,Barbados,1995,8335.899292570521,
BRB,Barbados,1996,8850.980170194949,
BRB,Barbados,1997,9315.82861834235,
BRB,Barbados,1998,10459.3648021332,
BRB,Barbados,1999,10914.443668333,4.34123992919922
BRB,Barbados,2000,11268.2540559453,4.71585988998413
BRB,Barbados,2001,11209.1743119266,6.05536985397339
BRB,Barbados,2002,11361.433665539,5.88062000274658
BRB,Barbados,2003,11699.4557629707,6.24569988250732
BRB,Barbados,2004,12512.5325118786,6.02428007125854
BRB,Barbados,2005,13822.5916771315,5.66965007781982
BRB,Barbados,2006,15199.4579730933,
BRB,Barbados,2007,16770.7212055974,5.22038984298706
BRB,Barbados,2008,17092.5821408414,4.92259979248047
BRB,Barbados,2009,15885.5797142695,5.11617994308472
BRB,Barbados,2010,16056.3709766031,6.0543999671936
BRB,Barbados,2011,16458.3532105715,
BRB,Barbados,2012,16249.5593937258,5.26274013519287
BRB,Barbados,2013,16451.1635759912,5.14899015426636
BRB,Barbados,2014,16489.0722373387,6.14349985122681
BRB,Barbados,2015,16525.0732500596,
BRB,Barbados,2016,16900.166552366,4.9513897895813
BRB,Barbados,2017,17391.4258663397,4.36638021469116
BRB,Barbados,2018,17745.1934649963,
BRB,Barbados,2019,18148.2449264001,
BRN,Brunei Darussalam,1965,1113.82655495184,
BRN,Brunei Darussalam,1966,1237.5635792503,
BRN,Brunei Darussalam,1967,1236.3976733859,
BRN,Brunei Darussalam,1968,1364.05440765995,
BRN,Brunei Darussalam,1969,1304.29846027765,
BRN,Brunei Darussalam,1970,1382.54830429835,6.23915004730225
BRN,Brunei Darussalam,1971,1455.8983072424,4.99501991271973
BRN,Brunei Darussalam,1972,1906.87749660983,4.03928995132446
BRN,Brunei Darussalam,1973,2916.20881530969,8.793290138244631
BRN,Brunei Darussalam,1974,6923.08789234416,3.39270997047424
BRN,Brunei Darussalam,1975,7228.442859782,1.96133995056152
BRN,Brunei Darussalam,1976,8461.48706837051,1.97008001804352
BRN,Brunei Darussalam,1977,9917.47175922488,
BRN,Brunei Darussalam,1978,10714.9400049998,2.11423993110657
BRN,Brunei Darussalam,1979,14945.2037564138,1.54551994800568
BRN,Brunei Darussalam,1980,25422.1703122437,1.1910799741745
BRN,Brunei Darussalam,1981,21828.7772262731,1.61678004264832
BRN,Brunei Darussalam,1982,20693.7244871696,1.69714999198914
BRN,Brunei Darussalam,1983,18128.9874500249,
BRN,Brunei Darussalam,1984,17337.1059400151,
BRN,Brunei Darussalam,1985,15698.9452528874,
BRN,Brunei Darussalam,1986,10214.1169569813,
BRN,Brunei Darussalam,1987,11594.66515323,4.73773002624512
BRN,Brunei Darussalam,1988,11009.3024303312,5.40902996063232
BRN,Brunei Darussalam,1989,11872.6307346962,4.69012022018433
BRN,Brunei Darussalam,1990,13607.5220957631,3.95995998382568
BRN,Brunei Darussalam,1991,13905.0638689698,3.66894006729126
BRN,Brunei Darussalam,1992,15274.4446317273,3.74768996238709
BRN,Brunei Darussalam,1993,14575.7298211504,4.29403018951416
BRN,Brunei Darussalam,1994,14120.8549888131,
BRN,Brunei Darussalam,1995,15933.3455733721,
BRN,Brunei Darussalam,1996,16793.2809740578,
BRN,Brunei Darussalam,1997,16660.3612477895,
BRN,Brunei Darussalam,1998,12693.7909769053,5.25395011901855
BRN,Brunei Darussalam,1999,14101.345758867,4.9320502281189
BRN,Brunei Darussalam,2000,18012.5562597047,3.70590996742249
BRN,Brunei Darussalam,2001,16472.1486214944,
BRN,Brunei Darussalam,2002,16850.1511253805,
BRN,Brunei Darussalam,2003,18560.6085730701,
BRN,Brunei Darussalam,2004,21902.0880525832,
BRN,Brunei Darussalam,2005,26105.2790303114,
BRN,Brunei Darussalam,2006,30979.8791725798,
BRN,Brunei Darussalam,2007,32663.5665921613,
BRN,Brunei Darussalam,2008,37934.3765067984,
BRN,Brunei Darussalam,2009,27955.7138629359,
BRN,Brunei Darussalam,2010,35269.5531076448,2.04661011695862
BRN,Brunei Darussalam,2011,47055.8411171808,3.32209992408752
BRN,Brunei Darussalam,2012,47740.5149015856,2.88959002494812
BRN,Brunei Darussalam,2013,44740.085018517,
BRN,Brunei Darussalam,2014,41726.7839720342,3.35318994522095
BRN,Brunei Darussalam,2015,31164.5620291141,
BRN,Brunei Darussalam,2016,27157.8234104784,4.42540979385376
BRN,Brunei Darussalam,2017,28572.1467776509,
BRN,Brunei Darussalam,2018,31628.3287914349,
BRN,Brunei Darussalam,2019,31086.7510792939,
BTN,Bhutan,1980,333.402875982536,
BTN,Bhutan,1981,350.126257675267,
BTN,Bhutan,1982,347.219698224097,
BTN,Bhutan,1983,376.483988054393,
BTN,Bhutan,1984,374.914704651373,
BTN,Bhutan,1985,370.945755280418,
BTN,Bhutan,1986,420.679112278023,
BTN,Bhutan,1987,512.1915990380641,
BTN,Bhutan,1988,557.0825319569281,
BTN,Bhutan,1989,528.458419611417,
BTN,Bhutan,1990,564.77960950252,
BTN,Bhutan,1991,467.697107411527,
BTN,Bhutan,1992,469.198975461728,
BTN,Bhutan,1993,441.684823676736,
BTN,Bhutan,1994,509.12406949028,
BTN,Bhutan,1995,566.857698632761,
BTN,Bhutan,1996,584.379158121735,
BTN,Bhutan,1997,663.3288565850891,
BTN,Bhutan,1998,667.913623786184,
BTN,Bhutan,1999,725.124741074687,
BTN,Bhutan,2000,718.187830716068,5.51379013061523
BTN,Bhutan,2001,764.4366073622519,5.91572999954224
BTN,Bhutan,2002,845.510279785017,
BTN,Bhutan,2003,962.096903699603,
BTN,Bhutan,2004,1068.42177628385,6.60906982421875
BTN,Bhutan,2005,1228.44182357066,7.28714990615845
BTN,Bhutan,2006,1330.9652965442,
BTN,Bhutan,2007,1757.18256732535,
BTN,Bhutan,2008,1828.14923277736,4.91159009933472
BTN,Bhutan,2009,1819.2134010249,4.74174022674561
BTN,Bhutan,2010,2258.18314115595,4.12473011016846
BTN,Bhutan,2011,2563.2575266012,4.76523017883301
BTN,Bhutan,2012,2538.94590031276,
BTN,Bhutan,2013,2472.71430857435,5.72275018692017
BTN,Bhutan,2014,2652.21458893197,6.04489994049072
BTN,Bhutan,2015,2752.66420790266,7.59009981155396
BTN,Bhutan,2016,2930.56298891838,6.99333000183105
BTN,Bhutan,2017,3286.57470287488,7.2257399559021
BTN,Bhutan,2018,3243.23112593497,6.85084009170532
BWA,Botswana,1960,60.4925140705551,
BWA,Botswana,1961,64.1765151013703,
BWA,Botswana,1962,68.0502190365472,
BWA,Botswana,1963,71.1073682596974,
BWA,Botswana,1964,75.9555025537058,
BWA,Botswana,1965,81.7702863732693,
BWA,Botswana,1966,89.97845169703599,
BWA,Botswana,1967,100.406174908481,
BWA,Botswana,1968,110.978456420462,
BWA,Botswana,1969,126.544927333256,
BWA,Botswana,1970,153.326134410035,
BWA,Botswana,1971,196.423120099821,4.38723993301392
BWA,Botswana,1972,247.729089654739,3.90638995170593
BWA,Botswana,1973,353.855401888446,3.2627899646759
BWA,Botswana,1974,428.191842893297,3.67424011230469
BWA,Botswana,1975,479.085476988897,5.64942979812622
BWA,Botswana,1976,483.143202081117,6.06396007537842
BWA,Botswana,1977,564.131125063148,5.40031003952026
BWA,Botswana,1978,709.189337954404,5.95213985443115
BWA,Botswana,1979,947.752854507987,6.14172983169556
BWA,Botswana,1980,1181.60334161615,5.46931982040405
BWA,Botswana,1981,1154.18354005928,
BWA,Botswana,1982,1054.03843130225,
BWA,Botswana,1983,1176.81244631694,5.55226993560791
BWA,Botswana,1984,1202.97600222274,5.55166006088257
BWA,Botswana,1985,1042.24267718428,5.65072011947632
BWA,Botswana,1986,1253.5609585418,5.18592977523804
BWA,Botswana,1987,1701.67518600081,6.11773014068604
BWA,Botswana,1988,2203.65763254255,6.15111017227173
BWA,Botswana,1989,2477.97535757592,
BWA,Botswana,1990,2945.83203953801,5.73963022232056
BWA,Botswana,1991,2972.72671142946,
BWA,Botswana,1992,3040.96040371719,6.84061002731323
BWA,Botswana,1993,2973.38040121706,
BWA,Botswana,1994,2970.12256750351,
BWA,Botswana,1995,3219.91205059617,
BWA,Botswana,1996,3221.6762095454,
BWA,Botswana,1997,3258.98031222073,
BWA,Botswana,1998,3039.9707309768,
BWA,Botswana,1999,3405.81259792087,
BWA,Botswana,2000,3522.30867806396,
BWA,Botswana,2001,3278.0082497438,
BWA,Botswana,2002,3190.6154528255,
BWA,Botswana,2003,4330.94490040766,
BWA,Botswana,2004,5073.5376499682,
BWA,Botswana,2005,5520.12471972503,10.6785898208618
BWA,Botswana,2006,5516.03920965133,
BWA,Botswana,2007,5832.733941653,8.85149002075195
BWA,Botswana,2008,5713.53498332841,
BWA,Botswana,2009,5255.76846136181,9.63292026519775
BWA,Botswana,2010,6434.81565688465,
BWA,Botswana,2011,7617.32509421648,
BWA,Botswana,2012,7070.37655030163,
BWA,Botswana,2013,7224.96517150786,
BWA,Botswana,2014,7780.63838460394,
BWA,Botswana,2015,6799.87523352768,
BWA,Botswana,2016,7243.85299726842,
BWA,Botswana,2017,7893.21010771116,
BWA,Botswana,2018,8279.601364733981,
BWA,Botswana,2019,7961.33814014048,
CAF,Central African Republic,1960,74.68734696988361,
CAF,Central African Republic,1961,80.6875878682005,
CAF,Central African Republic,1962,80.2126082942422,
CAF,Central African Republic,1963,81.9181685665535,
CAF,Central African Republic,1964,88.2902255489664,
CAF,Central African Republic,1965,91.8303746529954,
CAF,Central African Republic,1966,94.398235690021,
CAF,Central African Republic,1967,95.8967084672073,
CAF,Central African Republic,1968,109.946162500779,
CAF,Central African Republic,1969,105.707636135487,
CAF,Central African Republic,1970,104.41276592103,
CAF,Central African Republic,1971,109.453299759933,
CAF,Central African Republic,1972,123.310915320227,
CAF,Central African Republic,1973,143.115619712788,
CAF,Central African Republic,1974,146.227615304509,
CAF,Central African Republic,1975,193.354982118232,
CAF,Central African Republic,1976,225.913513868411,
CAF,Central African Republic,1977,248.685423628659,
CAF,Central African Republic,1978,292.469868825178,3.17053008079529
CAF,Central African Republic,1979,327.34137778238,
CAF,Central African Republic,1980,362.400643085179,
CAF,Central African Republic,1981,306.832103768768,
CAF,Central African Republic,1982,320.430655382662,
CAF,Central African Republic,1983,273.50194966359,
CAF,Central African Republic,1984,257.353636634786,
CAF,Central African Republic,1985,340.201522817588,
CAF,Central African Republic,1986,432.012423923042,2.20775008201599
CAF,Central African Republic,1987,453.745532768878,2.54804992675781
CAF,Central African Republic,1988,469.529341311756,
CAF,Central African Republic,1989,449.399059431547,
CAF,Central African Republic,1990,513.305284957779,2.2441999912262
CAF,Central African Republic,1991,478.502943895332,2.27630996704102
CAF,Central African Republic,1992,477.122324295377,
CAF,Central African Republic,1993,419.802566033991,
CAF,Central African Republic,1994,271.505670833922,
CAF,Central African Republic,1995,346.108840593345,
CAF,Central African Republic,1996,304.631259709054,
CAF,Central African Republic,1997,276.42127015209,
CAF,Central African Republic,1998,278.331340903191,
CAF,Central African Republic,1999,280.908818989086,1.69001996517181
CAF,Central African Republic,2000,251.206877406698,1.61265003681183
CAF,Central African Republic,2001,250.357011372018,
CAF,Central African Republic,2002,260.745527274366,1.5195699930191
CAF,Central African Republic,2003,293.661851679435,1.53980004787445
CAF,Central African Republic,2004,320.737460311924,1.6245299577713
CAF,Central African Republic,2005,331.162924198911,1.65222001075745
CAF,Central African Republic,2006,354.671380067866,1.41506004333496
CAF,Central African Republic,2007,404.373964962741,1.31332004070282
CAF,Central African Republic,2008,464.561422116684,1.29000997543335
CAF,Central African Republic,2009,474.705408664923,1.25458002090454
CAF,Central African Republic,2010,488.421401781569,1.11760997772217
CAF,Central African Republic,2011,551.750096552583,1.10792005062103
CAF,Central African Republic,2012,565.800696971217,
CAF,Central African Republic,2013,380.298167643018,
CAF,Central African Republic,2014,424.448751343631,
CAF,Central African Republic,2015,377.423001679447,
CAF,Central African Republic,2016,402.191290596004,
CAF,Central African Republic,2017,450.900244979058,
CAF,Central African Republic,2018,475.953609871945,
CAF,Central African Republic,2019,467.907440636335,
CAN,Canada,1960,2259.29428549881,
CAN,Canada,1961,2240.43303945853,
CAN,Canada,1962,2268.58534607908,
CAN,Canada,1963,2374.49844764883,
CAN,Canada,1964,2555.11114601309,
CAN,Canada,1965,2770.36180408145,
CAN,Canada,1966,3047.10614707958,
CAN,Canada,1967,3217.15929360795,
CAN,Canada,1968,3462.67887195794,
CAN,Canada,1969,3763.95337938417,
CAN,Canada,1970,4121.93280924889,
CAN,Canada,1971,4520.16286459833,7.71018981933594
CAN,Canada,1972,5089.58792478217,7.61540985107422
CAN,Canada,1973,5838.66091212262,7.03749990463257
CAN,Canada,1974,7033.01103435653,6.68963003158569
CAN,Canada,1975,7511.21134703936,6.4429497718811
CAN,Canada,1976,8809.26463882445,6.72099018096924
CAN,Canada,1977,8919.0574570796,6.73353004455566
CAN,Canada,1978,9123.69132998671,7.09767007827759
CAN,Canada,1979,10043.66094103,6.71474981307983
CAN,Canada,1980,11170.5639653618,6.48467016220093
CAN,Canada,1981,12337.4662493804,6.43061017990112
CAN,Canada,1982,12481.8747874298,6.51913976669312
CAN,Canada,1983,13425.1224888294,6.88043022155762
CAN,Canada,1984,13877.9170763469,6.64404010772705
CAN,Canada,1985,14114.8077599664,6.2128701210022
CAN,Canada,1986,14461.0692388787,6.04418992996216
CAN,Canada,1987,16308.9669663579,6.32446002960205
CAN,Canada,1988,18936.9641024997,6.17614984512329
CAN,Canada,1989,20715.631483174,6.09832000732422
CAN,Canada,1990,21448.3619600057,5.9919900894165
CAN,Canada,1991,21768.3432941828,6.88430023193359
CAN,Canada,1992,20879.8483300891,6.77093982696533
CAN,Canada,1993,20121.1612532855,7.70425987243652
CAN,Canada,1994,19935.3814579208,6.68001985549927
CAN,Canada,1995,20613.7878829216,6.32445001602173
CAN,Canada,1996,21227.3475315896,
CAN,Canada,1997,21829.2334443229,
CAN,Canada,1998,20952.0694643937,5.51197004318237
CAN,Canada,1999,22238.6645356943,5.54994010925293
CAN,Canada,2000,24190.2496150045,5.44199991226196
CAN,Canada,2001,23738.180723841,4.96956014633179
CAN,Canada,2002,24169.2847344718,5.01072978973389
CAN,Canada,2003,28200.6580773382,
CAN,Canada,2004,32034.3077408421,
CAN,Canada,2005,36266.1871235853,4.78214979171753
CAN,Canada,2006,40385.869955477,
CAN,Canada,2007,44543.0410359004,4.78036022186279
CAN,Canada,2008,46594.4509535289,4.63825988769531
CAN,Canada,2009,40773.061528975,4.85264015197754
CAN,Canada,2010,47448.0132198383,5.36992979049683
CAN,Canada,2011,52087.446383568,5.27443981170654
CAN,Canada,2012,52678.3901234772,
CAN,Canada,2013,52652.5936828278,
CAN,Canada,2014,50893.4467137547,
CAN,Canada,2015,43585.5119817751,
CAN,Canada,2016,42322.4847803038,
CAN,Canada,2017,45148.5527061655,
CAN,Canada,2018,46313.1713712961,
CAN,Canada,2019,46194.7252255167,
CEB,Central Europe and the Baltics,1990,2370.22230884992,
CEB,Central Europe and the Baltics,1991,2202.75175554907,
CEB,Central Europe and the Baltics,1992,2355.45672533843,5.20279002189636
CEB,Central Europe and the Baltics,1993,2479.31185565421,4.95048999786377
CEB,Central Europe and the Baltics,1994,2808.67034784461,4.90025520324707
CEB,Central Europe and the Baltics,1995,3572.64746648216,4.65527510643006
CEB,Central Europe and the Baltics,1996,3786.30729956858,4.33475017547607
CEB,Central Europe and the Baltics,1997,3739.63347580152,
CEB,Central Europe and the Baltics,1998,4099.58274185478,4.95043992996216
CEB,Central Europe and the Baltics,1999,3979.9473027324,4.58366990089417
CEB,Central Europe and the Baltics,2000,3942.43817976836,4.86840009689331
CEB,Central Europe and the Baltics,2001,4347.27631595773,5.07780981063843
CEB,Central Europe and the Baltics,2002,4929.76046862528,5.17923021316528
CEB,Central Europe and the Baltics,2003,5936.20960950133,5.07451009750366
CEB,Central Europe and the Baltics,2004,7164.80328273053,4.86113023757935
CEB,Central Europe and the Baltics,2005,8347.82283993784,4.81315994262695
CEB,Central Europe and the Baltics,2006,9468.425951172991,4.71378993988037
CEB,Central Europe and the Baltics,2007,12004.0317865208,4.5905499458313
CEB,Central Europe and the Baltics,2008,14576.9914110543,4.83453989028931
CEB,Central Europe and the Baltics,2009,12293.3919784796,4.95804023742676
CEB,Central Europe and the Baltics,2010,12576.0418403691,4.7612099647522
CEB,Central Europe and the Baltics,2011,13889.3857774639,4.59010982513428
CEB,Central Europe and the Baltics,2012,13015.8287162841,4.46677517890931
CEB,Central Europe and the Baltics,2013,13718.0977494553,4.56486988067627
CEB,Central Europe and the Baltics,2014,14161.90730278,4.61743021011353
CEB,Central Europe and the Baltics,2015,12493.7138218191,4.81226015090942
CEB,Central Europe and the Baltics,2016,12792.5141152591,4.6553897857666
CEB,Central Europe and the Baltics,2017,14198.129857177,4.09250020980835
CEB,Central Europe and the Baltics,2018,15966.6683367845,
CEB,Central Europe and the Baltics,2019,16184.332008629,
CHE,Switzerland,1960,1787.36034770201,
CHE,Switzerland,1961,1971.31632279228,
CHE,Switzerland,1962,2131.39165159983,
CHE,Switzerland,1963,2294.18284731738,
CHE,Switzerland,1964,2501.29318996377,
CHE,Switzerland,1965,2620.475547353,
CHE,Switzerland,1966,2784.73354771646,
CHE,Switzerland,1967,2960.72258588384,
CHE,Switzerland,1968,3121.8890308772,
CHE,Switzerland,1969,3344.78360254639,
CHE,Switzerland,1970,3927.28653324065,3.49372005462646
CHE,Switzerland,1971,4694.71716251561,3.6007399559021
CHE,Switzerland,1972,5714.34089749759,3.76672005653381
CHE,Switzerland,1973,7628.39646633269,4.03147983551025
CHE,Switzerland,1974,8743.992723111471,4.23686981201172
CHE,Switzerland,1975,10028.9871880082,4.50493001937866
CHE,Switzerland,1976,10550.3008915458,4.60702991485596
CHE,Switzerland,1977,11306.4244791824,4.63047981262207
CHE,Switzerland,1978,15810.6298511725,4.50087976455688
CHE,Switzerland,1979,17736.5534111237,4.47736978530884
CHE,Switzerland,1980,18832.1967194448,4.36030006408691
CHE,Switzerland,1981,17153.4013163127,4.3221001625061
CHE,Switzerland,1982,17478.6557926331,4.39031982421875
CHE,Switzerland,1983,17341.994875673,4.49742984771729
CHE,Switzerland,1984,16499.1469305493,4.35318994522095
CHE,Switzerland,1985,16655.3373919475,4.29914999008179
CHE,Switzerland,1986,23751.4495170998,4.3356499671936
CHE,Switzerland,1987,29558.8954776765,4.29061985015869
CHE,Switzerland,1988,31743.6529122682,4.35699987411499
CHE,Switzerland,1989,30401.8924810513,4.26673984527588
CHE,Switzerland,1990,38428.3855023167,4.52294015884399
CHE,Switzerland,1991,38399.2106118525,4.68063020706177
CHE,Switzerland,1992,39534.5419972169,
CHE,Switzerland,1993,38100.736729035,5.09206008911133
CHE,Switzerland,1994,41843.7568835613,5.05530023574829
CHE,Switzerland,1995,48662.4397737883,5.05943012237549
CHE,Switzerland,1996,46676.850944168,5.0719199180603
CHE,Switzerland,1997,40417.9622817609,
CHE,Switzerland,1998,41497.2026053116,4.88702011108398
CHE,Switzerland,1999,40581.3070515572,4.89023017883301
CHE,Switzerland,2000,37868.3230595798,4.78140020370483
CHE,Switzerland,2001,38538.9900530944,4.95980978012085
CHE,Switzerland,2002,41376.3939853959,5.31429004669189
CHE,Switzerland,2003,48087.5831393144,5.52375984191895
CHE,Switzerland,2004,53340.147655778,5.44573020935059
CHE,Switzerland,2005,54952.6737181498,5.20410013198853
CHE,Switzerland,2006,57579.5019538092,4.9615797996521
CHE,Switzerland,2007,63555.2374995504,4.68737983703613
CHE,Switzerland,2008,72487.8459296849,4.86799001693726
CHE,Switzerland,2009,69927.46877011711,5.04118013381958
CHE,Switzerland,2010,74605.7210207051,4.92605018615723
CHE,Switzerland,2011,88415.6280609527,4.9698600769043
CHE,Switzerland,2012,83538.23007838579,5.03337001800537
CHE,Switzerland,2013,85112.4643984141,5.04048013687134
CHE,Switzerland,2014,86605.56337624211,5.05122995376587
CHE,Switzerland,2015,82081.5971239792,5.10057020187378
CHE,Switzerland,2016,80172.2320747951,5.10473012924194
CHE,Switzerland,2017,80449.9945608366,5.13018989562988
CHE,Switzerland,2018,82818.10816174711,
CHE,Switzerland,2019,81993.7271494202,
CHI,Channel Islands,1998,40585.3825759722,
CHI,Channel Islands,1999,42443.4323259235,
CHI,Channel Islands,2000,43381.6578397785,
CHI,Channel Islands,2001,41804.3709161492,
CHI,Channel Islands,2002,44544.4334390505,
CHI,Channel Islands,2003,48859.4830207585,
CHI,Channel Islands,2004,56753.3861971042,
CHI,Channel Islands,2005,58197.4493814049,
CHI,Channel Islands,2006,63239.6538290931,
CHI,Channel Islands,2007,74462.646746792,
CHL,Chile,1960,505.349201216281,
CHL,Chile,1961,555.133934614754,
CHL,Chile,1962,638.945209228415,
CHL,Chile,1963,655.25247598749,
CHL,Chile,1964,678.12787579294,
CHL,Chile,1965,670.3946417763329,
CHL,Chile,1966,772.7260538517889,
CHL,Chile,1967,753.127634375656,
CHL,Chile,1968,756.9124805107419,
CHL,Chile,1969,870.319115188766,
CHL,Chile,1970,932.861569157008,
CHL,Chile,1971,1094.6810421425,
CHL,Chile,1972,1173.21850523803,
CHL,Chile,1973,1640.02938030473,
CHL,Chile,1974,1554.388548281,3.75120997428894
CHL,Chile,1975,719.599361342355,3.59472990036011
CHL,Chile,1976,961.424425287909,
CHL,Chile,1977,1278.32792566263,
CHL,Chile,1978,1441.94208564388,3.07045006752014
CHL,Chile,1979,1937.26657210336,3.48236989974976
CHL,Chile,1980,2542.76425167136,4.21999979019165
CHL,Chile,1981,2979.60942229821,4.91429996490479
CHL,Chile,1982,2156.51269884939,
CHL,Chile,1983,1709.44135160118,
CHL,Chile,1984,1624.63223665668,
CHL,Chile,1985,1444.28037393666,
CHL,Chile,1986,1517.86256471288,
CHL,Chile,1987,1760.30542338939,2.8232901096344
CHL,Chile,1988,2026.83854529303,
CHL,Chile,1989,2288.55494089948,
CHL,Chile,1990,2494.52566886254,2.25015997886658
CHL,Chile,1991,2803.56209049973,
CHL,Chile,1992,3350.21384457649,
CHL,Chile,1993,3535.1735995737,2.38371992111206
CHL,Chile,1994,4024.21693223695,2.51182007789612
CHL,Chile,1995,5107.27680233606,2.56469988822937
CHL,Chile,1996,5349.80412655622,2.79625010490417
CHL,Chile,1997,5745.37379549796,3.01245999336243
CHL,Chile,1998,5446.58061279416,3.34015011787415
CHL,Chile,1999,4957.77788383624,3.72921991348267
CHL,Chile,2000,5074.90162375009,3.77583003044128
CHL,Chile,2001,4574.59442067573,
CHL,Chile,2002,4446.25050488693,4.08121013641357
CHL,Chile,2003,4772.5628196506,3.96345996856689
CHL,Chile,2004,6194.85310698418,3.53838992118835
CHL,Chile,2005,7598.52512108889,3.26283001899719
CHL,Chile,2006,9464.550242906071,3.02152991294861
CHL,Chile,2007,10502.3545202737,3.21378993988037
CHL,Chile,2008,10751.479674217,3.79242992401123
CHL,Chile,2009,10208.9067622861,4.23064994812012
CHL,Chile,2010,12808.034586422,4.16208982467651
CHL,Chile,2011,14637.2402355403,4.04518985748291
CHL,Chile,2012,15351.5513257697,
CHL,Chile,2013,15842.9408052125,4.52942991256714
CHL,Chile,2014,14670.996760602,4.73094987869263
CHL,Chile,2015,13574.171830724,4.87530994415283
CHL,Chile,2016,13753.5944374598,5.34201002120972
CHL,Chile,2017,14999.3700885512,5.4194598197937
CHL,Chile,2018,15924.7942393064,
CHL,Chile,2019,14896.4538665789,
CHN,China,1960,89.5205415103584,
CHN,China,1961,75.8058379259965,
CHN,China,1962,70.9094116671007,
CHN,China,1963,74.3136434486145,
CHN,China,1964,85.49855515963129,
CHN,China,1965,98.4867777522206,
CHN,China,1966,104.324566181147,
CHN,China,1967,96.5895319417819,
CHN,China,1968,91.47271830660721,
CHN,China,1969,100.12990326618,
CHN,China,1970,113.162991554686,
CHN,China,1971,118.654577785346,1.38873994350433
CHN,China,1972,131.883561243868,1.60476005077362
CHN,China,1973,157.090374298657,1.65082001686096
CHN,China,1974,160.140093727686,1.76115000247955
CHN,China,1975,178.341819608096,1.70850002765656
CHN,China,1976,165.40554037242,1.81657004356384
CHN,China,1977,185.422832913673,1.74953997135162
CHN,China,1978,156.396388520044,1.95884001255035
CHN,China,1979,183.983152215978,2.14805006980896
CHN,China,1980,194.804722186836,1.91190004348755
CHN,China,1981,197.071474499102,1.94880998134613
CHN,China,1982,203.334919503464,2.03448009490967
CHN,China,1983,225.431928890812,2.07692003250122
CHN,China,1984,250.713969046988,1.99863004684448
CHN,China,1985,294.45884850496,2.00814008712769
CHN,China,1986,281.928120911563,2.06154990196228
CHN,China,1987,251.811956961329,1.80425000190735
CHN,China,1988,283.537695240524,1.76417994499207
CHN,China,1989,310.8819124049,
CHN,China,1990,317.884673040928,
CHN,China,1991,333.142145400184,
CHN,China,1992,366.460692302073,1.65455996990204
CHN,China,1993,377.389839479958,1.65785002708435
CHN,China,1994,473.492278718042,1.98571002483368
CHN,China,1995,609.656679202484,1.84192001819611
CHN,China,1996,709.413755085039,1.85338997840881
CHN,China,1997,781.744164341053,
CHN,China,1998,828.580479295681,1.84432995319366
CHN,China,1999,873.28706172579,1.88803994655609
CHN,China,2000,959.372483639691,
CHN,China,2001,1053.10824300452,
CHN,China,2002,1148.5082904417,
CHN,China,2003,1288.64325183381,
CHN,China,2004,1508.66809788266,
CHN,China,2005,1753.41782925823,
CHN,China,2006,2099.22943460447,
CHN,China,2007,2693.96982683485,
CHN,China,2008,3468.30446324747,
CHN,China,2009,3832.23595156727,
CHN,China,2010,4550.45359583857,
CHN,China,2011,5618.13249134962,
CHN,China,2012,6316.91886335683,
CHN,China,2013,7050.64591988963,
CHN,China,2014,7678.599431661,
CHN,China,2015,8066.94242356745,
CHN,China,2016,8147.9381477822,
CHN,China,2017,8879.438148885059,
CHN,China,2018,9976.67682180773,
CHN,China,2019,10261.6791283744,
CIV,Cote d'Ivoire,1960,155.899899779449,
CIV,Cote d'Ivoire,1961,170.242769201326,
CIV,Cote d'Ivoire,1962,171.128185807371,
CIV,Cote d'Ivoire,1963,194.212628968711,
CIV,Cote d'Ivoire,1964,226.227041791045,
CIV,Cote d'Ivoire,1965,217.602389968993,
CIV,Cote d'Ivoire,1966,233.614639022308,
CIV,Cote d'Ivoire,1967,238.310697446664,
CIV,Cote d'Ivoire,1968,271.853287815928,
CIV,Cote d'Ivoire,1969,277.97201439232,
CIV,Cote d'Ivoire,1970,285.273369805127,5.86538982391357
CIV,Cote d'Ivoire,1971,297.279858459954,
CIV,Cote d'Ivoire,1972,331.669296331119,7.53185987472534
CIV,Cote d'Ivoire,1973,429.413448322351,7.04560995101929
CIV,Cote d'Ivoire,1974,501.55349751953,5.69039011001587
CIV,Cote d'Ivoire,1975,607.235569920989,6.78573989868164
CIV,Cote d'Ivoire,1976,694.383143719613,6.46212005615234
CIV,Cote d'Ivoire,1977,891.6347291545241,
CIV,Cote d'Ivoire,1978,1074.86186192676,6.75367021560669
CIV,Cote d'Ivoire,1979,1189.5697895746,8.23138999938965
CIV,Cote d'Ivoire,1980,1266.62419221806,6.85975980758667
CIV,Cote d'Ivoire,1981,1004.6341334048,
CIV,Cote d'Ivoire,1982,863.333629581428,
CIV,Cote d'Ivoire,1983,747.756917852789,
CIV,Cote d'Ivoire,1984,717.897366162353,
CIV,Cote d'Ivoire,1985,703.520082617422,
CIV,Cote d'Ivoire,1986,888.5274598958119,
CIV,Cote d'Ivoire,1987,942.930478670389,
CIV,Cote d'Ivoire,1988,924.326578664607,
CIV,Cote d'Ivoire,1989,848.289839327364,
CIV,Cote d'Ivoire,1990,905.321715851216,
CIV,Cote d'Ivoire,1991,848.7529099707421,
CIV,Cote d'Ivoire,1992,870.481177294597,6.78113985061646
CIV,Cote d'Ivoire,1993,832.282745168866,6.50304985046387
CIV,Cote d'Ivoire,1994,605.2635872674809,4.78869009017944
CIV,Cote d'Ivoire,1995,774.671212059542,4.3014497756958
CIV,Cote d'Ivoire,1996,827.762005660526,4.05623006820679
CIV,Cote d'Ivoire,1997,774.727631309204,4.03088998794556
CIV,Cote d'Ivoire,1998,809.012688280468,3.78794002532959
CIV,Cote d'Ivoire,1999,771.968406002361,4.09432983398438
CIV,Cote d'Ivoire,2000,651.305906791064,3.70367002487183
CIV,Cote d'Ivoire,2001,664.127666289499,3.66867995262146
CIV,Cote d'Ivoire,2002,716.530265586605,4.09033012390137
CIV,Cote d'Ivoire,2003,869.712599327674,3.96798992156982
CIV,Cote d'Ivoire,2004,921.20126728398,4.1278600692749
CIV,Cote d'Ivoire,2005,930.829818073937,4.10575008392334
CIV,Cote d'Ivoire,2006,949.131832768471,4.00150012969971
CIV,Cote d'Ivoire,2007,1061.15402566967,4.25832986831665
CIV,Cote d'Ivoire,2008,1235.61336575482,4.34125995635986
CIV,Cote d'Ivoire,2009,1210.29542592526,4.41245985031128
CIV,Cote d'Ivoire,2010,1213.11264506443,4.55346012115479
CIV,Cote d'Ivoire,2011,1208.58302649782,4.13754987716675
CIV,Cote d'Ivoire,2012,1243.2734867584,4.65410995483398
CIV,Cote d'Ivoire,2013,1415.87175770634,4.72900009155273
CIV,Cote d'Ivoire,2014,1561.46365461434,4.57742977142334
CIV,Cote d'Ivoire,2015,1972.54610769746,3.49415993690491
CIV,Cote d'Ivoire,2016,2013.38246179891,3.97232007980347
CIV,Cote d'Ivoire,2017,2111.02707557541,3.80347990989685
CIV,Cote d'Ivoire,2018,2302.61295091153,3.25603008270264
CIV,Cote d'Ivoire,2019,2286.162776855,
CMR,Cameroon,1960,119.519178787728,
CMR,Cameroon,1961,124.426729896829,
CMR,Cameroon,1962,129.544139225573,
CMR,Cameroon,1963,131.136413030298,
CMR,Cameroon,1964,138.646028097933,
CMR,Cameroon,1965,141.012174977559,
CMR,Cameroon,1966,144.380001343019,
CMR,Cameroon,1967,154.331498862632,
CMR,Cameroon,1968,169.81245325529,
CMR,Cameroon,1969,181.280767185084,
CMR,Cameroon,1970,177.920951861018,
CMR,Cameroon,1971,184.462395127925,3.07986998558044
CMR,Cameroon,1972,208.37545376723,3.36388993263245
CMR,Cameroon,1973,249.364107353926,
CMR,Cameroon,1974,311.219494342336,
CMR,Cameroon,1975,369.447200877364,
CMR,Cameroon,1976,401.413029433989,
CMR,Cameroon,1977,426.794682334849,
CMR,Cameroon,1978,543.02118333491,
CMR,Cameroon,1979,694.686284941298,
CMR,Cameroon,1980,781.8627923236249,
CMR,Cameroon,1981,859.12310941489,
CMR,Cameroon,1982,798.850393654228,2.98497009277344
CMR,Cameroon,1983,780.6122170559501,3.4968900680542
CMR,Cameroon,1984,799.547648417735,3.24637007713318
CMR,Cameroon,1985,809.093492972061,
CMR,Cameroon,1986,1021.70929408929,2.84834003448486
CMR,Cameroon,1987,1146.43537951426,2.93091011047363
CMR,Cameroon,1988,1128.01902823514,2.71473002433777
CMR,Cameroon,1989,974.991279748482,2.64896011352539
CMR,Cameroon,1990,946.646413060374,3.28710007667542
CMR,Cameroon,1991,1024.42413530091,3.22023010253906
CMR,Cameroon,1992,911.7414218137631,2.75099992752075
CMR,Cameroon,1993,1204.7629729769,
CMR,Cameroon,1994,801.161703758483,
CMR,Cameroon,1995,709.114829717018,
CMR,Cameroon,1996,752.525099406841,
CMR,Cameroon,1997,755.239706837977,
CMR,Cameroon,1998,720.796974616141,
CMR,Cameroon,1999,740.996564287047,
CMR,Cameroon,2000,649.991845405048,1.77991998195648
CMR,Cameroon,2001,651.1009074980529,2.42418003082275
CMR,Cameroon,2002,707.887567392905,
CMR,Cameroon,2003,865.958137544256,3.09141993522644
CMR,Cameroon,2004,1009.94312043658,3.0136399269104
CMR,Cameroon,2005,1011.88007278296,2.88717007637024
CMR,Cameroon,2006,1062.13743331336,2.74145007133484
CMR,Cameroon,2007,1194.06985039841,3.07522988319397
CMR,Cameroon,2008,1371.7467084914,2.61118006706238
CMR,Cameroon,2009,1314.70601531227,3.10942006111145
CMR,Cameroon,2010,1286.51557161767,2.99365997314453
CMR,Cameroon,2011,1405.09439231907,2.76676988601685
CMR,Cameroon,2012,1354.54561274707,2.6971800327301
CMR,Cameroon,2013,1465.63884316769,2.76801991462708
CMR,Cameroon,2014,1542.62026621531,2.68712997436523
CMR,Cameroon,2015,1327.50301711492,2.76804995536804
CMR,Cameroon,2016,1364.33011041997,2.65423011779785
CMR,Cameroon,2017,1425.10781805334,3.15481996536255
CMR,Cameroon,2018,1534.49127445052,3.13120007514954
CMR,Cameroon,2019,1497.90917560296,
COD,"Congo, Dem. Rep.",1960,220.314062094535,
COD,"Congo, Dem. Rep.",1961,197.391371783205,
COD,"Congo, Dem. Rep.",1962,235.633480344752,
COD,"Congo, Dem. Rep.",1963,377.42983268411,
COD,"Congo, Dem. Rep.",1964,170.466994891707,
COD,"Congo, Dem. Rep.",1965,232.811114397363,
COD,"Congo, Dem. Rep.",1966,253.759251350065,
COD,"Congo, Dem. Rep.",1967,184.130389066533,
COD,"Congo, Dem. Rep.",1968,206.714907377649,
COD,"Congo, Dem. Rep.",1969,258.606503271145,
COD,"Congo, Dem. Rep.",1970,243.749744400022,
COD,"Congo, Dem. Rep.",1971,272.065363300044,
COD,"Congo, Dem. Rep.",1972,292.297083969972,
COD,"Congo, Dem. Rep.",1973,362.843647825812,
COD,"Congo, Dem. Rep.",1974,430.701983851132,
COD,"Congo, Dem. Rep.",1975,446.975657372212,
COD,"Congo, Dem. Rep.",1976,409.524329613887,
COD,"Congo, Dem. Rep.",1977,509.066707282805,
COD,"Congo, Dem. Rep.",1978,615.978956984048,
COD,"Congo, Dem. Rep.",1979,587.151722033544,
COD,"Congo, Dem. Rep.",1980,546.112437391742,2.26730990409851
COD,"Congo, Dem. Rep.",1981,463.671292014208,2.53504991531372
COD,"Congo, Dem. Rep.",1982,492.532526759835,2.79981994628906
COD,"Congo, Dem. Rep.",1983,387.507759086898,1.29945003986359
COD,"Congo, Dem. Rep.",1984,269.842631584614,.70414000749588
COD,"Congo, Dem. Rep.",1985,240.788041750461,.825699985027313
COD,"Congo, Dem. Rep.",1986,263.831369121596,.722500026226044
COD,"Congo, Dem. Rep.",1987,243.004739444986,.861199975013733
COD,"Congo, Dem. Rep.",1988,273.127844647379,.8148400187492369
COD,"Congo, Dem. Rep.",1989,269.592891964422,
COD,"Congo, Dem. Rep.",1990,270.13054337708,
COD,"Congo, Dem. Rep.",1991,268.056462814242,
COD,"Congo, Dem. Rep.",1992,220.371855660963,
COD,"Congo, Dem. Rep.",1993,275.821973495212,
COD,"Congo, Dem. Rep.",1994,144.59508268102,
COD,"Congo, Dem. Rep.",1995,135.737146758047,
COD,"Congo, Dem. Rep.",1996,134.981924340258,
COD,"Congo, Dem. Rep.",1997,138.974046429358,
COD,"Congo, Dem. Rep.",1998,138.58630642688,
COD,"Congo, Dem. Rep.",1999,102.597977628268,
COD,"Congo, Dem. Rep.",2000,405.21625299166,
COD,"Congo, Dem. Rep.",2001,153.591009193717,
COD,"Congo, Dem. Rep.",2002,175.009965079978,
COD,"Congo, Dem. Rep.",2003,173.796135306156,
COD,"Congo, Dem. Rep.",2004,194.039962426624,
COD,"Congo, Dem. Rep.",2005,218.386190840192,
COD,"Congo, Dem. Rep.",2006,255.433083829534,
COD,"Congo, Dem. Rep.",2007,286.330492064632,
COD,"Congo, Dem. Rep.",2008,327.563721821663,
COD,"Congo, Dem. Rep.",2009,298.619682051092,
COD,"Congo, Dem. Rep.",2010,334.021572573152,1.5249799489975
COD,"Congo, Dem. Rep.",2011,387.082465361488,
COD,"Congo, Dem. Rep.",2012,424.600386118518,
COD,"Congo, Dem. Rep.",2013,457.96372825635,2.06221008300781
COD,"Congo, Dem. Rep.",2014,486.787081921552,1.95142996311188
COD,"Congo, Dem. Rep.",2015,497.316960805476,2.17043995857239
COD,"Congo, Dem. Rep.",2016,471.318840409572,2.1186900138855
COD,"Congo, Dem. Rep.",2017,467.07423746489,1.45494997501373
COD,"Congo, Dem. Rep.",2018,557.0644183242759,
COD,"Congo, Dem. Rep.",2019,545.216212311342,
COG,"Congo, Rep.",1960,129.370463498733,
COG,"Congo, Rep.",1961,145.406396949718,
COG,"Congo, Rep.",1962,155.738235886969,
COG,"Congo, Rep.",1963,157.055866084783,
COG,"Congo, Rep.",1964,165.009459125112,
COG,"Congo, Rep.",1965,171.645695885761,
COG,"Congo, Rep.",1966,185.891785260065,
COG,"Congo, Rep.",1967,194.661293336108,
COG,"Congo, Rep.",1968,200.395177715144,
COG,"Congo, Rep.",1969,205.533551237708,
COG,"Congo, Rep.",1970,207.222705704409,5.7322998046875
COG,"Congo, Rep.",1971,235.835899523756,5.550950050354
COG,"Congo, Rep.",1972,291.975001384983,
COG,"Congo, Rep.",1973,374.126411572439,5.238450050354
COG,"Congo, Rep.",1974,392.321084246093,
COG,"Congo, Rep.",1975,499.203255266761,7.74302005767822
COG,"Congo, Rep.",1976,476.85138290327,
COG,"Congo, Rep.",1977,469.690525056317,
COG,"Congo, Rep.",1978,523.910454990952,8.413310050964361
COG,"Congo, Rep.",1979,694.1764247779111,7.03813982009888
COG,"Congo, Rep.",1980,959.426418273452,6.35924005508423
COG,"Congo, Rep.",1981,1088.97491463225,
COG,"Congo, Rep.",1982,1146.30443214512,
COG,"Congo, Rep.",1983,1080.82241509556,
COG,"Congo, Rep.",1984,1098.44109094277,
COG,"Congo, Rep.",1985,1051.87164433587,
COG,"Congo, Rep.",1986,875.450841348523,
COG,"Congo, Rep.",1987,1058.22844677485,
COG,"Congo, Rep.",1988,991.517372369613,
COG,"Congo, Rep.",1989,1042.04973471117,
COG,"Congo, Rep.",1990,1187.55128407722,
COG,"Congo, Rep.",1991,1124.90111391167,
COG,"Congo, Rep.",1992,1178.02379889856,
COG,"Congo, Rep.",1993,749.634857826406,
COG,"Congo, Rep.",1994,672.163194809393,6.37311983108521
COG,"Congo, Rep.",1995,781.5235684591891,4.91033983230591
COG,"Congo, Rep.",1996,912.01398805266,
COG,"Congo, Rep.",1997,810.077492000982,
COG,"Congo, Rep.",1998,660.472372410258,4.06827020645142
COG,"Congo, Rep.",1999,774.711689855007,
COG,"Congo, Rep.",2000,1029.57703685039,
COG,"Congo, Rep.",2001,868.339950856954,
COG,"Congo, Rep.",2002,912.278153211367,3.20831990242004
COG,"Congo, Rep.",2003,1026.10767374516,2.8361599445343
COG,"Congo, Rep.",2004,1324.21914154172,2.28813004493713
COG,"Congo, Rep.",2005,1680.20458795157,1.83577001094818
COG,"Congo, Rep.",2006,2064.34452292536,
COG,"Congo, Rep.",2007,2165.74575859571,
COG,"Congo, Rep.",2008,2956.26440700407,
COG,"Congo, Rep.",2009,2314.26602478527,
COG,"Congo, Rep.",2010,2812.43597442108,6.22078990936279
COG,"Congo, Rep.",2011,3286.69453468035,
COG,"Congo, Rep.",2012,3032.49388349185,
COG,"Congo, Rep.",2013,3047.93077321007,
COG,"Congo, Rep.",2014,2996.91802578845,4.01719999313354
COG,"Congo, Rep.",2015,1762.03201773797,4.56147003173828
COG,"Congo, Rep.",2016,1815.29584294039,
COG,"Congo, Rep.",2017,1767.89452055028,5.4650502204895
COG,"Congo, Rep.",2018,2223.85447919587,3.51104998588562
COG,"Congo, Rep.",2019,2011.07239887663,
COL,Colombia,1960,251.04136654977,
COL,Colombia,1961,274.052363416871,
COL,Colombia,1962,289.917962712317,
COL,Colombia,1963,274.314941989816,
COL,Colombia,1964,328.655068251942,
COL,Colombia,1965,307.646810749974,
COL,Colombia,1966,281.565960874914,
COL,Colombia,1967,293.644234507609,
COL,Colombia,1968,292.257567846308,
COL,Colombia,1969,307.995166075518,
COL,Colombia,1970,335.118187966325,
COL,Colombia,1971,355.407565837487,
COL,Colombia,1972,385.112589262499,
COL,Colombia,1973,448.033719896899,
COL,Colombia,1974,525.525819129736,
COL,Colombia,1975,544.290793535631,
COL,Colombia,1976,623.42869038637,
COL,Colombia,1977,773.7457847590611,
COL,Colombia,1978,904.010552945586,
COL,Colombia,1979,1061.84842554493,1.75434005260468
COL,Colombia,1980,1241.63967934462,1.72912001609802
COL,Colombia,1981,1323.37614001864,2.59723997116089
COL,Colombia,1982,1386.67321577112,
COL,Colombia,1983,1348.80429437848,
COL,Colombia,1984,1304.17682124318,3.00429010391235
COL,Colombia,1985,1165.04214144812,2.71527004241943
COL,Colombia,1986,1142.93940072412,
COL,Colombia,1987,1165.98254637913,
COL,Colombia,1988,1232.22623127556,
COL,Colombia,1989,1218.2109348719,2.70525002479553
COL,Colombia,1990,1445.32836826111,
COL,Colombia,1991,1456.69396899099,
COL,Colombia,1992,1697.11288670282,
COL,Colombia,1993,1893.54205005588,
COL,Colombia,1994,2284.83874906038,
COL,Colombia,1995,2539.91287721915,
COL,Colombia,1996,2620.53876171399,
COL,Colombia,1997,2827.37975154292,
COL,Colombia,1998,2566.02406004931,3.92644000053406
COL,Colombia,1999,2209.93148047491,4.44080018997192
COL,Colombia,2000,2520.48089795902,3.5112099647522
COL,Colombia,2001,2439.68183603183,3.70867991447449
COL,Colombia,2002,2396.62727370774,4.26812982559204
COL,Colombia,2003,2281.40196044815,4.32513999938965
COL,Colombia,2004,2782.62305010841,4.07934999465942
COL,Colombia,2005,3414.46583317223,4.02098989486694
COL,Colombia,2006,3741.09317111969,3.91671991348267
COL,Colombia,2007,4714.07254101202,4.08301019668579
COL,Colombia,2008,5472.5361334524,3.9387800693512
COL,Colombia,2009,5193.24145075546,4.77651977539063
COL,Colombia,2010,6336.70921367988,4.83382987976074
COL,Colombia,2011,7335.11050963648,4.46608018875122
COL,Colombia,2012,8050.05841420756,4.37038993835449
COL,Colombia,2013,8218.033995615649,4.87855005264282
COL,Colombia,2014,8114.08406910545,4.62945985794067
COL,Colombia,2015,6175.87613151279,4.47038984298706
COL,Colombia,2016,5871.2235753589,4.47721004486084
COL,Colombia,2017,6377.85136303665,4.53551006317139
COL,Colombia,2018,6718.58532391314,4.45748996734619
COL,Colombia,2019,6432.38758339551,
COM,Comoros,1980,689.402968628191,
COM,Comoros,1981,618.2186976001919,
COM,Comoros,1982,562.811582474433,
COM,Comoros,1983,570.140550245659,
COM,Comoros,1984,534.632091138966,
COM,Comoros,1985,553.632402654304,
COM,Comoros,1986,763.335785254372,
COM,Comoros,1987,896.116517060667,
COM,Comoros,1988,918.902129047545,
COM,Comoros,1989,854.478029898175,
COM,Comoros,1990,1043.8008030813,
COM,Comoros,1991,1000.55865110924,
COM,Comoros,1992,1047.9795506547,
COM,Comoros,1993,1008.02949443805,
COM,Comoros,1994,690.471730917011,
COM,Comoros,1995,838.171684031953,
COM,Comoros,1996,810.544234422824,
COM,Comoros,1997,726.055207763206,
COM,Comoros,1998,718.1170892504221,2.20135998725891
COM,Comoros,1999,723.185092777719,
COM,Comoros,2000,645.818690802056,
COM,Comoros,2001,680.318541425182,
COM,Comoros,2002,744.475172433634,2.25841999053955
COM,Comoros,2003,935.611518034788,
COM,Comoros,2004,1059.17688421808,
COM,Comoros,2005,1068.60032134875,
COM,Comoros,2006,1113.95775719606,
COM,Comoros,2007,1238.46151380518,
COM,Comoros,2008,1387.59462639938,4.42264986038208
COM,Comoros,2009,1339.33719065958,
COM,Comoros,2010,1316.49884810552,
COM,Comoros,2011,1447.96358713476,2.8304500579834
COM,Comoros,2012,1403.34861983706,2.74783992767334
COM,Comoros,2013,1505.34947313614,2.3827600479126
COM,Comoros,2014,1513.8303792438,2.74472999572754
COM,Comoros,2015,1242.6031895579,2.5450599193573
COM,Comoros,2016,1273.05895265459,
COM,Comoros,2017,1323.81158996501,
COM,Comoros,2018,1415.95531263535,
COM,Comoros,2019,1393.52237156461,
CPV,Cabo Verde,1980,501.139260012316,
CPV,Cabo Verde,1981,483.128599090821,
CPV,Cabo Verde,1982,477.923014113312,
CPV,Cabo Verde,1983,461.233851936157,
CPV,Cabo Verde,1984,431.24318941065,
CPV,Cabo Verde,1985,441.892450582528,
CPV,Cabo Verde,1986,602.1527907607669,
CPV,Cabo Verde,1987,732.567835461913,
CPV,Cabo Verde,1988,811.393356434613,
CPV,Cabo Verde,1989,807.564830826132,
CPV,Cabo Verde,1990,908.0961895607001,
CPV,Cabo Verde,1991,923.74161278016,
CPV,Cabo Verde,1992,1003.94647280985,
CPV,Cabo Verde,1993,1339.74421650026,
CPV,Cabo Verde,1994,1080.16230391713,
CPV,Cabo Verde,1995,1261.1161568512,
CPV,Cabo Verde,1996,1269.12057723296,
CPV,Cabo Verde,1997,1213.5998405106,
CPV,Cabo Verde,1998,1265.19478254039,6.39176988601685
CPV,Cabo Verde,1999,1408.99960770523,6.80168008804321
CPV,Cabo Verde,2000,1259.32365602588,
CPV,Cabo Verde,2001,1292.20278510801,
CPV,Cabo Verde,2002,1401.90373253543,7.87682008743286
CPV,Cabo Verde,2003,1809.08992549778,
CPV,Cabo Verde,2004,2024.27524765788,7.47664022445679
CPV,Cabo Verde,2005,2099.15748405491,
CPV,Cabo Verde,2006,2361.38513425545,6.52960014343262
CPV,Cabo Verde,2007,3186.82689181153,5.40754985809326
CPV,Cabo Verde,2008,3721.2509487106,5.51800012588501
CPV,Cabo Verde,2009,3517.40124546087,5.3089599609375
CPV,Cabo Verde,2010,3378.25485950035,5.56728982925415
CPV,Cabo Verde,2011,3740.38909850629,5.04361009597778
CPV,Cabo Verde,2012,3447.5240412173,
CPV,Cabo Verde,2013,3615.97904131099,5.00144004821777
CPV,Cabo Verde,2014,3588.6740539538,4.96387004852295
CPV,Cabo Verde,2015,3043.01398430098,5.26691007614136
CPV,Cabo Verde,2016,3130.96338461412,5.28879022598267
CPV,Cabo Verde,2017,3292.6457550859,5.18174982070923
CPV,Cabo Verde,2018,3617.32748829173,
CPV,Cabo Verde,2019,3603.7817936777,
CRI,Costa Rica,1960,381.36511464301,
CRI,Costa Rica,1961,355.003776917523,
CRI,Costa Rica,1962,334.311814299174,
CRI,Costa Rica,1963,344.355120073064,
CRI,Costa Rica,1964,352.337113722278,
CRI,Costa Rica,1965,372.278942006233,
CRI,Costa Rica,1966,393.479009988359,
CRI,Costa Rica,1967,412.237535962029,
CRI,Costa Rica,1968,442.778595303081,
CRI,Costa Rica,1969,474.79477575895,
CRI,Costa Rica,1970,533.091564923652,
CRI,Costa Rica,1971,568.095547960892,
CRI,Costa Rica,1972,636.905379909813,
CRI,Costa Rica,1973,767.330209590493,
CRI,Costa Rica,1974,816.037262055928,
CRI,Costa Rica,1975,936.33592856878,
CRI,Costa Rica,1976,1122.80972240328,
CRI,Costa Rica,1977,1393.0024110443,
CRI,Costa Rica,1978,1555.53766394503,
CRI,Costa Rica,1979,1734.61498790462,
CRI,Costa Rica,1980,2021.54539611338,7.34716987609863
CRI,Costa Rica,1981,1068.50460024027,
CRI,Costa Rica,1982,1032.99864189322,4.88506984710693
CRI,Costa Rica,1983,1213.55411983335,4.95777988433838
CRI,Costa Rica,1984,1373.93771424982,
CRI,Costa Rica,1985,1432.08491079662,
CRI,Costa Rica,1986,1572.4567033614,4.42026996612549
CRI,Costa Rica,1987,1571.29503296922,
CRI,Costa Rica,1988,1558.50744762994,4.01322984695435
CRI,Costa Rica,1989,1727.87209777525,4.07784986495972
CRI,Costa Rica,1990,1831.00191180894,
CRI,Costa Rica,1991,2238.85364380256,
CRI,Costa Rica,1992,2595.02252246487,
CRI,Costa Rica,1993,2828.13017209785,
CRI,Costa Rica,1994,3016.22434769068,
CRI,Costa Rica,1995,3247.3169868703,3.37168002128601
CRI,Costa Rica,1996,3198.54867220364,3.91086006164551
CRI,Costa Rica,1997,3375.16634080278,
CRI,Costa Rica,1998,3579.86588383174,
CRI,Costa Rica,1999,3653.55271949338,5.4168701171875
CRI,Costa Rica,2000,3772.87001153149,4.68696022033691
CRI,Costa Rica,2001,3944.73761278777,4.85109996795654
CRI,Costa Rica,2002,4024.65189994852,5.17354011535645
CRI,Costa Rica,2003,4129.63279072511,5.15636014938354
CRI,Costa Rica,2004,4385.3907193055,4.91217994689941
CRI,Costa Rica,2005,4654.8248220098,
CRI,Costa Rica,2006,5201.51409470061,4.63918018341064
CRI,Costa Rica,2007,6071.78916451552,4.65889978408813
CRI,Costa Rica,2008,6859.07902178333,4.9171199798584
CRI,Costa Rica,2009,6760.47751541355,6.04635000228882
CRI,Costa Rica,2010,8141.91312675461,6.63444995880127
CRI,Costa Rica,2011,9121.932517631871,6.45534992218018
CRI,Costa Rica,2012,9913.209958523659,6.6898398399353
CRI,Costa Rica,2013,10490.0813312933,6.84933996200562
CRI,Costa Rica,2014,10547.1518593556,6.86952018737793
CRI,Costa Rica,2015,11299.1355423011,7.0825400352478
CRI,Costa Rica,2016,11666.4559107759,7.09768009185791
CRI,Costa Rica,2017,11814.6265687665,7.31572008132935
CRI,Costa Rica,2018,12112.1344206452,6.97856998443604
CRI,Costa Rica,2019,12238.3749643984,7.04875993728638
CSS,Caribbean small states,1960,448.256523852392,
CSS,Caribbean small states,1961,476.900590758712,
CSS,Caribbean small states,1962,494.735803177007,
CSS,Caribbean small states,1963,516.742204995659,
CSS,Caribbean small states,1964,547.949432823999,
CSS,Caribbean small states,1965,580.945150037948,
CSS,Caribbean small states,1966,621.43285481481,
CSS,Caribbean small states,1967,658.355088761951,
CSS,Caribbean small states,1968,645.926682958961,
CSS,Caribbean small states,1969,695.0385496749089,
CSS,Caribbean small states,1970,755.143015414727,
CSS,Caribbean small states,1971,811.1319099592311,
CSS,Caribbean small states,1972,925.5253178589591,
CSS,Caribbean small states,1973,1000.85407369494,3.63143992424011
CSS,Caribbean small states,1974,1285.48428220583,4.24897003173828
CSS,Caribbean small states,1975,1485.1673379686,5.22878980636597
CSS,Caribbean small states,1976,1511.8703259224,5.85832977294922
CSS,Caribbean small states,1977,1736.7433440015,6.02651977539063
CSS,Caribbean small states,1978,1759.82546332254,
CSS,Caribbean small states,1979,1999.19843148414,
CSS,Caribbean small states,1980,2461.64913989745,3.76807999610901
CSS,Caribbean small states,1981,2683.65981431935,
CSS,Caribbean small states,1982,2940.22161243536,5.45739984512329
CSS,Caribbean small states,1983,2942.73029898793,5.76660013198853
CSS,Caribbean small states,1984,2778.8764750708,5.87390995025635
CSS,Caribbean small states,1985,2722.84119989247,5.57982492446899
CSS,Caribbean small states,1986,2466.29983795931,4.60398006439209
CSS,Caribbean small states,1987,2633.11342385481,
CSS,Caribbean small states,1988,2775.60998221238,3.94086003303528
CSS,Caribbean small states,1989,2827.69316164789,4.69192504882813
CSS,Caribbean small states,1990,2997.32438955763,4.21664500236512
CSS,Caribbean small states,1991,2945.29808051697,4.38306999206543
CSS,Caribbean small states,1992,2874.37479722992,3.33665990829468
CSS,Caribbean small states,1993,3078.92409918499,3.21403002738953
CSS,Caribbean small states,1994,3208.61712660398,3.74799990653992
CSS,Caribbean small states,1995,3507.90476568646,3.47381496429444
CSS,Caribbean small states,1996,3799.49033690823,3.463250041008
CSS,Caribbean small states,1997,4417.55133228231,3.85237503051758
CSS,Caribbean small states,1998,4686.46634309385,2.43892002105713
CSS,Caribbean small states,1999,4933.02745989471,2.75611996650696
CSS,Caribbean small states,2000,5252.80973469214,3.86956000328064
CSS,Caribbean small states,2001,5374.13719759075,4.22316002845765
CSS,Caribbean small states,2002,5599.15445851916,4.45911991596222
CSS,Caribbean small states,2003,5943.61064462591,3.6967248916626
CSS,Caribbean small states,2004,6459.36850224975,3.91254997253418
CSS,Caribbean small states,2005,7253.53734404522,4.61641979217529
CSS,Caribbean small states,2006,8061.23099552721,
CSS,Caribbean small states,2007,8913.79195054712,5.49022006988525
CSS,Caribbean small states,2008,10059.8331518042,6.19131994247437
CSS,Caribbean small states,2009,8411.00767307935,6.19848012924194
CSS,Caribbean small states,2010,9086.89479336194,6.37060022354126
CSS,Caribbean small states,2011,9762.053462936899,6.26664018630981
CSS,Caribbean small states,2012,10017.3835886664,6.11246013641357
CSS,Caribbean small states,2013,10140.1659423388,6.25108003616333
CSS,Caribbean small states,2014,10202.2747658002,6.01654005050659
CSS,Caribbean small states,2015,9939.8012060274,5.45577001571655
CSS,Caribbean small states,2016,9384.914523597919,5.31508016586304
CSS,Caribbean small states,2017,9557.517493176931,5.2606201171875
CSS,Caribbean small states,2018,9982.26808917155,5.4147801399231
CSS,Caribbean small states,2019,10307.586280788,5.16918992996216
CUB,Cuba,1970,653.426503244002,
CUB,Cuba,1971,779.724141057318,
CUB,Cuba,1972,901.36730417732,
CUB,Cuba,1973,1088.12756544109,
CUB,Cuba,1974,1223.69108680216,
CUB,Cuba,1975,1379.08169487543,
CUB,Cuba,1976,1443.30213122851,
CUB,Cuba,1977,1472.72958190941,
CUB,Cuba,1978,1835.11153638088,
CUB,Cuba,1979,2000.2799846174,
CUB,Cuba,1980,2021.72422476312,8.36909008026123
CUB,Cuba,1981,2035.60764206827,
CUB,Cuba,1982,2107.93179284867,
CUB,Cuba,1983,2224.65326296279,
CUB,Cuba,1984,2396.35413962584,
CUB,Cuba,1985,2269.8249939123,
CUB,Cuba,1986,2378.90955458506,
CUB,Cuba,1987,2451.13347591453,
CUB,Cuba,1988,2640.92045416403,
CUB,Cuba,1989,2572.69047041421,
CUB,Cuba,1990,2703.16803909913,
CUB,Cuba,1991,2278.20867952349,7.14496994018555
CUB,Cuba,1992,2057.10340389586,
CUB,Cuba,1993,2073.09486493986,7.07476997375488
CUB,Cuba,1994,2624.75679268486,5.61948013305664
CUB,Cuba,1995,2794.73726831627,
CUB,Cuba,1996,2286.92738187011,
CUB,Cuba,1997,2308.14619501185,
CUB,Cuba,1998,2331.46564828514,6.20873022079468
CUB,Cuba,1999,2558.90479373766,6.75523996353149
CUB,Cuba,2000,2747.09857519438,7.70481014251709
CUB,Cuba,2001,2837.73801762292,8.358090400695801
CUB,Cuba,2002,2999.24524433842,9.571169853210449
CUB,Cuba,2003,3197.13375407632,9.940859794616699
CUB,Cuba,2004,3395.71205023126,10.2682304382324
CUB,Cuba,2005,3786.66479540796,10.5577802658081
CUB,Cuba,2006,4683.5661553675,9.057169914245611
CUB,Cuba,2007,5208.71607293921,11.8682098388672
CUB,Cuba,2008,5411.27141824963,14.0590801239014
CUB,Cuba,2009,5529.67036020975,13.1248598098755
CUB,Cuba,2010,5730.35477459488,12.8373098373413
CUB,Cuba,2011,6139.71932965905,
CUB,Cuba,2012,6497.32111313561,
CUB,Cuba,2013,6837.71289192677,
CUB,Cuba,2014,7133.34209494342,
CUB,Cuba,2015,7694.0119195241,
CUB,Cuba,2016,8060.79588647979,
CUB,Cuba,2017,8541.210673466399,
CUB,Cuba,2018,8821.818891250041,
CUW,Curacao,2011,20146.3864122001,
CUW,Curacao,2012,20587.397358013,
CUW,Curacao,2013,20462.7179539813,4.93095016479492
CUW,Curacao,2014,20258.0096948833,
CUW,Curacao,2015,19951.3279030441,
CUW,Curacao,2016,19555.3658492891,
CUW,Curacao,2017,19457.5315232205,
CUW,Curacao,2018,19573.892645136,
CYM,Cayman Islands,2006,83322.78344346229,
CYM,Cayman Islands,2007,85434.26817409341,
CYM,Cayman Islands,2008,85187.84023520831,
CYM,Cayman Islands,2009,77398.0158439916,
CYM,Cayman Islands,2010,73350.78482190669,
CYM,Cayman Islands,2011,72328.41164090599,
CYM,Cayman Islands,2012,72783.32043760399,
CYM,Cayman Islands,2013,73515.8953177856,
CYM,Cayman Islands,2014,74990.4332223775,
CYM,Cayman Islands,2015,76280.4862528245,
CYM,Cayman Islands,2016,78296.0999272332,
CYM,Cayman Islands,2017,81124.51347948211,
CYM,Cayman Islands,2018,85477.28701306869,
CYP,Cyprus,1975,976.33424476934,4.33502006530762
CYP,Cyprus,1976,1157.41164807939,3.81970000267029
CYP,Cyprus,1977,1476.27154273967,3.38548994064331
CYP,Cyprus,1978,1929.40360692052,3.31234002113342
CYP,Cyprus,1979,2559.25967546587,3.35313010215759
CYP,Cyprus,1980,4232.02293870659,3.42600989341736
CYP,Cyprus,1981,4033.24047772902,3.79132008552551
CYP,Cyprus,1982,4122.78449894301,3.73178005218506
CYP,Cyprus,1983,4091.04849762666,
CYP,Cyprus,1984,4258.74358947914,3.60191011428833
CYP,Cyprus,1985,4488.28700259453,3.58696007728577
CYP,Cyprus,1986,5642.63147635102,3.48897004127502
CYP,Cyprus,1987,6690.57797489323,3.4487099647522
CYP,Cyprus,1988,7645.62976711711,3.37546992301941
CYP,Cyprus,1989,8038.91424224167,3.37627005577087
CYP,Cyprus,1990,9641.57527301293,3.33924007415771
CYP,Cyprus,1991,9696.099593323621,3.57539010047913
CYP,Cyprus,1992,11310.0719239521,3.78029990196228
CYP,Cyprus,1993,10526.1417696747,4.09555006027222
CYP,Cyprus,1994,11617.6927784249,4.15996980667114
CYP,Cyprus,1995,15261.4105623727,3.74123001098633
CYP,Cyprus,1996,15139.22613332,
CYP,Cyprus,1997,14234.2443841858,
CYP,Cyprus,1998,15092.8262545433,
CYP,Cyprus,1999,15287.919127344,4.7720799446106
CYP,Cyprus,2000,14388.3480609917,4.98954010009766
CYP,Cyprus,2001,14821.4468167502,5.11552000045776
CYP,Cyprus,2002,16093.214611298,5.58166980743408
CYP,Cyprus,2003,20252.2389846021,6.6702299118042
CYP,Cyprus,2004,23792.6213632243,6.11772012710571
CYP,Cyprus,2005,24959.2591697881,6.28667020797729
CYP,Cyprus,2006,26729.3234045802,6.3302698135376
CYP,Cyprus,2007,31244.9262239722,6.28082990646362
CYP,Cyprus,2008,35397.3636837901,6.72276020050049
CYP,Cyprus,2009,32109.2425148579,7.2054500579834
CYP,Cyprus,2010,31023.6383309791,6.542799949646
CYP,Cyprus,2011,32396.3857437121,6.53853988647461
CYP,Cyprus,2012,28912.1569390403,
CYP,Cyprus,2013,27729.1926990735,6.48377990722656
CYP,Cyprus,2014,27129.6261211298,6.44850015640259
CYP,Cyprus,2015,23333.7149112129,6.346360206604
CYP,Cyprus,2016,24532.5190588269,6.16379976272583
CYP,Cyprus,2017,26338.6943443136,5.77719020843506
CYP,Cyprus,2018,28689.7067225792,
CYP,Cyprus,2019,27858.3709958327,
CZE,Czech Republic,1990,3917.15984010204,
CZE,Czech Republic,1991,2878.71928306369,
CZE,Czech Republic,1992,3352.03416144651,3.77507996559143
CZE,Czech Republic,1993,3931.74446274757,4.18451976776123
CZE,Czech Republic,1994,4601.95231248673,4.6788501739502
CZE,Czech Republic,1995,5788.15073679709,4.54562997817993
CZE,Czech Republic,1996,6493.86334640108,4.27039003372192
CZE,Czech Republic,1997,5996.83381043982,
CZE,Czech Republic,1998,6458.90450104404,3.5971999168396
CZE,Czech Republic,1999,6307.69800377791,3.684809923172
CZE,Czech Republic,2000,6011.61522035701,3.65089011192322
CZE,Czech Republic,2001,6609.20552986054,3.7485499382019
CZE,Czech Republic,2002,8032.89661245767,3.97255992889404
CZE,Czech Republic,2003,9773.11750251281,4.13642978668213
CZE,Czech Republic,2004,11685.8872407234,4.01423978805542
CZE,Czech Republic,2005,13346.1763898857,3.89037990570068
CZE,Czech Republic,2006,15183.6360541375,4.21710014343262
CZE,Czech Republic,2007,18373.6489976913,3.86663007736206
CZE,Czech Republic,2008,22698.8539572605,3.74454998970032
CZE,Czech Republic,2009,19741.5976279826,4.17127990722656
CZE,Czech Republic,2010,19808.0710912518,4.06445980072021
CZE,Czech Republic,2011,21717.4579392202,4.27214002609253
CZE,Czech Republic,2012,19729.8705111763,4.2508602142334
CZE,Czech Republic,2013,19916.0193873722,4.0908899307251
CZE,Czech Republic,2014,19744.5586092159,3.99462008476257
CZE,Czech Republic,2015,17715.6168523009,5.78884983062744
CZE,Czech Republic,2016,18463.3865756564,5.58737993240356
CZE,Czech Republic,2017,20379.8960396417,3.85402011871338
CZE,Czech Republic,2018,23046.9491261402,
CZE,Czech Republic,2019,23101.7777049854,
DEU,Germany,1970,2761.16683631154,
DEU,Germany,1971,3192.1336177736,
DEU,Germany,1972,3809.98144723309,
DEU,Germany,1973,5046.75510676642,
DEU,Germany,1974,5639.07761842548,
DEU,Germany,1975,6236.3588853405,
DEU,Germany,1976,6634.85689909309,
DEU,Germany,1977,7682.95377600642,
DEU,Germany,1978,9482.042845906521,
DEU,Germany,1979,11281.0233217764,
DEU,Germany,1980,12138.3081048011,
DEU,Germany,1981,10209.0731131771,
DEU,Germany,1982,9913.737643651821,
DEU,Germany,1983,9864.3449403866,
DEU,Germany,1984,9313.169414196531,
DEU,Germany,1985,9429.56921260612,
DEU,Germany,1986,13461.8310057324,
DEU,Germany,1987,16677.5107867621,
DEU,Germany,1988,17931.282325738,
DEU,Germany,1989,17764.3764392283,
DEU,Germany,1990,22303.9613327585,
DEU,Germany,1991,23357.757725073,
DEU,Germany,1992,26438.2303888417,
DEU,Germany,1993,25522.6295733618,4.40791988372803
DEU,Germany,1994,27076.60675014,4.33663988113403
DEU,Germany,1995,31658.3493789135,4.4307599067688
DEU,Germany,1996,30485.8665482279,4.49470996856689
DEU,Germany,1997,26964.0494672673,
DEU,Germany,1998,27289.0593603191,4.46187019348145
DEU,Germany,1999,26725.9152182573,
DEU,Germany,2000,23635.9292203977,
DEU,Germany,2001,23607.8828553922,
DEU,Germany,2002,25077.7290759602,
DEU,Germany,2003,30243.5765296979,
DEU,Germany,2004,34044.0536341248,
DEU,Germany,2005,34507.3688142332,
DEU,Germany,2006,36323.4477421822,4.2939600944519
DEU,Germany,2007,41587.2128984264,4.36679983139038
DEU,Germany,2008,45427.151677489,4.43594980239868
DEU,Germany,2009,41485.9016495139,4.90951013565063
DEU,Germany,2010,41531.9341978689,4.94367980957031
DEU,Germany,2011,46644.776027968,4.82487010955811
DEU,Germany,2012,43858.3630551076,4.95658016204834
DEU,Germany,2013,46285.7640688407,4.96111011505127
DEU,Germany,2014,47959.9932737599,4.93962001800537
DEU,Germany,2015,41139.5445685533,4.83498001098633
DEU,Germany,2016,42098.9204453545,4.84021997451782
DEU,Germany,2017,44349.5896552757,4.90511989593506
DEU,Germany,2018,47639.0034407122,
DEU,Germany,2019,46258.8782897052,
DJI,Djibouti,1985,801.172727261608,
DJI,Djibouti,1987,761.4703124149351,
DJI,Djibouti,1988,748.195249198534,
DJI,Djibouti,1989,725.742532069468,
DJI,Djibouti,1990,766.1409545474,
DJI,Djibouti,1991,762.0113217330641,
DJI,Djibouti,1992,777.262329602146,
DJI,Djibouti,1993,753.520188893783,
DJI,Djibouti,1994,790.032265170134,
DJI,Djibouti,1995,789.551769053208,
DJI,Djibouti,1996,767.500314974148,
DJI,Djibouti,1997,760.635021178711,
DJI,Djibouti,1998,755.761693583278,
DJI,Djibouti,1999,765.856135000962,7.62947988510132
DJI,Djibouti,2000,768.17607674712,9.659999847412109
DJI,Djibouti,2001,780.908222642322,7.80542993545532
DJI,Djibouti,2002,791.389478167512,8.44760036468506
DJI,Djibouti,2003,818.86662978308,8.88984966278076
DJI,Djibouti,2004,863.231612341457,9.264670372009279
DJI,Djibouti,2005,904.729748876566,8.365889549255369
DJI,Djibouti,2006,967.668622919565,8.27877998352051
DJI,Djibouti,2007,1052.72565197384,8.40625
DJI,Djibouti,2008,1223.85686092098,
DJI,Djibouti,2009,1267.31280083416,
DJI,Djibouti,2010,1343.26872994437,4.49022006988525
DJI,Djibouti,2011,1451.54297984389,
DJI,Djibouti,2012,1559.24065068226,
DJI,Djibouti,2013,2312.72880330353,
DJI,Djibouti,2014,2464.32784119361,
DJI,Djibouti,2015,2658.97875260181,3.59024000167847
DJI,Djibouti,2016,2802.19705115707,3.92439007759094
DJI,Djibouti,2017,2914.38385631251,3.74855995178223
DJI,Djibouti,2018,3141.88921873893,3.62773990631104
DJI,Djibouti,2019,3408.84625440838,
DMA,Dominica,1977,624.631636811103,
DMA,Dominica,1978,769.078341978832,
DMA,Dominica,1979,734.010524833419,
DMA,Dominica,1980,966.6815377397739,
DMA,Dominica,1981,1090.27328886469,
DMA,Dominica,1982,1193.65327609118,
DMA,Dominica,1983,1324.66725939451,
DMA,Dominica,1984,1478.07166782766,
DMA,Dominica,1985,1632.38115548917,
DMA,Dominica,1986,1863.45468295146,
DMA,Dominica,1987,2113.92715186721,
DMA,Dominica,1988,2402.90675309058,
DMA,Dominica,1989,2617.77983064863,4.28990983963013
DMA,Dominica,1990,2860.4315596643,
DMA,Dominica,1991,3122.78998241143,
DMA,Dominica,1992,3317.90455969692,
DMA,Dominica,1993,3466.38608226049,
DMA,Dominica,1994,3721.34716533179,
DMA,Dominica,1995,3861.17961332454,
DMA,Dominica,1996,4120.41840532311,
DMA,Dominica,1997,4291.69230704663,
DMA,Dominica,1998,4593.71449528891,5.73986005783081
DMA,Dominica,1999,4750.61215722775,4.02858018875122
DMA,Dominica,2000,4787.78017069474,
DMA,Dominica,2001,4883.7236627966,
DMA,Dominica,2002,4771.04092651725,
DMA,Dominica,2003,4897.44174988112,
DMA,Dominica,2004,5217.230415605,
DMA,Dominica,2005,5160.22431361932,
DMA,Dominica,2006,5518.39910840448,
DMA,Dominica,2007,5952.0566685762,
DMA,Dominica,2008,6469.14573799801,
DMA,Dominica,2009,6902.85716974119,
DMA,Dominica,2010,6967.26665433457,
DMA,Dominica,2011,7065.06184677542,
DMA,Dominica,2012,6848.3942266793,
DMA,Dominica,2013,7016.67647144723,
DMA,Dominica,2014,7318.10378289945,
DMA,Dominica,2015,7596.43506226258,3.40858006477356
DMA,Dominica,2016,8080.96862341186,
DMA,Dominica,2017,7274.72133332918,
DMA,Dominica,2018,7691.34509727878,
DMA,Dominica,2019,8300.375074272129,5.57345008850098
DNK,Denmark,1966,2487.13618090884,
DNK,Denmark,1967,2700.74628964677,
DNK,Denmark,1968,2776.13539044344,
DNK,Denmark,1969,3151.13316134695,
DNK,Denmark,1970,3464.45515573196,5.95553016662598
DNK,Denmark,1971,3845.50608879175,6.39355993270874
DNK,Denmark,1972,4654.29893603922,6.48130989074707
DNK,Denmark,1973,6119.37022218668,6.26610994338989
DNK,Denmark,1974,6770.75002682893,6.58151006698608
DNK,Denmark,1975,7999.11266676484,6.71312999725342
DNK,Denmark,1976,8787.589721932971,
DNK,Denmark,1977,9783.852021513219,5.67212009429932
DNK,Denmark,1978,11826.0186130503,5.75346994400024
DNK,Denmark,1979,13751.998948016,5.58649015426636
DNK,Denmark,1980,13883.8871432732,5.91093015670776
DNK,Denmark,1981,12081.8010496077,
DNK,Denmark,1982,11804.4328880134,
DNK,Denmark,1983,11857.8921357231,
DNK,Denmark,1984,11562.9190778487,
DNK,Denmark,1985,12253.1002141785,
DNK,Denmark,1986,17201.0888129674,5.83825016021729
DNK,Denmark,1987,21340.7278625524,6.07808017730713
DNK,Denmark,1988,22527.0467265631,6.33533000946045
DNK,Denmark,1989,21901.054745944,5.83814001083374
DNK,Denmark,1990,26891.4464489571,
DNK,Denmark,1991,27011.3774590051,5.59675979614258
DNK,Denmark,1992,29569.6603567112,
DNK,Denmark,1993,27597.9752286357,7.77281999588013
DNK,Denmark,1994,29995.5796235479,7.47105979919434
DNK,Denmark,1995,35351.3654606819,7.47103977203369
DNK,Denmark,1996,35650.7140860994,7.8849401473999
DNK,Denmark,1997,32835.9399398833,
DNK,Denmark,1998,33368.142415092,8.10674953460693
DNK,Denmark,1999,33440.7948054204,7.93115997314453
DNK,Denmark,2000,30743.5476816354,8.08434009552002
DNK,Denmark,2001,30751.654348268,8.215450286865231
DNK,Denmark,2002,33228.6935448819,8.213029861450201
DNK,Denmark,2003,40458.7773986609,8.12193012237549
DNK,Denmark,2004,46511.5983324305,8.2076301574707
DNK,Denmark,2005,48799.8256011275,8.08557033538818
DNK,Denmark,2006,52026.9995142723,7.72990989685059
DNK,Denmark,2007,58487.0549677696,7.61560010910034
DNK,Denmark,2008,64322.0635020842,7.47604990005493
DNK,Denmark,2009,58163.2768762815,8.448880195617679
DNK,Denmark,2010,58041.3984363385,8.559550285339361
DNK,Denmark,2011,61753.647131977,8.484860420227051
DNK,Denmark,2012,58507.5080517852,7.23782014846802
DNK,Denmark,2013,61191.1937042028,8.494429588317869
DNK,Denmark,2014,62548.9847332908,7.634850025177
DNK,Denmark,2015,53254.8560039631,
DNK,Denmark,2016,54663.9983719195,
DNK,Denmark,2017,57141.0598350414,7.81608009338379
DNK,Denmark,2018,61390.6930097009,
DNK,Denmark,2019,59822.0929608968,
DOM,Dominican Republic,1960,204.11474750958,
DOM,Dominican Republic,1961,192.027725260401,
DOM,Dominican Republic,1962,234.051629386729,
DOM,Dominican Republic,1963,258.595852955478,
DOM,Dominican Republic,1964,272.974146237077,
DOM,Dominican Republic,1965,229.02367729865,
DOM,Dominican Republic,1966,245.987545364814,
DOM,Dominican Republic,1967,250.9766941897,
DOM,Dominican Republic,1968,254.051857561451,
DOM,Dominican Republic,1969,281.377797656778,
DOM,Dominican Republic,1970,330.131652636164,2.64078998565674
DOM,Dominican Republic,1971,360.152229961467,
DOM,Dominican Republic,1972,417.919700285504,
DOM,Dominican Republic,1973,480.052967973334,
DOM,Dominican Republic,1974,583.484188569677,
DOM,Dominican Republic,1975,699.602323740237,
DOM,Dominican Republic,1976,748.9901947962099,
DOM,Dominican Republic,1977,848.284789644013,
DOM,Dominican Republic,1978,854.648087674358,
DOM,Dominican Republic,1979,969.498732059698,
DOM,Dominican Republic,1980,1164.95262604095,
DOM,Dominican Republic,1981,1273.82343630942,
DOM,Dominican Republic,1982,1362.51044452904,1.53891003131866
DOM,Dominican Republic,1983,1487.27486873879,1.46382999420166
DOM,Dominican Republic,1984,1831.08530261077,1.33455002307892
DOM,Dominican Republic,1985,780.385865786157,1.21019005775452
DOM,Dominican Republic,1986,928.03295214205,
DOM,Dominican Republic,1987,865.831368523135,
DOM,Dominican Republic,1988,783.035059006897,
DOM,Dominican Republic,1989,955.515872780031,
DOM,Dominican Republic,1990,991.614424124905,
DOM,Dominican Republic,1991,1338.89604477862,
DOM,Dominican Republic,1992,1532.90322395673,
DOM,Dominican Republic,1993,1733.40045528614,.773949980735779
DOM,Dominican Republic,1994,1908.4847543857,.893369972705841
DOM,Dominican Republic,1995,2122.79766569208,1.0333000421524
DOM,Dominican Republic,1996,2293.75524674311,1.22724997997284
DOM,Dominican Republic,1997,2476.11344027155,
DOM,Dominican Republic,1998,2638.34947965773,
DOM,Dominican Republic,1999,2653.34401171644,
DOM,Dominican Republic,2000,2869.10586072527,1.88829004764557
DOM,Dominican Republic,2001,2977.14842791109,1.96782994270325
DOM,Dominican Republic,2002,3136.15518697774,1.9140100479126
DOM,Dominican Republic,2003,2445.43589302222,1.84465003013611
DOM,Dominican Republic,2004,2528.57719913865,
DOM,Dominican Republic,2005,3970.32284040996,
DOM,Dominican Republic,2006,4134.68378533407,
DOM,Dominican Republic,2007,4707.79253191697,2.04678988456726
DOM,Dominican Republic,2008,5087.98536458932,
DOM,Dominican Republic,2009,5039.40259591689,
DOM,Dominican Republic,2010,5555.38972190199,
DOM,Dominican Republic,2011,5913.43207224236,
DOM,Dominican Republic,2012,6110.36965247193,
DOM,Dominican Republic,2013,6238.13360822241,
DOM,Dominican Republic,2014,6608.82810187508,
DOM,Dominican Republic,2015,6921.5172283795,
DOM,Dominican Republic,2016,7280.88010922762,
DOM,Dominican Republic,2017,7609.33879943715,
DOM,Dominican Republic,2018,8050.63044027449,
DOM,Dominican Republic,2019,8282.1162218645,
DZA,Algeria,1962,172.245997766356,
DZA,Algeria,1963,226.899988804342,
DZA,Algeria,1964,238.048532020905,
DZA,Algeria,1965,249.883486058815,
DZA,Algeria,1966,235.598111822427,
DZA,Algeria,1967,253.923650753479,
DZA,Algeria,1968,281.925745024389,
DZA,Algeria,1969,302.752306734104,
DZA,Algeria,1970,336.224855584547,
DZA,Algeria,1971,341.388987340498,
DZA,Algeria,1972,442.351878193504,
DZA,Algeria,1973,554.755124929209,
DZA,Algeria,1974,817.988308478181,
DZA,Algeria,1975,936.790025769149,
DZA,Algeria,1976,1037.60703844052,
DZA,Algeria,1977,1192.74388765763,
DZA,Algeria,1978,1456.41939597215,
DZA,Algeria,1979,1782.69798137911,7.18201017379761
DZA,Algeria,1980,2202.99736479746,6.59742021560669
DZA,Algeria,1981,2237.08632490354,
DZA,Algeria,1982,2210.30192760168,
DZA,Algeria,1983,2312.65561948251,
DZA,Algeria,1984,2467.34642199031,
DZA,Algeria,1985,2582.87958916856,
DZA,Algeria,1986,2757.13052415538,
DZA,Algeria,1987,2807.33029744222,
DZA,Algeria,1988,2417.3766834056,
DZA,Algeria,1989,2215.84755797478,
DZA,Algeria,1990,2408.68881482248,
DZA,Algeria,1991,1731.61127444317,
DZA,Algeria,1992,1776.03667438071,
DZA,Algeria,1993,1807.32854846258,
DZA,Algeria,1994,1507.86531803627,
DZA,Algeria,1995,1452.26944487837,
DZA,Algeria,1996,1603.93792062434,
DZA,Algeria,1997,1619.80622391421,
DZA,Algeria,1998,1596.00371429844,
DZA,Algeria,1999,1588.34750283895,
DZA,Algeria,2000,1764.97382982785,
DZA,Algeria,2001,1740.64242309447,
DZA,Algeria,2002,1781.83736487376,
DZA,Algeria,2003,2103.41305835023,
DZA,Algeria,2004,2609.94560777437,
DZA,Algeria,2005,3113.10109432814,
DZA,Algeria,2006,3478.65487075233,
DZA,Algeria,2007,3950.51936900172,
DZA,Algeria,2008,4923.62926502041,4.33701992034912
DZA,Algeria,2009,3883.26127101905,
DZA,Algeria,2010,4480.79927130159,
DZA,Algeria,2011,5455.85352874953,
DZA,Algeria,2012,5592.25709916356,
DZA,Algeria,2013,5499.58148704572,
DZA,Algeria,2014,5493.02558996263,
DZA,Algeria,2015,4177.89251546889,
DZA,Algeria,2016,3946.44397689835,
DZA,Algeria,2017,4044.27660039876,
DZA,Algeria,2018,4114.71506136896,
DZA,Algeria,2019,3948.34327892571,
EAP,East Asia & Pacific (excluding high income),1960,89.67743490875159,
EAP,East Asia & Pacific (excluding high income),1961,78.7561125398517,
EAP,East Asia & Pacific (excluding high income),1962,71.2185683138683,
EAP,East Asia & Pacific (excluding high income),1963,75.1934913923557,
EAP,East Asia & Pacific (excluding high income),1964,85.08692605838129,
EAP,East Asia & Pacific (excluding high income),1965,96.8708300264887,
EAP,East Asia & Pacific (excluding high income),1966,103.148124479373,
EAP,East Asia & Pacific (excluding high income),1967,97.3726465193706,
EAP,East Asia & Pacific (excluding high income),1968,95.7254574102933,
EAP,East Asia & Pacific (excluding high income),1969,104.601687476361,
EAP,East Asia & Pacific (excluding high income),1970,113.460764776996,
EAP,East Asia & Pacific (excluding high income),1971,118.74820100649,
EAP,East Asia & Pacific (excluding high income),1972,131.395177147323,
EAP,East Asia & Pacific (excluding high income),1973,161.582597932799,
EAP,East Asia & Pacific (excluding high income),1974,178.369064711409,
EAP,East Asia & Pacific (excluding high income),1975,196.67803142157,
EAP,East Asia & Pacific (excluding high income),1976,196.158289366667,
EAP,East Asia & Pacific (excluding high income),1977,223.076991246144,
EAP,East Asia & Pacific (excluding high income),1978,212.592225767242,
EAP,East Asia & Pacific (excluding high income),1979,242.410249182839,
EAP,East Asia & Pacific (excluding high income),1980,275.477091116535,
EAP,East Asia & Pacific (excluding high income),1981,289.432077431216,
EAP,East Asia & Pacific (excluding high income),1982,298.645554129104,
EAP,East Asia & Pacific (excluding high income),1983,308.160758090661,
EAP,East Asia & Pacific (excluding high income),1984,329.292241169505,
EAP,East Asia & Pacific (excluding high income),1985,355.139725953367,
EAP,East Asia & Pacific (excluding high income),1986,348.241088063891,
EAP,East Asia & Pacific (excluding high income),1987,337.983097770149,
EAP,East Asia & Pacific (excluding high income),1988,368.40595540298,
EAP,East Asia & Pacific (excluding high income),1989,391.582191055023,
EAP,East Asia & Pacific (excluding high income),1990,413.013585898093,
EAP,East Asia & Pacific (excluding high income),1991,441.509129875297,
EAP,East Asia & Pacific (excluding high income),1992,487.902308926385,
EAP,East Asia & Pacific (excluding high income),1993,528.5850423470851,
EAP,East Asia & Pacific (excluding high income),1994,627.646307698788,
EAP,East Asia & Pacific (excluding high income),1995,765.005988766565,2.44208997488022
EAP,East Asia & Pacific (excluding high income),1996,868.055006331645,2.89630997180939
EAP,East Asia & Pacific (excluding high income),1997,888.503731681035,3.73306500911713
EAP,East Asia & Pacific (excluding high income),1998,805.175080248192,
EAP,East Asia & Pacific (excluding high income),1999,876.41746400123,
EAP,East Asia & Pacific (excluding high income),2000,956.672098087719,4.20893001556396
EAP,East Asia & Pacific (excluding high income),2001,1008.36826338406,2.69233500957489
EAP,East Asia & Pacific (excluding high income),2002,1106.27981307068,2.89222002029419
EAP,East Asia & Pacific (excluding high income),2003,1241.63252756987,
EAP,East Asia & Pacific (excluding high income),2004,1428.05772770913,2.74847006797791
EAP,East Asia & Pacific (excluding high income),2005,1640.96005591057,
EAP,East Asia & Pacific (excluding high income),2006,1961.13296492694,
EAP,East Asia & Pacific (excluding high income),2007,2461.09418655988,3.07841992378235
EAP,East Asia & Pacific (excluding high income),2008,3091.07328256698,3.50850009918213
EAP,East Asia & Pacific (excluding high income),2009,3327.85153444772,3.86193990707397
EAP,East Asia & Pacific (excluding high income),2010,4005.48896330204,4.07677006721497
EAP,East Asia & Pacific (excluding high income),2011,4858.58187445479,4.60902976989746
EAP,East Asia & Pacific (excluding high income),2012,5378.84238954118,4.86595988273621
EAP,East Asia & Pacific (excluding high income),2013,5891.45776577728,4.53239512443542
EAP,East Asia & Pacific (excluding high income),2014,6306.32841414278,
EAP,East Asia & Pacific (excluding high income),2015,6522.67436374416,
EAP,East Asia & Pacific (excluding high income),2016,6612.24847115179,
EAP,East Asia & Pacific (excluding high income),2017,7173.39830759621,
EAP,East Asia & Pacific (excluding high income),2018,7971.13751452149,
EAP,East Asia & Pacific (excluding high income),2019,8222.07772991917,
EAR,Early-demographic dividend,1960,154.805293911203,
EAR,Early-demographic dividend,1961,152.345913893634,
EAR,Early-demographic dividend,1962,154.419964444433,
EAR,Early-demographic dividend,1963,159.875629705146,
EAR,Early-demographic dividend,1964,179.163446542043,
EAR,Early-demographic dividend,1965,189.671075809504,
EAR,Early-demographic dividend,1966,182.543776389468,
EAR,Early-demographic dividend,1967,187.198548197951,
EAR,Early-demographic dividend,1968,197.7590085542,
EAR,Early-demographic dividend,1969,215.574684010114,
EAR,Early-demographic dividend,1970,223.741933003273,
EAR,Early-demographic dividend,1971,235.714283053239,
EAR,Early-demographic dividend,1972,252.866632869272,
EAR,Early-demographic dividend,1973,315.474265030395,
EAR,Early-demographic dividend,1974,431.592209222501,
EAR,Early-demographic dividend,1975,451.457165619754,
EAR,Early-demographic dividend,1976,480.585841148038,
EAR,Early-demographic dividend,1977,524.482328417111,
EAR,Early-demographic dividend,1978,567.167904229543,
EAR,Early-demographic dividend,1979,673.263959449243,
EAR,Early-demographic dividend,1980,815.864697044804,
EAR,Early-demographic dividend,1981,887.152484330263,
EAR,Early-demographic dividend,1982,824.593492396269,
EAR,Early-demographic dividend,1983,811.174220763105,
EAR,Early-demographic dividend,1984,784.485231340817,
EAR,Early-demographic dividend,1985,784.701423815702,
EAR,Early-demographic dividend,1986,771.535521236091,
EAR,Early-demographic dividend,1987,756.415432419397,
EAR,Early-demographic dividend,1988,787.319907518675,
EAR,Early-demographic dividend,1989,782.028061200218,
EAR,Early-demographic dividend,1990,896.596766673961,
EAR,Early-demographic dividend,1991,929.427180092474,
EAR,Early-demographic dividend,1992,998.747172171576,
EAR,Early-demographic dividend,1993,1071.53424509128,
EAR,Early-demographic dividend,1994,1101.23376583391,
EAR,Early-demographic dividend,1995,1108.57126518691,
EAR,Early-demographic dividend,1996,1183.89419811151,
EAR,Early-demographic dividend,1997,1241.89941259943,
EAR,Early-demographic dividend,1998,1204.35089548232,
EAR,Early-demographic dividend,1999,1251.11989778598,4.11037015914917
EAR,Early-demographic dividend,2000,1336.99930377226,3.98310995101929
EAR,Early-demographic dividend,2001,1300.56237934616,4.08877992630005
EAR,Early-demographic dividend,2002,1241.89569557748,3.40773010253906
EAR,Early-demographic dividend,2003,1358.49679191206,3.57422995567322
EAR,Early-demographic dividend,2004,1552.33630575658,3.41953003406525
EAR,Early-demographic dividend,2005,1780.27172502662,
EAR,Early-demographic dividend,2006,2003.73717640507,4.00178003311157
EAR,Early-demographic dividend,2007,2338.72449716311,3.56352996826172
EAR,Early-demographic dividend,2008,2595.77360108964,4.12538993358612
EAR,Early-demographic dividend,2009,2460.73656900614,
EAR,Early-demographic dividend,2010,2944.92579471656,4.02741003036499
EAR,Early-demographic dividend,2011,3252.8883056719,3.79618000984192
EAR,Early-demographic dividend,2012,3362.38279072181,3.71247005462646
EAR,Early-demographic dividend,2013,3373.30668044576,
EAR,Early-demographic dividend,2014,3444.08795085167,
EAR,Early-demographic dividend,2015,3297.40525634055,
EAR,Early-demographic dividend,2016,3328.52405517429,
EAR,Early-demographic dividend,2017,3548.28805066882,
EAR,Early-demographic dividend,2018,3582.00222702088,
EAR,Early-demographic dividend,2019,3641.49428094103,
EAS,East Asia & Pacific,1960,147.227854448751,
EAS,East Asia & Pacific,1961,147.151006951456,
EAS,East Asia & Pacific,1962,148.503446127822,
EAS,East Asia & Pacific,1963,161.776914029869,
EAS,East Asia & Pacific,1964,181.614452182483,
EAS,East Asia & Pacific,1965,197.56945316052,
EAS,East Asia & Pacific,1966,215.22394951789,
EAS,East Asia & Pacific,1967,227.609115571563,
EAS,East Asia & Pacific,1968,244.793882814073,
EAS,East Asia & Pacific,1969,274.597762888868,
EAS,East Asia & Pacific,1970,315.665444810867,
EAS,East Asia & Pacific,1971,341.960242243732,
EAS,East Asia & Pacific,1972,414.517264563221,
EAS,East Asia & Pacific,1973,534.4654696923089,
EAS,East Asia & Pacific,1974,602.272557096466,
EAS,East Asia & Pacific,1975,647.046684018795,
EAS,East Asia & Pacific,1976,699.623470077736,
EAS,East Asia & Pacific,1977,821.210479570016,
EAS,East Asia & Pacific,1978,1020.93177470304,
EAS,East Asia & Pacific,1979,1091.8753750803,
EAS,East Asia & Pacific,1980,1162.76781556976,3.01663994789123
EAS,East Asia & Pacific,1981,1262.72522732277,
EAS,East Asia & Pacific,1982,1217.48568015789,3.90329003334046
EAS,East Asia & Pacific,1983,1275.43569863308,
EAS,East Asia & Pacific,1984,1346.11302464995,
EAS,East Asia & Pacific,1985,1399.476020434,
EAS,East Asia & Pacific,1986,1800.75817188716,
EAS,East Asia & Pacific,1987,2080.69542446793,
EAS,East Asia & Pacific,1988,2463.56083031236,
EAS,East Asia & Pacific,1989,2526.02592311258,
EAS,East Asia & Pacific,1990,2599.11865356222,
EAS,East Asia & Pacific,1991,2893.45651140893,
EAS,East Asia & Pacific,1992,3120.42819332877,
EAS,East Asia & Pacific,1993,3446.9847018518,
EAS,East Asia & Pacific,1994,3808.01656470041,
EAS,East Asia & Pacific,1995,4276.2243547977,3.0936199426651
EAS,East Asia & Pacific,1996,4073.06125410186,
EAS,East Asia & Pacific,1997,3854.10231093289,
EAS,East Asia & Pacific,1998,3417.91865431555,
EAS,East Asia & Pacific,1999,3779.70134589648,
EAS,East Asia & Pacific,2000,4052.34337859087,
EAS,East Asia & Pacific,2001,3736.2279000556,3.49978005886078
EAS,East Asia & Pacific,2002,3765.7844194574,3.86491990089417
EAS,East Asia & Pacific,2003,4108.71311964656,
EAS,East Asia & Pacific,2004,4574.63326831179,3.65276002883911
EAS,East Asia & Pacific,2005,4848.23453824267,
EAS,East Asia & Pacific,2006,5105.55738845098,
EAS,East Asia & Pacific,2007,5672.54259773892,3.39274501800537
EAS,East Asia & Pacific,2008,6498.48764495174,3.41382503509521
EAS,East Asia & Pacific,2009,6647.74311372798,4.39212989807129
EAS,East Asia & Pacific,2010,7697.99280464496,3.63949990272522
EAS,East Asia & Pacific,2011,8861.4584655038,4.12580490112305
EAS,East Asia & Pacific,2012,9420.49788165368,4.53670978546143
EAS,East Asia & Pacific,2013,9466.235451670949,4.12402009963989
EAS,East Asia & Pacific,2014,9703.28402570889,4.15271997451782
EAS,East Asia & Pacific,2015,9598.27855497314,
EAS,East Asia & Pacific,2016,9857.98086489345,
EAS,East Asia & Pacific,2017,10467.7021916107,
EAS,East Asia & Pacific,2018,11316.7604501843,
EAS,East Asia & Pacific,2019,11526.7364862403,
ECA,Europe & Central Asia (excluding high income),1988,2425.74307166068,
ECA,Europe & Central Asia (excluding high income),1989,2326.4675973168,
ECA,Europe & Central Asia (excluding high income),1990,2475.48005214443,
ECA,Europe & Central Asia (excluding high income),1991,2400.15958808491,
ECA,Europe & Central Asia (excluding high income),1992,2200.73834436864,
ECA,Europe & Central Asia (excluding high income),1993,2149.46173710541,
ECA,Europe & Central Asia (excluding high income),1994,1842.19509080992,
ECA,Europe & Central Asia (excluding high income),1995,1965.63278553828,
ECA,Europe & Central Asia (excluding high income),1996,1982.53158279036,
ECA,Europe & Central Asia (excluding high income),1997,2067.21460255528,
ECA,Europe & Central Asia (excluding high income),1998,1913.48404288447,
ECA,Europe & Central Asia (excluding high income),1999,1604.12108923476,3.61807990074158
ECA,Europe & Central Asia (excluding high income),2000,1790.95485781846,3.34339499473572
ECA,Europe & Central Asia (excluding high income),2001,1770.45446433577,3.38423991203308
ECA,Europe & Central Asia (excluding high income),2002,2026.54606441126,3.15445995330811
ECA,Europe & Central Asia (excluding high income),2003,2553.07499113177,3.2861499786377
ECA,Europe & Central Asia (excluding high income),2004,3381.53020325593,3.22751998901367
ECA,Europe & Central Asia (excluding high income),2005,4269.88504079428,3.64203000068665
ECA,Europe & Central Asia (excluding high income),2006,5229.66385882101,3.40350008010864
ECA,Europe & Central Asia (excluding high income),2007,6709.63636590963,3.54795503616333
ECA,Europe & Central Asia (excluding high income),2008,8284.804298834961,4.10174989700317
ECA,Europe & Central Asia (excluding high income),2009,6466.58996840833,4.27628993988037
ECA,Europe & Central Asia (excluding high income),2010,7780.76665443152,
ECA,Europe & Central Asia (excluding high income),2011,9611.53680415616,4.08673501014709
ECA,Europe & Central Asia (excluding high income),2012,10189.2239751585,3.90556514263154
ECA,Europe & Central Asia (excluding high income),2013,10729.4077397626,
ECA,Europe & Central Asia (excluding high income),2014,9897.82794207497,
ECA,Europe & Central Asia (excluding high income),2015,7461.21170155524,3.81152498722077
ECA,Europe & Central Asia (excluding high income),2016,7043.48134673804,3.86126506328583
ECA,Europe & Central Asia (excluding high income),2017,7863.6790493156,4.09250020980835
ECA,Europe & Central Asia (excluding high income),2018,8013.86070821048,
ECA,Europe & Central Asia (excluding high income),2019,8110.72144821906,
ECS,Europe & Central Asia,1966,1031.53212378182,
ECS,Europe & Central Asia,1967,1100.74115228331,
ECS,Europe & Central Asia,1968,1141.41860646879,
ECS,Europe & Central Asia,1969,1251.82654282066,
ECS,Europe & Central Asia,1970,1377.5703305956,
ECS,Europe & Central Asia,1971,1544.6324134723,
ECS,Europe & Central Asia,1972,1836.9158891913,
ECS,Europe & Central Asia,1973,2318.79531207257,
ECS,Europe & Central Asia,1974,2601.92637028969,
ECS,Europe & Central Asia,1975,3015.57233941363,
ECS,Europe & Central Asia,1976,3112.95394421422,
ECS,Europe & Central Asia,1977,3497.42915232661,
ECS,Europe & Central Asia,1978,4258.74020599677,
ECS,Europe & Central Asia,1979,5160.54382909158,
ECS,Europe & Central Asia,1980,5794.5716148355,
ECS,Europe & Central Asia,1981,5123.15527530213,
ECS,Europe & Central Asia,1982,4907.33410397692,
ECS,Europe & Central Asia,1983,4733.63929246993,
ECS,Europe & Central Asia,1984,4523.07101401566,
ECS,Europe & Central Asia,1985,4653.13744686095,
ECS,Europe & Central Asia,1986,6312.45860504417,
ECS,Europe & Central Asia,1987,7752.66452543235,
ECS,Europe & Central Asia,1988,8577.613126540589,
ECS,Europe & Central Asia,1989,8641.697651109631,
ECS,Europe & Central Asia,1990,10520.672190743,
ECS,Europe & Central Asia,1991,10799.2893518256,
ECS,Europe & Central Asia,1992,11533.6394877354,
ECS,Europe & Central Asia,1993,10555.3806467342,5.10074996948243
ECS,Europe & Central Asia,1994,11009.4322039786,4.95306515693665
ECS,Europe & Central Asia,1995,12690.017454318,4.59609484672547
ECS,Europe & Central Asia,1996,12929.5144732976,4.49445009231567
ECS,Europe & Central Asia,1997,12247.410339893,
ECS,Europe & Central Asia,1998,12545.5956791077,4.45031023025513
ECS,Europe & Central Asia,1999,12388.7077579402,4.38371992111206
ECS,Europe & Central Asia,2000,11645.9747322513,4.16614007949829
ECS,Europe & Central Asia,2001,11759.6788132146,4.65009021759033
ECS,Europe & Central Asia,2002,12832.2639603797,4.43893480300903
ECS,Europe & Central Asia,2003,15581.5776943929,4.67322993278504
ECS,Europe & Central Asia,2004,18109.433364704,4.7387900352478
ECS,Europe & Central Asia,2005,19222.3739973969,4.87383985519409
ECS,Europe & Central Asia,2006,20752.6346690622,4.82054996490479
ECS,Europe & Central Asia,2007,24159.8164604628,4.67206001281738
ECS,Europe & Central Asia,2008,26415.0085343169,4.88065004348755
ECS,Europe & Central Asia,2009,23138.5605864774,5.05774998664856
ECS,Europe & Central Asia,2010,23604.6811937421,5.22003984451294
ECS,Europe & Central Asia,2011,26109.2590137749,4.9698600769043
ECS,Europe & Central Asia,2012,25068.3281202146,4.81181001663208
ECS,Europe & Central Asia,2013,26071.8520582126,5.02495002746582
ECS,Europe & Central Asia,2014,26301.0829908345,5.12400007247925
ECS,Europe & Central Asia,2015,22551.6008910796,4.88554000854492
ECS,Europe & Central Asia,2016,22371.6823872914,4.82100009918213
ECS,Europe & Central Asia,2017,23597.42400545,4.78323984146118
ECS,Europe & Central Asia,2018,25171.425966277,
ECS,Europe & Central Asia,2019,24696.3396075804,
ECU,Ecuador,1960,455.461586837328,
ECU,Ecuador,1961,375.2216257143,
ECU,Ecuador,1962,315.688244519312,
ECU,Ecuador,1963,368.629956130748,
ECU,Ecuador,1964,440.559715276871,
ECU,Ecuador,1965,455.198078758113,
ECU,Ecuador,1966,449.920290321545,
ECU,Ecuador,1967,459.278881380575,
ECU,Ecuador,1968,450.999787822339,
ECU,Ecuador,1969,527.900442550973,
ECU,Ecuador,1970,471.63071953343,2.00283002853394
ECU,Ecuador,1971,440.85736908036,1.87940001487732
ECU,Ecuador,1972,495.535764004719,
ECU,Ecuador,1973,588.336798309707,
ECU,Ecuador,1974,970.011438746612,
ECU,Ecuador,1975,1105.42008099839,
ECU,Ecuador,1976,1264.91287302125,
ECU,Ecuador,1977,1493.33135820098,2.41883993148804
ECU,Ecuador,1978,1572.40136018997,
ECU,Ecuador,1979,1821.04764801474,
ECU,Ecuador,1980,2238.21484227284,
ECU,Ecuador,1981,2660.61150307057,
ECU,Ecuador,1982,2369.95037511126,
ECU,Ecuador,1983,1988.78732313123,
ECU,Ecuador,1984,1912.43148704413,4.20342016220093
ECU,Ecuador,1985,1891.56060113359,5.23334980010986
ECU,Ecuador,1986,1648.0158016113,6.87237977981567
ECU,Ecuador,1987,1464.4932435055,
ECU,Ecuador,1988,1337.8894837854,
ECU,Ecuador,1989,1390.21311402663,
ECU,Ecuador,1990,1489.52950926574,
ECU,Ecuador,1991,1622.20824281116,
ECU,Ecuador,1992,1688.5050673671,
ECU,Ecuador,1993,1727.75405759406,
ECU,Ecuador,1994,2026.11271507455,
ECU,Ecuador,1995,2132.90696893928,1.99764001369476
ECU,Ecuador,1996,2155.51722947965,
ECU,Ecuador,1997,2356.37084318401,
ECU,Ecuador,1998,2293.88973536506,2.19536995887756
ECU,Ecuador,1999,1578.93353632547,1.54734003543854
ECU,Ecuador,2000,1445.27932442901,1.15093004703522
ECU,Ecuador,2001,1894.61516893932,
ECU,Ecuador,2002,2172.1018772447,
ECU,Ecuador,2003,2425.85184175715,
ECU,Ecuador,2004,2691.27808061965,
ECU,Ecuador,2005,3002.13686727475,
ECU,Ecuador,2006,3328.88297239765,
ECU,Ecuador,2007,3567.83643782206,
ECU,Ecuador,2008,4249.01926210976,
ECU,Ecuador,2009,4231.61579767847,4.34242010116577
ECU,Ecuador,2010,4633.59035839904,4.50743007659912
ECU,Ecuador,2011,5200.55579014874,4.72689008712769
ECU,Ecuador,2012,5682.04500655353,4.64307022094727
ECU,Ecuador,2013,6056.3308269681,5.00464010238647
ECU,Ecuador,2014,6377.09153014217,5.26099014282227
ECU,Ecuador,2015,6124.49164262072,4.99870014190674
ECU,Ecuador,2016,6060.09332904415,
ECU,Ecuador,2017,6213.50127649921,
ECU,Ecuador,2018,6295.93539868079,
ECU,Ecuador,2019,6183.82382482173,
EGY,"Egypt, Arab Rep.",1965,162.608482996222,
EGY,"Egypt, Arab Rep.",1966,168.963224188623,
EGY,"Egypt, Arab Rep.",1967,174.862587941817,
EGY,"Egypt, Arab Rep.",1968,180.410875649514,
EGY,"Egypt, Arab Rep.",1969,193.58598039818,
EGY,"Egypt, Arab Rep.",1970,233.013716294986,
EGY,"Egypt, Arab Rep.",1971,243.8067877406,4.52992010116577
EGY,"Egypt, Arab Rep.",1972,257.588729291181,4.5378999710083
EGY,"Egypt, Arab Rep.",1973,273.698584790361,
EGY,"Egypt, Arab Rep.",1974,244.747201960023,5.2266697883606
EGY,"Egypt, Arab Rep.",1975,301.749358492003,4.8924298286438
EGY,"Egypt, Arab Rep.",1976,337.774377457271,4.94342994689941
EGY,"Egypt, Arab Rep.",1977,357.077947806179,4.54958009719849
EGY,"Egypt, Arab Rep.",1978,358.847727465563,4.94112014770508
EGY,"Egypt, Arab Rep.",1979,426.346463384197,
EGY,"Egypt, Arab Rep.",1980,500.355045249222,4.2803201675415
EGY,"Egypt, Arab Rep.",1981,498.559115853626,
EGY,"Egypt, Arab Rep.",1982,607.281509441716,5.60830020904541
EGY,"Egypt, Arab Rep.",1983,662.687259997872,5.22148990631104
EGY,"Egypt, Arab Rep.",1984,708.195762381906,
EGY,"Egypt, Arab Rep.",1985,792.82394542907,
EGY,"Egypt, Arab Rep.",1986,815.248791614643,
EGY,"Egypt, Arab Rep.",1987,778.116827370027,
EGY,"Egypt, Arab Rep.",1988,655.06776872875,4.52521991729736
EGY,"Egypt, Arab Rep.",1989,725.629736322004,4.6000599861145
EGY,"Egypt, Arab Rep.",1990,765.642046377923,
EGY,"Egypt, Arab Rep.",1991,651.077581654641,
EGY,"Egypt, Arab Rep.",1992,713.452523933266,4.05067014694214
EGY,"Egypt, Arab Rep.",1993,777.857709121717,4.19770002365112
EGY,"Egypt, Arab Rep.",1994,849.452499105263,4.58375978469849
EGY,"Egypt, Arab Rep.",1995,965.110730046032,4.60400009155273
EGY,"Egypt, Arab Rep.",1996,1063.33309452077,4.67156982421875
EGY,"Egypt, Arab Rep.",1997,1208.71990101581,
EGY,"Egypt, Arab Rep.",1998,1281.39671994505,
EGY,"Egypt, Arab Rep.",1999,1343.551962788,
EGY,"Egypt, Arab Rep.",2000,1450.47624243298,
EGY,"Egypt, Arab Rep.",2001,1391.70784569174,
EGY,"Egypt, Arab Rep.",2002,1228.93797488055,
EGY,"Egypt, Arab Rep.",2003,1138.66467322337,4.94563007354736
EGY,"Egypt, Arab Rep.",2004,1063.00366302957,4.67072010040283
EGY,"Egypt, Arab Rep.",2005,1187.51968978388,4.79442977905273
EGY,"Egypt, Arab Rep.",2006,1398.19062441416,4.00178003311157
EGY,"Egypt, Arab Rep.",2007,1667.843720526,3.68460988998413
EGY,"Egypt, Arab Rep.",2008,2044.52785549853,3.76082992553711
EGY,"Egypt, Arab Rep.",2009,2329.23947996771,
EGY,"Egypt, Arab Rep.",2010,2644.81703909751,
EGY,"Egypt, Arab Rep.",2011,2791.95496186249,
EGY,"Egypt, Arab Rep.",2012,3232.64889178794,
EGY,"Egypt, Arab Rep.",2013,3264.37878715277,
EGY,"Egypt, Arab Rep.",2014,3378.83135785555,
EGY,"Egypt, Arab Rep.",2015,3598.9709482021,
EGY,"Egypt, Arab Rep.",2016,3525.02016450058,
EGY,"Egypt, Arab Rep.",2017,2440.51017311107,
EGY,"Egypt, Arab Rep.",2018,2549.13225178609,
EGY,"Egypt, Arab Rep.",2019,3020.03134971543,
EMU,Euro area,1960,923.42424735748,
EMU,Euro area,1961,1005.28005833402,
EMU,Euro area,1962,1106.56996882149,
EMU,Euro area,1963,1230.22599168274,
EMU,Euro area,1964,1355.99355886514,
EMU,Euro area,1965,1468.91297919566,
EMU,Euro area,1966,1589.45003377458,
EMU,Euro area,1967,1714.84257731149,
EMU,Euro area,1968,1828.76419274119,
EMU,Euro area,1969,2027.72823474211,
EMU,Euro area,1970,2237.3213199522,
EMU,Euro area,1971,2521.88179663334,3.72828006744385
EMU,Euro area,1972,3026.07137927535,
EMU,Euro area,1973,3903.56408953566,
EMU,Euro area,1974,4401.79037242037,4.24204015731812
EMU,Euro area,1975,5077.57730701587,4.73089003562927
EMU,Euro area,1976,5275.33746806294,4.35802984237671
EMU,Euro area,1977,5976.59098937287,
EMU,Euro area,1978,7289.0635614727,4.34511995315552
EMU,Euro area,1979,8793.517082850271,4.79690980911255
EMU,Euro area,1980,9806.3209733658,
EMU,Euro area,1981,8489.91348617417,5.10058498382569
EMU,Euro area,1982,8197.397972195949,5.08437991142273
EMU,Euro area,1983,7981.07218134607,4.85397505760193
EMU,Euro area,1984,7642.63329696996,4.82105493545532
EMU,Euro area,1985,7836.7805209872,
EMU,Euro area,1986,10971.1318533393,4.85229015350342
EMU,Euro area,1987,13532.2957760015,4.62343978881836
EMU,Euro area,1988,14833.1878828195,4.56874513626098
EMU,Euro area,1989,15086.9496166361,
EMU,Euro area,1990,18900.3666638708,4.55449986457825
EMU,Euro area,1991,19541.7028259012,4.77694988250732
EMU,Euro area,1992,21455.4253689727,5.07238006591797
EMU,Euro area,1993,19556.5856354056,5.10943984985352
EMU,Euro area,1994,20586.9978897062,4.89648008346558
EMU,Euro area,1995,23696.9383202038,4.68911504745484
EMU,Euro area,1996,23915.7721628366,4.79600501060485
EMU,Euro area,1997,21810.2875141571,
EMU,Euro area,1998,22380.5067897272,4.54056978225708
EMU,Euro area,1999,22213.1812839233,4.51084995269775
EMU,Euro area,2000,20165.7805301343,4.58512020111084
EMU,Euro area,2001,20432.3876464163,5.22460985183716
EMU,Euro area,2002,22109.1843051506,5.25871992111206
EMU,Euro area,2003,27134.7873018788,5.07451009750366
EMU,Euro area,2004,30948.7187570349,4.96186494827271
EMU,Euro area,2005,31936.0453734983,4.97356986999512
EMU,Euro area,2006,33767.0925166372,4.82054996490479
EMU,Euro area,2007,38666.7342923688,4.68449020385742
EMU,Euro area,2008,42177.8209210533,5.10951995849609
EMU,Euro area,2009,38423.2137622717,5.56314992904663
EMU,Euro area,2010,37567.1305639807,5.47338008880615
EMU,Euro area,2011,40613.8742750705,5.1270899772644
EMU,Euro area,2012,37598.0422605763,4.95658016204834
EMU,Euro area,2013,39102.9130889748,5.33460998535156
EMU,Euro area,2014,39857.2917635599,5.27489995956421
EMU,Euro area,2015,34381.5547912416,4.90953016281128
EMU,Euro area,2016,35142.3154719071,4.82100009918213
EMU,Euro area,2017,37095.1202703313,4.93924999237061
EMU,Euro area,2018,39965.8403338731,
EMU,Euro area,2019,38925.6651077079,
ERI,Eritrea,1992,211.331722614841,
ERI,Eritrea,1993,208.999946733221,
ERI,Eritrea,1994,239.668734955943,
ERI,Eritrea,1995,262.23112962306,
ERI,Eritrea,1996,315.751113694587,1.63855004310608
ERI,Eritrea,1997,312.72624698949,
ERI,Eritrea,1998,337.887664307275,4.62058019638062
ERI,Eritrea,1999,307.910872511701,5.26281023025513
ERI,Eritrea,2000,308.13378356477,
ERI,Eritrea,2001,316.823820014563,4.04716014862061
ERI,Eritrea,2002,293.955790897214,3.52390003204346
ERI,Eritrea,2003,334.585442902621,
ERI,Eritrea,2004,407.769976516575,3.14896988868713
ERI,Eritrea,2005,388.595122631048,
ERI,Eritrea,2006,415.036599442053,2.12700009346008
ERI,Eritrea,2007,439.832690498933,
ERI,Eritrea,2008,450.63284030614,
ERI,Eritrea,2009,595.109987185412,
ERI,Eritrea,2010,501.355633266246,
ERI,Eritrea,2011,642.507659063694,
ESP,Spain,1960,396.392253337614,
ESP,Spain,1961,450.053289246968,
ESP,Spain,1962,520.206131380005,
ESP,Spain,1963,609.487384056513,
ESP,Spain,1964,675.241639141208,
ESP,Spain,1965,774.761609330096,
ESP,Spain,1966,889.659872011529,
ESP,Spain,1967,968.306781765983,
ESP,Spain,1968,950.545740593734,
ESP,Spain,1969,1077.67869994591,
ESP,Spain,1970,1212.28935451199,1.83300995826721
ESP,Spain,1971,1362.16551714169,1.889279961586
ESP,Spain,1972,1708.80864373509,2.06465005874634
ESP,Spain,1973,2247.55340957691,
ESP,Spain,1974,2749.92463085,1.45956003665924
ESP,Spain,1975,3209.83742074469,
ESP,Spain,1976,3279.31264308775,1.89938998222351
ESP,Spain,1977,3627.59063324257,2.07716989517212
ESP,Spain,1978,4356.43920265176,2.2307300567627
ESP,Spain,1979,5770.21462719531,2.33804988861084
ESP,Spain,1980,6208.5780190814,
ESP,Spain,1981,5371.16642209158,
ESP,Spain,1982,5159.70863304073,
ESP,Spain,1983,4478.50028865387,
ESP,Spain,1984,4489.98895204895,
ESP,Spain,1985,4699.65577384675,
ESP,Spain,1986,6513.50327963098,
ESP,Spain,1987,8239.613815581301,3.12818002700806
ESP,Spain,1988,9703.123841794,3.32829999923706
ESP,Spain,1989,10681.9712029257,3.55177998542786
ESP,Spain,1990,13804.8768037932,3.63358998298645
ESP,Spain,1991,14811.9028112693,3.74235010147095
ESP,Spain,1992,16112.1889276669,3.83716011047363
ESP,Spain,1993,13339.9085669964,4.2448902130127
ESP,Spain,1994,13415.287013608,4.48468017578125
ESP,Spain,1995,15471.962716535,4.43462991714478
ESP,Spain,1996,16109.0843985284,4.45745992660522
ESP,Spain,1997,14730.7971752046,
ESP,Spain,1998,15394.3514628249,4.28785991668701
ESP,Spain,1999,15715.3322713275,4.2604398727417
ESP,Spain,2000,14713.0657111519,4.16604995727539
ESP,Spain,2001,15355.7031663439,4.1112699508667
ESP,Spain,2002,17025.5319828692,4.13457012176514
ESP,Spain,2003,21463.4426577449,4.1734299659729
ESP,Spain,2004,24861.2827964413,4.15785980224609
ESP,Spain,2005,26419.2968638221,4.14432001113892
ESP,Spain,2006,28365.3134896346,4.1848201751709
ESP,Spain,2007,32549.9709785513,4.25404977798462
ESP,Spain,2008,35366.2596011983,4.52805995941162
ESP,Spain,2009,32042.4740786617,4.91200017929077
ESP,Spain,2010,30502.7197080776,4.85608005523682
ESP,Spain,2011,31636.4463142558,4.8969202041626
ESP,Spain,2012,28324.4293363918,4.4693398475647
ESP,Spain,2013,29059.5479522321,4.35101985931396
ESP,Spain,2014,29461.5503337389,4.30338001251221
ESP,Spain,2015,25732.0183647454,4.28657007217407
ESP,Spain,2016,26505.3432155204,4.22764015197754
ESP,Spain,2017,28170.4345659807,4.20773983001709
ESP,Spain,2018,30337.6791331632,
ESP,Spain,2019,29613.6711379783,
EST,Estonia,1993,2681.82012187857,5.70691013336182
EST,Estonia,1994,2814.83473444209,5.50266981124878
EST,Estonia,1995,3130.80709364714,5.90540981292725
EST,Estonia,1996,3376.79437256502,6.06232976913452
EST,Estonia,1997,3678.15826423064,6.34613990783691
EST,Estonia,1998,4087.50330566881,6.24434995651245
EST,Estonia,1999,4144.63081737072,6.64656019210815
EST,Estonia,2000,4075.97063851071,5.33242988586426
EST,Estonia,2001,4509.1784599903,5.22460985183716
EST,Estonia,2002,5344.8777984536,5.43131017684937
EST,Estonia,2003,7206.16648010912,5.27117013931274
EST,Estonia,2004,8912.99219516932,4.87734985351563
EST,Estonia,2005,10406.3968759176,4.81315994262695
EST,Estonia,2006,12631.5677723615,
EST,Estonia,2007,16741.9391245668,4.62063980102539
EST,Estonia,2008,18227.1200781939,5.47737979888916
EST,Estonia,2009,14794.9707926449,5.92651987075806
EST,Estonia,2010,14790.8212220594,5.47338008880615
EST,Estonia,2011,17621.5474392795,4.96992015838623
EST,Estonia,2012,17534.4215441923,4.68269014358521
EST,Estonia,2013,19174.100729108,4.81267023086548
EST,Estonia,2014,20367.1026566799,5.3670802116394
EST,Estonia,2015,17522.230186252,5.10685014724731
EST,Estonia,2016,18237.2958432683,5.17053985595703
EST,Estonia,2017,20388.2095530338,4.97338008880615
EST,Estonia,2018,23258.4675814303,
EST,Estonia,2019,23659.8722900339,
ETH,Ethiopia,1981,203.557017293816,
ETH,Ethiopia,1982,208.342380062533,2.11234998703003
ETH,Ethiopia,1983,224.627429667255,2.30205988883972
ETH,Ethiopia,1984,205.623782447134,2.11203002929688
ETH,Ethiopia,1985,233.218724767578,2.33756995201111
ETH,Ethiopia,1986,234.6821931325,2.13794994354248
ETH,Ethiopia,1987,242.961585155827,
ETH,Ethiopia,1988,243.735868588398,
ETH,Ethiopia,1989,248.022793923143,
ETH,Ethiopia,1990,254.243256893683,
ETH,Ethiopia,1991,271.394411826541,
ETH,Ethiopia,1992,204.050205321338,
ETH,Ethiopia,1993,165.693196952028,2.35420989990234
ETH,Ethiopia,1994,125.549569881947,
ETH,Ethiopia,1995,134.342955536621,
ETH,Ethiopia,1996,145.166903727133,2.77462005615234
ETH,Ethiopia,1997,141.508619901766,2.75794005393982
ETH,Ethiopia,1998,125.076141078992,
ETH,Ethiopia,1999,119.684067048681,
ETH,Ethiopia,2000,124.460800271762,3.98310995101929
ETH,Ethiopia,2001,120.765781959083,3.7002899646759
ETH,Ethiopia,2002,111.927223529279,3.63245010375977
ETH,Ethiopia,2003,119.490390988672,
ETH,Ethiopia,2004,136.466255552783,
ETH,Ethiopia,2005,162.432726500352,
ETH,Ethiopia,2006,194.687430455118,5.49096012115479
ETH,Ethiopia,2007,244.286037152722,5.45112991333008
ETH,Ethiopia,2008,326.436826698931,5.40819978713989
ETH,Ethiopia,2009,380.569047862885,4.42207002639771
ETH,Ethiopia,2010,341.554114905179,4.49659013748169
ETH,Ethiopia,2011,354.479575841347,5.48576021194458
ETH,Ethiopia,2012,467.077927241718,5.56678009033203
ETH,Ethiopia,2013,499.531572059907,4.4985499382019
ETH,Ethiopia,2014,566.926466461984,4.60201978683472
ETH,Ethiopia,2015,640.541891313682,4.73791980743408
ETH,Ethiopia,2016,717.124592933285,
ETH,Ethiopia,2017,768.5223075793861,
ETH,Ethiopia,2018,771.523813864476,
ETH,Ethiopia,2019,857.501351042922,
EUU,European Union,1966,1339.55587661695,
EUU,European Union,1967,1444.77890969297,
EUU,European Union,1968,1536.66746079001,
EUU,European Union,1969,1701.28594697786,
EUU,European Union,1970,1879.61245946164,
EUU,European Union,1971,2113.95096442551,
EUU,European Union,1972,2533.81067942008,
EUU,European Union,1973,3258.71682833521,
EUU,European Union,1974,3667.56792636408,
EUU,European Union,1975,4246.23164410207,
EUU,European Union,1976,4421.1432981036,
EUU,European Union,1977,4983.43236661866,
EUU,European Union,1978,6043.91290218733,
EUU,European Union,1979,7274.10148792974,
EUU,European Union,1980,8100.74875872652,
EUU,European Union,1981,7033.97855654821,
EUU,European Union,1982,6761.17170856202,
EUU,European Union,1983,6560.6243900899,
EUU,European Union,1984,6306.40343911231,
EUU,European Union,1985,6470.74190524715,
EUU,European Union,1986,9022.63471167458,
EUU,European Union,1987,11127.8331077369,
EUU,European Union,1988,12176.8823735896,
EUU,European Union,1989,12396.7360030209,
EUU,European Union,1990,15459.3587804541,
EUU,European Union,1991,15963.6800139056,4.97225999832153
EUU,European Union,1992,17497.458186998,5.14512014389038
EUU,European Union,1993,15924.4747550431,5.10943984985352
EUU,European Union,1994,16828.5048339049,4.90025520324707
EUU,European Union,1995,19464.222489252,4.68911504745484
EUU,European Union,1996,19749.9523772982,4.74829006195068
EUU,European Union,1997,18087.0964821116,
EUU,European Union,1998,18613.6160162014,4.54056978225708
EUU,European Union,1999,18475.6510855457,4.58366990089417
EUU,European Union,2000,16908.7231890583,4.86840009689331
EUU,European Union,2001,17183.6208399503,5.07780981063843
EUU,European Union,2002,18680.5599247748,5.17923021316528
EUU,European Union,2003,22920.8936475087,5.07451009750366
EUU,European Union,2004,26262.0678538352,4.96186494827271
EUU,European Union,2005,27330.993654149,5.07394981384277
EUU,European Union,2006,29068.6043405903,4.86410999298096
EUU,European Union,2007,33549.5234415907,4.68449020385742
EUU,European Union,2008,36912.0649397243,5.02904987335205
EUU,European Union,2009,33359.7889906185,5.55496978759766
EUU,European Union,2010,32931.6381222667,5.31273984909058
EUU,European Union,2011,35716.273662884,4.96992015838623
EUU,European Union,2012,33158.7914088519,4.88060998916626
EUU,European Union,2013,34564.1125052742,4.96111011505127
EUU,European Union,2014,35243.2073712896,5.12400007247925
EUU,European Union,2015,30473.7402563699,4.8975350856781
EUU,European Union,2016,31162.6963930937,4.80178022384644
EUU,European Union,2017,33029.9879503522,4.72516989707947
EUU,European Union,2018,35659.75714691,
EUU,European Union,2019,34843.297471632,
FCS,Fragile and conflict affected situations,1960,93.8669820494388,
FCS,Fragile and conflict affected situations,1961,95.62824872201,
FCS,Fragile and conflict affected situations,1962,103.087783879382,
FCS,Fragile and conflict affected situations,1963,115.813451004589,
FCS,Fragile and conflict affected situations,1964,99.6077331052642,
FCS,Fragile and conflict affected situations,1965,106.850278427198,
FCS,Fragile and conflict affected situations,1966,111.183869359804,
FCS,Fragile and conflict affected situations,1967,105.210597671973,
FCS,Fragile and conflict affected situations,1968,108.420700843967,
FCS,Fragile and conflict affected situations,1969,118.931383327469,
FCS,Fragile and conflict affected situations,1970,141.118245334755,
FCS,Fragile and conflict affected situations,1971,140.168686199058,
FCS,Fragile and conflict affected situations,1972,156.38960860327,
FCS,Fragile and conflict affected situations,1973,186.722090881598,
FCS,Fragile and conflict affected situations,1974,271.026853510889,
FCS,Fragile and conflict affected situations,1975,296.310259579602,
FCS,Fragile and conflict affected situations,1976,339.781223170373,
FCS,Fragile and conflict affected situations,1977,362.291305191763,
FCS,Fragile and conflict affected situations,1978,388.071716859808,
FCS,Fragile and conflict affected situations,1979,474.796289735146,
FCS,Fragile and conflict affected situations,1980,577.443320078219,
FCS,Fragile and conflict affected situations,1981,786.7704864933,
FCS,Fragile and conflict affected situations,1982,733.703820167891,
FCS,Fragile and conflict affected situations,1983,603.205047626274,
FCS,Fragile and conflict affected situations,1984,528.762839997533,
FCS,Fragile and conflict affected situations,1985,528.623788240131,
FCS,Fragile and conflict affected situations,1986,483.633854789272,
FCS,Fragile and conflict affected situations,1987,473.447279736869,
FCS,Fragile and conflict affected situations,1988,488.579216119482,
FCS,Fragile and conflict affected situations,1989,437.125426262344,
FCS,Fragile and conflict affected situations,1990,667.310038990391,
FCS,Fragile and conflict affected situations,1991,672.202044868121,
FCS,Fragile and conflict affected situations,1992,650.0810631827389,
FCS,Fragile and conflict affected situations,1993,587.532557735381,
FCS,Fragile and conflict affected situations,1994,551.325907309792,
FCS,Fragile and conflict affected situations,1995,621.623587051638,
FCS,Fragile and conflict affected situations,1996,628.874885118109,
FCS,Fragile and conflict affected situations,1997,685.1210765213031,
FCS,Fragile and conflict affected situations,1998,673.077775622526,
FCS,Fragile and conflict affected situations,1999,711.481061612202,
FCS,Fragile and conflict affected situations,2000,810.547923170396,
FCS,Fragile and conflict affected situations,2001,782.336463104425,
FCS,Fragile and conflict affected situations,2002,732.664517988676,
FCS,Fragile and conflict affected situations,2003,761.731015137524,
FCS,Fragile and conflict affected situations,2004,924.050136758219,
FCS,Fragile and conflict affected situations,2005,1126.86382166422,
FCS,Fragile and conflict affected situations,2006,1366.90359823522,
FCS,Fragile and conflict affected situations,2007,1623.02029134423,
FCS,Fragile and conflict affected situations,2008,2042.50821585245,
FCS,Fragile and conflict affected situations,2009,1878.71428827644,
FCS,Fragile and conflict affected situations,2010,2205.09861244964,2.74470996856689
FCS,Fragile and conflict affected situations,2011,2186.9711548558,
FCS,Fragile and conflict affected situations,2012,2457.00032221668,
FCS,Fragile and conflict affected situations,2013,2523.04276278452,3.25923001766205
FCS,Fragile and conflict affected situations,2014,2710.81219285541,
FCS,Fragile and conflict affected situations,2015,2341.68650863862,
FCS,Fragile and conflict affected situations,2016,2049.27473030114,
FCS,Fragile and conflict affected situations,2017,2030.05691862279,3.78730988502502
FCS,Fragile and conflict affected situations,2018,2148.37917410722,
FCS,Fragile and conflict affected situations,2019,2190.31162605328,
FIN,Finland,1960,1179.35301099994,
FIN,Finland,1961,1327.427224366,
FIN,Finland,1962,1411.70239818044,
FIN,Finland,1963,1522.3192420995,
FIN,Finland,1964,1707.50393824701,
FIN,Finland,1965,1882.08685764849,
FIN,Finland,1966,2010.21345619725,
FIN,Finland,1967,2034.18904965478,
FIN,Finland,1968,1907.07727217667,
FIN,Finland,1969,2178.03525044982,
FIN,Finland,1970,2465.64488008901,5.413489818573
FIN,Finland,1971,2716.18999980754,5.33137989044189
FIN,Finland,1972,3177.64554641111,5.0081901550293
FIN,Finland,1973,4173.17298080295,5.09337997436523
FIN,Finland,1974,5297.60778380496,4.48230981826782
FIN,Finland,1975,6255.54474368131,5.03323984146118
FIN,Finland,1976,6739.69081021395,5.22833013534546
FIN,Finland,1977,7069.10570711858,
FIN,Finland,1978,7628.81580540328,
FIN,Finland,1979,9332.24519976281,4.79690980911255
FIN,Finland,1980,11223.937563528,4.82574987411499
FIN,Finland,1981,10926.817966566,4.83336019515991
FIN,Finland,1982,10938.122061411,4.77929019927979
FIN,Finland,1983,10497.479996566,4.85560989379883
FIN,Finland,1984,10833.8662886935,4.69891977310181
FIN,Finland,1985,11398.1059531509,5.04542016983032
FIN,Finland,1986,14951.0467852887,5.1003999710083
FIN,Finland,1987,18571.0599253579,5.20081996917725
FIN,Finland,1988,22047.7933222595,5.06695985794067
FIN,Finland,1989,23973.2394840041,5.07260990142822
FIN,Finland,1990,28364.6450765922,5.33890008926392
FIN,Finland,1991,25484.7392935746,6.33748006820679
FIN,Finland,1992,22319.059460246,6.52050018310547
FIN,Finland,1993,17608.8123902264,7.48716020584106
FIN,Finland,1994,20301.333085866,6.85706996917725
FIN,Finland,1995,26271.5998141691,6.80990982055664
FIN,Finland,1996,25783.4504878611,6.85898017883301
FIN,Finland,1997,24691.8728133698,
FIN,Finland,1998,26009.2694886182,
FIN,Finland,1999,26177.3479836441,5.86992979049683
FIN,Finland,2000,24285.4668205162,5.70930004119873
FIN,Finland,2001,24946.1891891404,5.84025001525879
FIN,Finland,2002,26869.6749036293,6.01677989959717
FIN,Finland,2003,32855.1326287803,6.16743993759155
FIN,Finland,2004,37702.8453762641,6.15757989883423
FIN,Finland,2005,39040.2888825052,6.02507019042969
FIN,Finland,2006,41188.0936997302,5.92838001251221
FIN,Finland,2007,48414.8450929722,5.67125988006592
FIN,Finland,2008,53554.0389224673,5.83010005950928
FIN,Finland,2009,47293.9928335042,6.45955991744995
FIN,Finland,2010,46459.9732548543,6.50444984436035
FIN,Finland,2011,51081.9976703127,6.44504976272583
FIN,Finland,2012,47710.7902169415,7.14803981781006
FIN,Finland,2013,49878.0432444536,7.12404012680054
FIN,Finland,2014,50260.2998588958,7.10236978530884
FIN,Finland,2015,42784.6983616432,7.03208017349243
FIN,Finland,2016,43784.2839622098,6.85153007507324
FIN,Finland,2017,46316.7454588326,6.37621021270752
FIN,Finland,2018,50021.2910567702,
FIN,Finland,2019,48685.8539866945,
FJI,Fiji,1960,285.473560637195,
FJI,Fiji,1961,287.2635289804,
FJI,Fiji,1962,291.478863452774,
FJI,Fiji,1963,296.715117188676,
FJI,Fiji,1964,310.809517133428,
FJI,Fiji,1965,317.014858851219,
FJI,Fiji,1966,316.126492464071,
FJI,Fiji,1967,333.262741507321,
FJI,Fiji,1968,334.615258618281,
FJI,Fiji,1969,357.427188532105,
FJI,Fiji,1970,422.386732365336,
FJI,Fiji,1971,466.013952657871,
FJI,Fiji,1972,583.3176915790229,
FJI,Fiji,1973,768.69545015019,
FJI,Fiji,1974,987.92899180898,
FJI,Fiji,1975,1186.67607914446,
FJI,Fiji,1976,1182.10218194803,
FJI,Fiji,1977,1202.6373853856,
FJI,Fiji,1978,1360.78540071535,
FJI,Fiji,1979,1640.55427213755,5.19760990142822
FJI,Fiji,1980,1892.8917191424,
FJI,Fiji,1981,1898.40241125965,5.82010984420776
FJI,Fiji,1982,1786.69935358748,
FJI,Fiji,1983,1638.38394085292,6.48669004440308
FJI,Fiji,1984,1681.69307982327,
FJI,Fiji,1985,1603.32987928296,
FJI,Fiji,1986,1795.37795308086,
FJI,Fiji,1987,1631.94227624764,
FJI,Fiji,1988,1535.38645223911,
FJI,Fiji,1989,1632.20586594211,4.83109998703003
FJI,Fiji,1990,1835.12809591767,
FJI,Fiji,1991,1881.75411799099,
FJI,Fiji,1992,2057.57803286044,
FJI,Fiji,1993,2166.23347807519,
FJI,Fiji,1994,2384.09574354222,
FJI,Fiji,1995,2540.99070957207,
FJI,Fiji,1996,2714.56493158452,
FJI,Fiji,1997,2641.47786553845,
FJI,Fiji,1998,2070.57462416125,5.512619972229
FJI,Fiji,1999,2408.73592084818,5.15351009368896
FJI,Fiji,2000,2076.56878431649,5.85725021362305
FJI,Fiji,2001,2039.62569721177,5.61713981628418
FJI,Fiji,2002,2260.25839838475,6.24382019042969
FJI,Fiji,2003,2837.89224620811,
FJI,Fiji,2004,3334.93166669792,6.16492986679077
FJI,Fiji,2005,3659.57932870842,5.12197017669678
FJI,Fiji,2006,3747.86071607455,5.6071400642395
FJI,Fiji,2007,4072.10156984329,5.84843015670776
FJI,Fiji,2008,4167.67028471654,4.25357007980347
FJI,Fiji,2009,3362.81655514032,4.49847984313965
FJI,Fiji,2010,3652.52743714193,
FJI,Fiji,2011,4371.45751012411,4.17305994033813
FJI,Fiji,2012,4591.55578402956,
FJI,Fiji,2013,4840.69371615802,3.88288998603821
FJI,Fiji,2014,5605.57033080847,
FJI,Fiji,2015,5390.74523711745,
FJI,Fiji,2016,5651.31806630066,
FJI,Fiji,2017,6101.03084255946,
FJI,Fiji,2018,6266.96795881419,
FJI,Fiji,2019,6220.04642089247,
FRA,France,1960,1334.69005583825,
FRA,France,1961,1428.04548673446,
FRA,France,1962,1578.28460367258,
FRA,France,1963,1744.64058973424,
FRA,France,1964,1909.54123238543,
FRA,France,1965,2038.16273394898,
FRA,France,1966,2186.47485240446,
FRA,France,1967,2343.10422573021,
FRA,France,1968,2536.0850645089,
FRA,France,1969,2752.0949541112,
FRA,France,1970,2857.25217648673,3.4297399520874
FRA,France,1971,3169.03499181675,3.17421007156372
FRA,France,1972,3854.55678433954,3.35917997360229
FRA,France,1973,4969.76391161875,3.23003005981445
FRA,France,1974,5328.24174650002,4.24204015731812
FRA,France,1975,6690.57827024394,4.42854022979736
FRA,France,1976,6866.81828557848,4.42470979690552
FRA,France,1977,7532.5279280869,4.43521022796631
FRA,France,1978,9264.777833853341,4.34511995315552
FRA,France,1979,11179.6312730408,4.2811598777771
FRA,France,1980,12713.3612480565,4.30769014358521
FRA,France,1981,11104.9777323235,4.73072004318237
FRA,France,1982,10496.9298731656,4.85202980041504
FRA,France,1983,9993.422074089631,4.85234022140503
FRA,France,1984,9419.69764827399,4.86753988265991
FRA,France,1985,9763.328610342571,4.85157012939453
FRA,France,1986,13540.2470824157,4.70795011520386
FRA,France,1987,16302.4414011249,4.62343978881836
FRA,France,1988,17679.996995809,4.54472017288208
FRA,France,1989,17694.3053541732,4.45639991760254
FRA,France,1990,21793.8426479832,4.51393985748291
FRA,France,1991,21675.0642485493,4.84130001068115
FRA,France,1992,23813.7118417151,4.73539018630981
FRA,France,1993,22380.1039619355,5.42959022521973
FRA,France,1994,23496.5233222666,5.62643003463745
FRA,France,1995,26890.2198804535,5.79072999954224
FRA,France,1996,26871.8290189054,5.75672006607056
FRA,France,1997,24228.9423508964,
FRA,France,1998,24974.2721990005,5.68792009353638
FRA,France,1999,24673.1989691744,
FRA,France,2000,22364.0293943406,
FRA,France,2001,22433.5557141945,
FRA,France,2002,24177.3351674642,
FRA,France,2003,29568.385949668,
FRA,France,2004,33741.2651469175,
FRA,France,2005,34760.1877663866,
FRA,France,2006,36443.6234414411,
FRA,France,2007,41508.4339850416,
FRA,France,2008,45334.1144358246,
FRA,France,2009,41575.4187483737,
FRA,France,2010,40638.33400426,
FRA,France,2011,43790.7320482019,
FRA,France,2012,40874.7035053457,
FRA,France,2013,42592.9340943342,
FRA,France,2014,43011.2631028417,
FRA,France,2015,36638.184929157,
FRA,France,2016,37037.3741861219,
FRA,France,2017,38812.1610341682,5.45160007476807
FRA,France,2018,41631.0907389044,
FRA,France,2019,40493.9285720456,
FRO,Faroe Islands,1998,24034.2468083717,
FRO,Faroe Islands,1999,24125.2558762552,
FRO,Faroe Islands,2000,22653.3160466352,
FRO,Faroe Islands,2001,24419.7424401392,
FRO,Faroe Islands,2002,26732.7904740224,
FRO,Faroe Islands,2003,31497.9669213031,
FRO,Faroe Islands,2004,35467.1754699443,
FRO,Faroe Islands,2005,36205.3705396112,
FRO,Faroe Islands,2006,41522.5438571741,
FRO,Faroe Islands,2007,47885.6988786829,
FRO,Faroe Islands,2008,50866.0810982214,
FRO,Faroe Islands,2009,47447.8700366077,
FRO,Faroe Islands,2010,48530.2338492813,
FRO,Faroe Islands,2011,52083.8891448364,
FRO,Faroe Islands,2012,49459.7172338372,
FRO,Faroe Islands,2013,54853.6255967876,
FRO,Faroe Islands,2014,59440.0307606004,
FRO,Faroe Islands,2015,52404.6593331379,
FRO,Faroe Islands,2016,55822.9147203438,
FRO,Faroe Islands,2017,58622.840815806,
FSM,"Micronesia, Fed. Sts.",1983,1320.86470128614,
FSM,"Micronesia, Fed. Sts.",1986,1276.49166714066,
FSM,"Micronesia, Fed. Sts.",1987,1296.96929283499,
FSM,"Micronesia, Fed. Sts.",1988,1355.65581344784,
FSM,"Micronesia, Fed. Sts.",1989,1437.42624153439,
FSM,"Micronesia, Fed. Sts.",1990,1528.54072128015,
FSM,"Micronesia, Fed. Sts.",1991,1682.69717525564,
FSM,"Micronesia, Fed. Sts.",1992,1756.60081468404,
FSM,"Micronesia, Fed. Sts.",1993,1909.25275465525,
FSM,"Micronesia, Fed. Sts.",1994,1909.83683863058,
FSM,"Micronesia, Fed. Sts.",1995,2060.60969598899,
FSM,"Micronesia, Fed. Sts.",1996,2017.47306616446,
FSM,"Micronesia, Fed. Sts.",1997,1904.7409660767,
FSM,"Micronesia, Fed. Sts.",1998,2022.70719355316,
FSM,"Micronesia, Fed. Sts.",1999,2042.47965782466,6.42491006851196
FSM,"Micronesia, Fed. Sts.",2000,2171.95024301223,6.70687007904053
FSM,"Micronesia, Fed. Sts.",2001,2248.42917525869,
FSM,"Micronesia, Fed. Sts.",2002,2265.88059422592,
FSM,"Micronesia, Fed. Sts.",2003,2295.88965491436,
FSM,"Micronesia, Fed. Sts.",2004,2253.09261430246,
FSM,"Micronesia, Fed. Sts.",2005,2358.28001771429,
FSM,"Micronesia, Fed. Sts.",2006,2406.18291560296,
FSM,"Micronesia, Fed. Sts.",2007,2458.61131323963,
FSM,"Micronesia, Fed. Sts.",2008,2541.40888326589,
FSM,"Micronesia, Fed. Sts.",2009,2721.87035688274,
FSM,"Micronesia, Fed. Sts.",2010,2885.44567636113,
FSM,"Micronesia, Fed. Sts.",2011,3009.19864668922,
FSM,"Micronesia, Fed. Sts.",2012,3131.38671463839,
FSM,"Micronesia, Fed. Sts.",2013,2994.67930442007,
FSM,"Micronesia, Fed. Sts.",2014,2971.45729017367,
FSM,"Micronesia, Fed. Sts.",2015,2906.37678497635,12.407919883728
FSM,"Micronesia, Fed. Sts.",2016,3014.70035839042,
FSM,"Micronesia, Fed. Sts.",2017,3289.70114571277,
FSM,"Micronesia, Fed. Sts.",2018,3568.291015625,
GAB,Gabon,1960,282.413795136241,
GAB,Gabon,1961,331.431867958805,
GAB,Gabon,1962,357.522363173554,
GAB,Gabon,1963,298.466409534426,
GAB,Gabon,1964,410.900952138148,
GAB,Gabon,1965,424.617258455559,
GAB,Gabon,1966,452.668660821235,
GAB,Gabon,1967,490.098852792328,
GAB,Gabon,1968,520.4776613198929,
GAB,Gabon,1969,550.726052026662,
GAB,Gabon,1970,549.456614777571,
GAB,Gabon,1971,635.495856830609,
GAB,Gabon,1972,703.785421909943,
GAB,Gabon,1973,1160.31063559259,
GAB,Gabon,1974,2432.82468149933,
GAB,Gabon,1975,3332.00460917588,
GAB,Gabon,1976,4550.04667494901,
GAB,Gabon,1977,4154.27475460752,
GAB,Gabon,1978,3452.62054538486,
GAB,Gabon,1979,4275.25736378107,
GAB,Gabon,1980,5892.15606978026,
GAB,Gabon,1981,5186.37017914264,
GAB,Gabon,1982,4736.04629278741,
GAB,Gabon,1983,4325.27026764319,
GAB,Gabon,1984,4423.53149827758,
GAB,Gabon,1985,4038.06366202811,
GAB,Gabon,1986,4004.05411644878,
GAB,Gabon,1987,3755.48800751792,
GAB,Gabon,1988,4267.81934418992,
GAB,Gabon,1989,4532.16585864728,
GAB,Gabon,1990,6268.95101975453,
GAB,Gabon,1991,5537.0097213605,
GAB,Gabon,1992,5578.00517318483,2.80552005767822
GAB,Gabon,1993,4252.0281857038,
GAB,Gabon,1994,3963.86804889036,
GAB,Gabon,1995,4570.59236712951,
GAB,Gabon,1996,5116.14605875863,
GAB,Gabon,1997,4667.16858546361,
GAB,Gabon,1998,3831.78066770816,3.41966009140015
GAB,Gabon,1999,3888.89892699174,3.08122992515564
GAB,Gabon,2000,4125.71666351713,3.82709002494812
GAB,Gabon,2001,3989.55660613452,
GAB,Gabon,2002,4121.95864470997,
GAB,Gabon,2003,4922.37652559806,
GAB,Gabon,2004,5729.29695779698,
GAB,Gabon,2005,6888.62714727031,
GAB,Gabon,2006,7214.91454358539,
GAB,Gabon,2007,8447.0785912062,
GAB,Gabon,2008,10212.8194320542,
GAB,Gabon,2009,7690.05223487234,
GAB,Gabon,2010,8849.355299715069,3.07808995246887
GAB,Gabon,2011,10809.6464505909,2.987459897995
GAB,Gabon,2012,9813.477702824401,3.01340007781982
GAB,Gabon,2013,9683.576290286739,3.02971005439758
GAB,Gabon,2014,9663.429239776409,2.66667008399963
GAB,Gabon,2015,7384.71587003183,
GAB,Gabon,2016,6984.45101873395,
GAB,Gabon,2017,7230.39639268426,
GAB,Gabon,2018,7956.62781558686,
GAB,Gabon,2019,7667.36686126914,
GBR,United Kingdom,1960,1397.5948032844,
GBR,United Kingdom,1961,1472.38571407868,
GBR,United Kingdom,1962,1525.77585271032,
GBR,United Kingdom,1963,1613.45688373392,
GBR,United Kingdom,1964,1748.2881176141,
GBR,United Kingdom,1965,1873.56777435421,
GBR,United Kingdom,1966,1986.74715869685,
GBR,United Kingdom,1967,2058.78188198056,
GBR,United Kingdom,1968,1951.75859587532,
GBR,United Kingdom,1969,2100.66786858672,
GBR,United Kingdom,1970,2347.54431773747,
GBR,United Kingdom,1971,2649.80151387223,5.03205013275146
GBR,United Kingdom,1972,3030.43251411977,5.15937995910645
GBR,United Kingdom,1973,3426.27622050378,5.44860982894897
GBR,United Kingdom,1974,3665.8627976419,5.39099979400635
GBR,United Kingdom,1975,4299.74561799284,6.26878023147583
GBR,United Kingdom,1976,4138.16778761535,6.42422008514404
GBR,United Kingdom,1977,4681.43993173038,6.06335020065308
GBR,United Kingdom,1978,5976.93816899991,
GBR,United Kingdom,1979,7804.76208051155,
GBR,United Kingdom,1980,10032.062080015,5.07011985778809
GBR,United Kingdom,1981,9599.306222219649,5.2884202003479
GBR,United Kingdom,1982,9146.077357018519,5.1887001991272
GBR,United Kingdom,1983,8691.51881306514,5.06150007247925
GBR,United Kingdom,1984,8179.19444064991,4.89905977249146
GBR,United Kingdom,1985,8652.21654247593,4.5940899848938
GBR,United Kingdom,1986,10611.112210096,4.38083982467651
GBR,United Kingdom,1987,13118.586534629,4.37180995941162
GBR,United Kingdom,1988,15987.1680775688,4.26831007003784
GBR,United Kingdom,1989,16239.2821960944,4.12511014938354
GBR,United Kingdom,1990,19095.4669984608,4.05552005767822
GBR,United Kingdom,1991,19900.7266505069,4.1224799156189
GBR,United Kingdom,1992,20487.1707852878,4.3344898223877
GBR,United Kingdom,1993,18389.0195675099,
GBR,United Kingdom,1994,19709.2380983653,4.850830078125
GBR,United Kingdom,1995,23123.1777902009,4.83926010131836
GBR,United Kingdom,1996,24332.6977665594,4.38692998886108
GBR,United Kingdom,1997,26734.5626114537,
GBR,United Kingdom,1998,28214.274355869,4.21201992034912
GBR,United Kingdom,1999,28669.539690801,3.99695992469788
GBR,United Kingdom,2000,28149.8700107891,4.03118991851807
GBR,United Kingdom,2001,27744.5064592461,4.11922979354858
GBR,United Kingdom,2002,30056.5862179301,4.63886976242065
GBR,United Kingdom,2003,34419.1479145952,4.80466985702515
GBR,United Kingdom,2004,40290.3139710116,4.7387900352478
GBR,United Kingdom,2005,42030.2866138136,4.93913984298706
GBR,United Kingdom,2006,44599.6975685697,4.98531007766724
GBR,United Kingdom,2007,50566.8265956828,4.91482019424438
GBR,United Kingdom,2008,47286.9984928367,4.89331007003784
GBR,United Kingdom,2009,38713.1374283353,5.07431983947754
GBR,United Kingdom,2010,39435.8399018505,5.70323991775513
GBR,United Kingdom,2011,42038.572250193,5.59523010253906
GBR,United Kingdom,2012,42462.771568145,
GBR,United Kingdom,2013,43444.533001954,5.5297999382019
GBR,United Kingdom,2014,47425.6076805194,5.59899997711182
GBR,United Kingdom,2015,44974.8318771782,5.55615997314453
GBR,United Kingdom,2016,41064.1334316223,5.42670011520386
GBR,United Kingdom,2017,40361.4173832159,5.44209003448486
GBR,United Kingdom,2018,43043.2278164551,
GBR,United Kingdom,2019,42300.267125825,
GEO,Georgia,1990,1614.6401223992,
GEO,Georgia,1991,1314.67067020404,
GEO,Georgia,1992,757.2235485053581,
GEO,Georgia,1993,550.015542609224,
GEO,Georgia,1994,519.816187076762,6.91565990447998
GEO,Georgia,1995,578.336763329878,
GEO,Georgia,1996,689.034413652597,
GEO,Georgia,1997,807.032285752352,
GEO,Georgia,1998,851.5157446358739,2.10888004302979
GEO,Georgia,1999,673.537892675192,2.15512990951538
GEO,Georgia,2000,749.908523611591,2.18105006217957
GEO,Georgia,2001,801.990413888373,2.13750004768372
GEO,Georgia,2002,853.516453713318,2.23501992225647
GEO,Georgia,2003,1010.0079801313,2.06559991836548
GEO,Georgia,2004,1305.04748557208,2.91420006752014
GEO,Georgia,2005,1642.76093756395,2.48431992530823
GEO,Georgia,2006,1996.05712927664,3.00364995002747
GEO,Georgia,2007,2635.35388202963,2.69687008857727
GEO,Georgia,2008,3324.73587905411,2.9195499420166
GEO,Georgia,2009,2822.66743023352,3.22237992286682
GEO,Georgia,2010,3233.29594347421,
GEO,Georgia,2011,4021.74330617286,2.5761399269104
GEO,Georgia,2012,4421.81824228013,1.90610003471375
GEO,Georgia,2013,4623.74572473419,
GEO,Georgia,2014,4739.18833846421,
GEO,Georgia,2015,4014.18594419329,
GEO,Georgia,2016,4062.16988757379,3.59386992454529
GEO,Georgia,2017,4357.00093554628,3.57442998886108
GEO,Georgia,2018,4722.78778321766,3.5210599899292
GEO,Georgia,2019,4769.18654326351,
GHA,Ghana,1960,183.449562150492,
GHA,Ghana,1961,190.218771854768,
GHA,Ghana,1962,195.492259522758,
GHA,Ghana,1963,211.064799079178,
GHA,Ghana,1964,230.088718367366,
GHA,Ghana,1965,265.323345967193,
GHA,Ghana,1966,267.74842725408,
GHA,Ghana,1967,214.832148179068,
GHA,Ghana,1968,200.307166178469,
GHA,Ghana,1969,230.287308092925,
GHA,Ghana,1970,253.566563815845,
GHA,Ghana,1971,269.368325240366,4.22444009780884
GHA,Ghana,1972,228.859956009229,4.62139987945557
GHA,Ghana,1973,259.70173428655,
GHA,Ghana,1974,296.889841147268,3.80271005630493
GHA,Ghana,1975,281.40612646801,4.876540184021
GHA,Ghana,1976,271.125551678803,5.82882976531982
GHA,Ghana,1977,306.809994546516,6.09528017044067
GHA,Ghana,1978,345.834553557393,
GHA,Ghana,1979,372.060258519828,2.31135010719299
GHA,Ghana,1980,402.060562295804,2.70777010917664
GHA,Ghana,1981,372.07737791788,1.80812001228333
GHA,Ghana,1982,345.641481228165,1.90453994274139
GHA,Ghana,1983,337.162899872152,
GHA,Ghana,1984,355.666675005137,
GHA,Ghana,1985,352.352824622797,
GHA,Ghana,1986,435.068253766812,3.35448002815247
GHA,Ghana,1987,374.470341506465,3.3066999912262
GHA,Ghana,1988,372.684113171393,3.18741989135742
GHA,Ghana,1989,365.889657180281,
GHA,Ghana,1990,398.637000137952,
GHA,Ghana,1991,433.773065097474,
GHA,Ghana,1992,409.746625373062,
GHA,Ghana,1993,370.419247944586,
GHA,Ghana,1994,328.744586414155,
GHA,Ghana,1995,379.988007250646,
GHA,Ghana,1996,397.13593689471,
GHA,Ghana,1997,384.796156440468,
GHA,Ghana,1998,407.523303616938,
GHA,Ghana,1999,410.334229678993,4.11037015914917
GHA,Ghana,2000,258.47095948786,
GHA,Ghana,2001,269.014998380817,5.35444021224976
GHA,Ghana,2002,304.564560762479,
GHA,Ghana,2003,367.82152164834,
GHA,Ghana,2004,417.508164861765,7.53558015823364
GHA,Ghana,2005,491.946377884101,7.42208003997803
GHA,Ghana,2006,911.998675616525,5.25982999801636
GHA,Ghana,2007,1078.16050942235,5.51986980438232
GHA,Ghana,2008,1210.62225723084,5.75795984268188
GHA,Ghana,2009,1074.75538037586,5.31744003295898
GHA,Ghana,2010,1299.34494946039,5.54059982299805
GHA,Ghana,2011,1549.46290192946,8.140970230102541
GHA,Ghana,2012,1587.56123719997,7.91913986206055
GHA,Ghana,2013,2345.39290574885,4.60710000991821
GHA,Ghana,2014,1971.03334675411,4.49181985855103
GHA,Ghana,2015,1743.8509964087,4.51089000701904
GHA,Ghana,2016,1931.38947036943,4.48683023452759
GHA,Ghana,2017,2025.93242386751,3.61798000335693
GHA,Ghana,2018,2202.31216442504,3.98943996429443
GHA,Ghana,2019,2202.11556738065,
GIN,Guinea,1986,341.527472179954,
GIN,Guinea,1987,351.908866529632,
GIN,Guinea,1988,398.545983011959,
GIN,Guinea,1989,394.331453380332,
GIN,Guinea,1990,419.788629838451,
GIN,Guinea,1991,461.349458509251,2.01639008522034
GIN,Guinea,1992,489.071872011722,2.00631999969482
GIN,Guinea,1993,475.421835234174,2.08843994140625
GIN,Guinea,1994,477.780468896903,
GIN,Guinea,1995,508.107829366703,
GIN,Guinea,1996,518.374233185848,
GIN,Guinea,1997,493.833400362421,
GIN,Guinea,1998,456.491035307479,
GIN,Guinea,1999,429.719768047998,2.36141991615295
GIN,Guinea,2000,363.482478999068,2.59340000152588
GIN,Guinea,2001,336.630091885345,2.08190989494324
GIN,Guinea,2002,343.537341868267,2.59386992454529
GIN,Guinea,2003,393.739929291085,2.37102007865906
GIN,Guinea,2004,410.761216116844,2.21000003814697
GIN,Guinea,2005,322.415681605527,1.84906005859375
GIN,Guinea,2006,453.403518454163,
GIN,Guinea,2007,659.992722954546,
GIN,Guinea,2008,715.09682041101,1.58112001419067
GIN,Guinea,2009,674.085550245057,2.20725011825562
GIN,Guinea,2010,672.424402562443,2.55118989944458
GIN,Guinea,2011,651.135363533047,2.28742003440857
GIN,Guinea,2012,717.050737885584,1.83370995521545
GIN,Guinea,2013,769.003943268326,2.63421010971069
GIN,Guinea,2014,787.23807021997,2.42281007766724
GIN,Guinea,2015,769.256013746016,2.51713991165161
GIN,Guinea,2016,732.96657072192,2.54455995559692
GIN,Guinea,2017,856.565269750468,2.31765007972717
GIN,Guinea,2018,983.309492239346,2.31593990325928
GIN,Guinea,2019,1064.13123736656,
GMB,"Gambia, The",1966,106.413224524113,
GMB,"Gambia, The",1967,109.451919948919,
GMB,"Gambia, The",1968,93.8449088823768,
GMB,"Gambia, The",1969,100.101772717037,
GMB,"Gambia, The",1970,112.609196075425,
GMB,"Gambia, The",1971,116.558761838096,
GMB,"Gambia, The",1972,120.143016403993,
GMB,"Gambia, The",1973,148.17348910753,
GMB,"Gambia, The",1974,183.081414965133,
GMB,"Gambia, The",1975,213.309262256298,
GMB,"Gambia, The",1976,201.126681334563,
GMB,"Gambia, The",1977,239.432279711081,
GMB,"Gambia, The",1978,288.057708843548,
GMB,"Gambia, The",1979,335.805979794786,
GMB,"Gambia, The",1980,378.316551049642,
GMB,"Gambia, The",1981,332.681618154386,
GMB,"Gambia, The",1982,318.606922385822,
GMB,"Gambia, The",1983,304.837000011512,
GMB,"Gambia, The",1984,244.371321701364,
GMB,"Gambia, The",1985,298.661992983614,4.29514980316162
GMB,"Gambia, The",1986,234.654507172854,3.48473000526428
GMB,"Gambia, The",1987,265.487819500556,
GMB,"Gambia, The",1988,305.312219478068,
GMB,"Gambia, The",1989,310.297981722335,2.97409009933472
GMB,"Gambia, The",1990,331.818434756804,2.82583999633789
GMB,"Gambia, The",1991,695.40958742204,3.78061008453369
GMB,"Gambia, The",1992,695.1560480823269,1.16983997821808
GMB,"Gambia, The",1993,711.725510062406,
GMB,"Gambia, The",1994,682.218521259004,
GMB,"Gambia, The",1995,696.4508185031279,2.55356001853943
GMB,"Gambia, The",1996,728.669071886674,2.56627988815308
GMB,"Gambia, The",1997,669.398865609291,
GMB,"Gambia, The",1998,678.675630192061,
GMB,"Gambia, The",1999,637.931570230916,1.56512999534607
GMB,"Gambia, The",2000,594.151642988667,1.46587002277374
GMB,"Gambia, The",2001,505.420149661362,1.15810000896454
GMB,"Gambia, The",2002,411.77248040377,1.44291996955872
GMB,"Gambia, The",2003,335.906216950504,1.36337995529175
GMB,"Gambia, The",2004,642.75492984273,.622470021247864
GMB,"Gambia, The",2005,665.721940653672,.691879987716675
GMB,"Gambia, The",2006,662.362460976956,.7516300082206731
GMB,"Gambia, The",2007,780.380099148097,.816860020160675
GMB,"Gambia, The",2008,924.511516430027,2.18129992485046
GMB,"Gambia, The",2009,833.280402724096,1.90813994407654
GMB,"Gambia, The",2010,860.637873688125,2.56322002410889
GMB,"Gambia, The",2011,762.761054131159,2.50116991996765
GMB,"Gambia, The",2012,742.781137796627,2.63756990432739
GMB,"Gambia, The",2013,700.514971960668,1.81839001178741
GMB,"Gambia, The",2014,607.428404115004,2.23094010353088
GMB,"Gambia, The",2015,649.510829417793,2.16002988815308
GMB,"Gambia, The",2016,683.997653898689,2.0244300365448
GMB,"Gambia, The",2017,676.655924552125,
GMB,"Gambia, The",2018,712.512371079256,2.42030000686646
GMB,"Gambia, The",2019,751.294688388742,
GNB,Guinea-Bissau,1970,111.688521760302,
GNB,Guinea-Bissau,1971,109.331838924622,
GNB,Guinea-Bissau,1972,119.727064631642,
GNB,Guinea-Bissau,1973,119.776830960294,
GNB,Guinea-Bissau,1974,130.366528279139,
GNB,Guinea-Bissau,1975,142.281077346325,
GNB,Guinea-Bissau,1976,145.876720657506,
GNB,Guinea-Bissau,1977,148.977186794704,
GNB,Guinea-Bissau,1978,158.865673398967,
GNB,Guinea-Bissau,1979,153.006192038274,
GNB,Guinea-Bissau,1980,141.559532546952,
GNB,Guinea-Bissau,1981,194.924162448973,
GNB,Guinea-Bissau,1982,204.248042032956,
GNB,Guinea-Bissau,1983,197.032232113574,
GNB,Guinea-Bissau,1984,162.672154070606,
GNB,Guinea-Bissau,1985,164.941935311688,
GNB,Guinea-Bissau,1986,145.906788573448,
GNB,Guinea-Bissau,1987,190.452588551436,
GNB,Guinea-Bissau,1988,176.259580528459,
GNB,Guinea-Bissau,1989,223.469544075023,
GNB,Guinea-Bissau,1990,250.150467936055,
GNB,Guinea-Bissau,1991,257.789175646965,
GNB,Guinea-Bissau,1992,221.7998174637,
GNB,Guinea-Bissau,1993,227.02281017036,
GNB,Guinea-Bissau,1994,220.960216947339,
GNB,Guinea-Bissau,1995,233.242401899793,
GNB,Guinea-Bissau,1996,243.438734191465,
GNB,Guinea-Bissau,1997,237.129030400789,
GNB,Guinea-Bissau,1998,178.84851966803,
GNB,Guinea-Bissau,1999,190.672630149531,5.24617004394531
GNB,Guinea-Bissau,2000,308.144119293709,
GNB,Guinea-Bissau,2001,319.677491756944,
GNB,Guinea-Bissau,2002,331.493871829946,
GNB,Guinea-Bissau,2003,371.219827429358,
GNB,Guinea-Bissau,2004,404.349136626232,
GNB,Guinea-Bissau,2005,436.302019745415,
GNB,Guinea-Bissau,2006,429.622265888583,
GNB,Guinea-Bissau,2007,493.070496879393,
GNB,Guinea-Bissau,2008,597.576392658105,
GNB,Guinea-Bissau,2009,557.171614773484,
GNB,Guinea-Bissau,2010,557.632132626126,1.86082005500793
GNB,Guinea-Bissau,2011,702.742880436386,1.8578599691391
GNB,Guinea-Bissau,2012,616.411686249548,2.00106000900269
GNB,Guinea-Bissau,2013,634.48244599306,2.13248991966248
GNB,Guinea-Bissau,2014,622.481716725217,
GNB,Guinea-Bissau,2015,603.1585129424039,
GNB,Guinea-Bissau,2016,661.007654906181,
GNB,Guinea-Bissau,2017,736.725566231783,
GNB,Guinea-Bissau,2018,777.969921786711,
GNB,Guinea-Bissau,2019,697.7844028857151,
GNQ,Equatorial Guinea,1962,34.7905813582671,
GNQ,Equatorial Guinea,1963,40.7522373246802,
GNQ,Equatorial Guinea,1964,46.9757052229382,
GNQ,Equatorial Guinea,1965,234.340692484015,
GNQ,Equatorial Guinea,1966,243.76909130671,
GNQ,Equatorial Guinea,1967,247.840731117308,
GNQ,Equatorial Guinea,1968,225.488825516212,
GNQ,Equatorial Guinea,1969,221.137218045113,
GNQ,Equatorial Guinea,1970,218.208408956545,
GNQ,Equatorial Guinea,1971,217.325829212364,
GNQ,Equatorial Guinea,1972,226.006812545407,
GNQ,Equatorial Guinea,1973,292.47036483088,
GNQ,Equatorial Guinea,1974,354.289454859142,
GNQ,Equatorial Guinea,1975,407.723390885211,
GNQ,Equatorial Guinea,1976,418.01989796005,
GNQ,Equatorial Guinea,1977,429.423677612066,
GNQ,Equatorial Guinea,1980,202.629069750811,
GNQ,Equatorial Guinea,1981,138.937349533961,
GNQ,Equatorial Guinea,1982,155.621851995499,
GNQ,Equatorial Guinea,1983,144.19724777467,
GNQ,Equatorial Guinea,1984,151.773822527292,
GNQ,Equatorial Guinea,1985,176.414056792162,
GNQ,Equatorial Guinea,1986,207.053210112368,
GNQ,Equatorial Guinea,1987,243.734931307381,
GNQ,Equatorial Guinea,1988,254.543267043902,
GNQ,Equatorial Guinea,1989,217.072388432346,
GNQ,Equatorial Guinea,1990,267.468072913182,
GNQ,Equatorial Guinea,1991,256.221008229295,
GNQ,Equatorial Guinea,1992,301.179129098883,
GNQ,Equatorial Guinea,1993,294.07050485754,
GNQ,Equatorial Guinea,1994,210.409982537864,
GNQ,Equatorial Guinea,1995,285.552548185098,
GNQ,Equatorial Guinea,1996,450.638140004534,
GNQ,Equatorial Guinea,1997,824.549546050735,
GNQ,Equatorial Guinea,1998,663.729505019455,2.18797993659973
GNQ,Equatorial Guinea,1999,1067.63477949792,
GNQ,Equatorial Guinea,2000,1725.55473767524,
GNQ,Equatorial Guinea,2001,2313.15128886079,
GNQ,Equatorial Guinea,2002,2744.20815553402,
GNQ,Equatorial Guinea,2003,3618.57609412069,
GNQ,Equatorial Guinea,2004,6152.13123760173,
GNQ,Equatorial Guinea,2005,10963.2893629413,
GNQ,Equatorial Guinea,2006,12857.3360461499,
GNQ,Equatorial Guinea,2007,15908.3918313632,
GNQ,Equatorial Guinea,2008,22942.5834490967,
GNQ,Equatorial Guinea,2009,16667.9368247067,
GNQ,Equatorial Guinea,2010,17288.8595992193,
GNQ,Equatorial Guinea,2011,21641.8705192127,
GNQ,Equatorial Guinea,2012,21711.1532298542,
GNQ,Equatorial Guinea,2013,20390.7193153023,
GNQ,Equatorial Guinea,2014,19394.0299929972,
GNQ,Equatorial Guinea,2015,11283.46560612,
GNQ,Equatorial Guinea,2016,9250.331953082259,
GNQ,Equatorial Guinea,2017,9667.91225173046,
GNQ,Equatorial Guinea,2018,10144.1958108456,
GNQ,Equatorial Guinea,2019,8131.92388810912,
GRC,Greece,1960,520.322744310383,
GRC,Greece,1961,590.780054812393,
GRC,Greece,1962,617.057757690519,
GRC,Greece,1963,695.228624389878,
GRC,Greece,1964,783.705880998279,
GRC,Greece,1965,899.281238912995,
GRC,Greece,1966,997.430467475556,
GRC,Greece,1967,1068.11455622703,
GRC,Greece,1968,1154.43853055613,
GRC,Greece,1969,1324.05898884761,
GRC,Greece,1970,1494.38785525349,1.54649996757507
GRC,Greece,1971,1652.3265992595,1.30245995521545
GRC,Greece,1972,1899.6752725147,
GRC,Greece,1973,2502.81435849334,1.11261999607086
GRC,Greece,1974,2828.74843219735,1.33608996868134
GRC,Greece,1975,3153.23530574717,1.46085000038147
GRC,Greece,1976,3390.54548359296,1.44825005531311
GRC,Greece,1977,3886.37425270915,1.4937299489975
GRC,Greece,1978,4694.63368334781,1.68570005893707
GRC,Greece,1979,5705.94927419931,
GRC,Greece,1980,5893.66180979161,
GRC,Greece,1981,5380.26768284354,1.69280004501343
GRC,Greece,1982,5579.23477158982,1.68684005737305
GRC,Greece,1983,5019.87865266132,1.68868005275726
GRC,Greece,1984,4852.5657284733,1.81002998352051
GRC,Greece,1985,4813.71117991069,
GRC,Greece,1986,5656.5053560681,1.83336997032166
GRC,Greece,1987,6564.88450260813,1.83421003818512
GRC,Greece,1988,7598.02805334994,1.86893999576569
GRC,Greece,1989,7846.67816401445,2.01546001434326
GRC,Greece,1990,9600.185129659691,2.04608011245728
GRC,Greece,1991,10188.3697801238,1.93432998657227
GRC,Greece,1992,11176.4584362517,
GRC,Greece,1993,10401.9829861914,
GRC,Greece,1994,11091.2838606376,
GRC,Greece,1995,12959.3243186619,
GRC,Greece,1996,13749.1151520996,
GRC,Greece,1997,13427.8324937945,
GRC,Greece,1998,13472.1376415276,2.89256000518799
GRC,Greece,1999,13245.1894634121,3.02772998809814
GRC,Greece,2000,12042.9537310995,3.23019003868103
GRC,Greece,2001,12538.1788278361,3.36457991600037
GRC,Greece,2002,14110.3133911078,3.42430996894836
GRC,Greece,2003,18477.578411927,3.42933988571167
GRC,Greece,2004,21955.1040911595,3.66719007492065
GRC,Greece,2005,22551.735744099,3.96395993232727
GRC,Greece,2006,24801.1578065035,
GRC,Greece,2007,28827.3263555224,
GRC,Greece,2008,31997.2820108813,
GRC,Greece,2009,29710.9702950284,
GRC,Greece,2010,26917.7589787254,
GRC,Greece,2011,25916.2935289351,
GRC,Greece,2012,22242.681934771,
GRC,Greece,2013,21874.8195041667,
GRC,Greece,2014,21760.9797994918,
GRC,Greece,2015,18167.7737169162,
GRC,Greece,2016,18116.4596223336,
GRC,Greece,2017,18930.2185856433,
GRC,Greece,2018,20324.3050137875,
GRC,Greece,2019,19582.5360108329,
GRD,Grenada,1977,792.3847095125089,
GRD,Grenada,1978,991.26144820256,
GRD,Grenada,1979,1153.99957361425,
GRD,Grenada,1980,1245.62468592233,
GRD,Grenada,1981,1276.41262693709,
GRD,Grenada,1982,1347.00274908185,
GRD,Grenada,1983,1372.68199233716,
GRD,Grenada,1984,1477.84062005078,
GRD,Grenada,1985,1678.19077487028,
GRD,Grenada,1986,1872.3190964517,
GRD,Grenada,1987,2162.29101763576,
GRD,Grenada,1988,2408.86183962193,
GRD,Grenada,1989,2758.11607261589,
GRD,Grenada,1990,2886.90829497216,
GRD,Grenada,1991,3117.95447738844,
GRD,Grenada,1992,3192.10049343328,
GRD,Grenada,1993,3153.94670859397,
GRD,Grenada,1994,3272.32279989145,
GRD,Grenada,1995,3411.89891630622,
GRD,Grenada,1996,3632.75061083003,
GRD,Grenada,1997,3861.39782205433,
GRD,Grenada,1998,4370.70399812384,
GRD,Grenada,1999,4705.65224119777,
GRD,Grenada,2000,5057.17396526767,
GRD,Grenada,2001,5040.67046833563,
GRD,Grenada,2002,5213.89626884928,
GRD,Grenada,2003,5682.59610025871,3.92673993110657
GRD,Grenada,2004,5741.59863333486,
GRD,Grenada,2005,6644.02495959618,
GRD,Grenada,2006,6658.540846699,
GRD,Grenada,2007,7212.50682187083,
GRD,Grenada,2008,7832.42335227049,
GRD,Grenada,2009,7290.69710041267,
GRD,Grenada,2010,7257.75662232319,
GRD,Grenada,2011,7291.05889664338,
GRD,Grenada,2012,7444.5047675973,
GRD,Grenada,2013,7789.77638079977,
GRD,Grenada,2014,8369.886755132209,
GRD,Grenada,2015,9096.870645954121,
GRD,Grenada,2016,9628.34748662013,
GRD,Grenada,2017,10152.8328118872,3.17379999160767
GRD,Grenada,2018,10485.9071571796,
GRD,Grenada,2019,10965.5131592044,
GRL,Greenland,1970,1498.27643678161,
GRL,Greenland,1971,1876.50323874687,
GRL,Greenland,1972,2196.71171134534,
GRL,Greenland,1973,2860.28057640115,
GRL,Greenland,1974,3432.70603291276,
GRL,Greenland,1975,4257.949711754,
GRL,Greenland,1976,4844.67632927424,
GRL,Greenland,1977,5713.95491904992,
GRL,Greenland,1978,7235.54974098321,
GRL,Greenland,1979,8480.694826814481,
GRL,Greenland,1980,9483.17307607343,
GRL,Greenland,1981,8544.058328612629,
GRL,Greenland,1982,7813.69066733532,
GRL,Greenland,1983,7988.170958612,
GRL,Greenland,1984,7198.70224749384,
GRL,Greenland,1985,7760.82840448295,
GRL,Greenland,1986,11271.3214290252,
GRL,Greenland,1987,14554.3875384826,
GRL,Greenland,1988,16398.0110939363,
GRL,Greenland,1989,16813.6839491482,
GRL,Greenland,1990,18326.8051234609,
GRL,Greenland,1991,18315.1963031585,
GRL,Greenland,1992,18768.9301437197,
GRL,Greenland,1993,16797.4588562842,
GRL,Greenland,1994,18123.9630348205,
GRL,Greenland,1995,21665.7018983672,
GRL,Greenland,1996,21422.3575434047,
GRL,Greenland,1997,19145.4960362523,
GRL,Greenland,1998,20496.661371851,
GRL,Greenland,1999,20170.4384160027,
GRL,Greenland,2000,19004.1072910304,
GRL,Greenland,2001,19275.4733376066,
GRL,Greenland,2002,20652.8783287878,
GRL,Greenland,2003,27459.7627839484,
GRL,Greenland,2004,32023.4522076237,
GRL,Greenland,2005,32489.7819085278,
GRL,Greenland,2006,35458.1231210482,
GRL,Greenland,2007,39780.9514445753,
GRL,Greenland,2008,44367.0556497873,
GRL,Greenland,2009,44918.5648770756,
GRL,Greenland,2010,43988.3324931946,
GRL,Greenland,2011,47186.9814680048,
GRL,Greenland,2012,45936.7659516989,
GRL,Greenland,2013,47535.5899453685,
GRL,Greenland,2014,50484.9275739023,
GRL,Greenland,2015,44536.4013080999,
GRL,Greenland,2016,48181.874188064,
GRL,Greenland,2017,50321.3687543442,
GRL,Greenland,2018,54470.9563864255,
GTM,Guatemala,1960,252.756171165062,
GTM,Guatemala,1961,253.227290034998,
GTM,Guatemala,1962,261.179133806117,
GTM,Guatemala,1963,280.096636444858,
GTM,Guatemala,1964,279.930464500156,
GTM,Guatemala,1965,278.828138481721,
GTM,Guatemala,1966,283.192724592174,
GTM,Guatemala,1967,287.968047136813,
GTM,Guatemala,1968,310.661745203358,
GTM,Guatemala,1969,322.437529369749,
GTM,Guatemala,1970,349.024975633327,1.85871994495392
GTM,Guatemala,1971,355.090371107723,2.0255401134491
GTM,Guatemala,1972,367.118881140873,
GTM,Guatemala,1973,438.544851160696,
GTM,Guatemala,1974,527.417696811971,
GTM,Guatemala,1975,594.651803552057,
GTM,Guatemala,1976,696.222015275001,1.62729001045227
GTM,Guatemala,1977,854.6366433809829,
GTM,Guatemala,1978,925.12574446591,
GTM,Guatemala,1979,1027.08369602514,
GTM,Guatemala,1980,1143.44040197691,
GTM,Guatemala,1981,1217.26402049105,
GTM,Guatemala,1982,1200.24923382046,
GTM,Guatemala,1983,1212.71655867236,
GTM,Guatemala,1984,1234.7026407121,
GTM,Guatemala,1985,1233.08094396302,
GTM,Guatemala,1986,892.292906492455,
GTM,Guatemala,1987,850.218512067165,
GTM,Guatemala,1988,915.398065335963,
GTM,Guatemala,1989,955.113460863361,
GTM,Guatemala,1990,845.306962105181,
GTM,Guatemala,1991,1011.75496628105,
GTM,Guatemala,1992,1093.96290835701,
GTM,Guatemala,1993,1164.374025081,1.66575002670288
GTM,Guatemala,1994,1293.47019794619,1.43998003005981
GTM,Guatemala,1995,1424.68254256258,1.60479998588562
GTM,Guatemala,1996,1487.60765839974,1.56369996070862
GTM,Guatemala,1997,1649.00160206099,
GTM,Guatemala,1998,1755.84958223191,
GTM,Guatemala,1999,1619.51073552531,
GTM,Guatemala,2000,1664.29895827045,
GTM,Guatemala,2001,1575.42855740399,
GTM,Guatemala,2002,1710.34146844776,
GTM,Guatemala,2003,1765.35167674537,
GTM,Guatemala,2004,1889.69182366014,
GTM,Guatemala,2005,2101.54181782248,
GTM,Guatemala,2006,2287.9357153063,2.9840099811554
GTM,Guatemala,2007,2531.2060801227,3.03873991966248
GTM,Guatemala,2008,2848.50315971409,3.18454003334045
GTM,Guatemala,2009,2695.22126447199,
GTM,Guatemala,2010,2898.94221470448,2.80306005477905
GTM,Guatemala,2011,3281.66750176033,2.92014002799988
GTM,Guatemala,2012,3408.78491640236,2.95785999298096
GTM,Guatemala,2013,3522.77369775434,2.88808989524841
GTM,Guatemala,2014,3779.64232768084,2.98562002182007
GTM,Guatemala,2015,3994.63691288475,3.03032994270325
GTM,Guatemala,2016,4173.30166619474,2.94474005699158
GTM,Guatemala,2017,4451.45098990197,2.951819896698
GTM,Guatemala,2018,4472.89236269013,3.14092993736267
GTM,Guatemala,2019,4619.98709708493,3.21219992637634
GUM,Guam,2002,21536.3668753499,
GUM,Guam,2003,22572.0752994287,
GUM,Guam,2004,24395.7976230384,
GUM,Guam,2005,26495.8775773033,
GUM,Guam,2006,26555.6452019565,
GUM,Guam,2007,27542.2261673182,
GUM,Guam,2008,29056.3142936191,
GUM,Guam,2009,30026.5032092749,
GUM,Guam,2010,30700.4340081784,
GUM,Guam,2011,30859.4043533803,
GUM,Guam,2012,32494.5623640591,
GUM,Guam,2013,33265.3811866066,
GUM,Guam,2014,34394.0974809957,
GUM,Guam,2015,35278.9259389693,
GUM,Guam,2016,35562.8379083283,
GUM,Guam,2017,35615.8046274371,
GUM,Guam,2018,35712.5621350321,
GUY,Guyana,1960,297.673299079368,
GUY,Guyana,1961,315.385459502551,
GUY,Guyana,1962,321.545767139554,
GUY,Guyana,1963,282.306338501804,
GUY,Guyana,1964,305.361611188496,
GUY,Guyana,1965,327.114222691783,
GUY,Guyana,1966,344.166523485249,
GUY,Guyana,1967,370.154172302459,
GUY,Guyana,1968,334.841272848636,
GUY,Guyana,1969,358.320936550029,
GUY,Guyana,1970,379.893720546888,4.32897996902466
GUY,Guyana,1971,395.202918938914,
GUY,Guyana,1972,395.292946834055,
GUY,Guyana,1973,420.66158167189,
GUY,Guyana,1974,588.13621991354,
GUY,Guyana,1975,663.4010019114889,
GUY,Guyana,1976,602.624847334773,
GUY,Guyana,1977,590.065370450038,7.08872985839844
GUY,Guyana,1978,658.438565167992,
GUY,Guyana,1979,683.333032744437,9.37786960601807
GUY,Guyana,1980,773.181670774835,
GUY,Guyana,1981,729.606958833535,
GUY,Guyana,1982,616.963158851373,
GUY,Guyana,1983,628.197688848721,8.253470420837401
GUY,Guyana,1984,564.526418035623,7.22747993469238
GUY,Guyana,1985,588.61340942847,
GUY,Guyana,1986,660.152763615591,
GUY,Guyana,1987,468.140185120002,
GUY,Guyana,1988,551.263643375844,
GUY,Guyana,1989,509.371016994551,
GUY,Guyana,1990,533.536205388525,
GUY,Guyana,1991,468.160197417458,
GUY,Guyana,1992,499.02770963317,
GUY,Guyana,1993,602.1414776070339,
GUY,Guyana,1994,712.712854200065,3.72445011138916
GUY,Guyana,1995,816.542932880453,3.60933995246887
GUY,Guyana,1996,927.195895641403,
GUY,Guyana,1997,988.347836411124,
GUY,Guyana,1998,951.91247710807,
GUY,Guyana,1999,926.742808551844,8.56105995178223
GUY,Guyana,2000,954.404152491261,8.48414993286133
GUY,Guyana,2001,955.665380611907,8.397299766540529
GUY,Guyana,2002,974.949193282042,8.36553955078125
GUY,Guyana,2003,997.210034576674,6.95590019226074
GUY,Guyana,2004,1056.42388561094,5.51293992996216
GUY,Guyana,2005,1105.49645364882,8.139730453491209
GUY,Guyana,2006,1954.13330777809,5.08925008773804
GUY,Guyana,2007,2331.20034221863,3.75261998176575
GUY,Guyana,2008,2566.8870846973,
GUY,Guyana,2009,2756.81988916377,3.3027400970459
GUY,Guyana,2010,3033.24772490536,3.63855004310608
GUY,Guyana,2011,3425.43644063562,3.59204006195068
GUY,Guyana,2012,3788.14674878178,3.18242001533508
GUY,Guyana,2013,3934.86526171904,
GUY,Guyana,2014,4031.60066245674,5.84795999526978
GUY,Guyana,2015,4166.12851559884,5.21482992172241
GUY,Guyana,2016,4542.62206666493,6.06099987030029
GUY,Guyana,2017,4586.05457171312,6.23007011413574
GUY,Guyana,2018,4979.00218839886,5.49357986450195
GUY,Guyana,2019,5468.35662903592,
HIC,High income,1960,1363.90302028288,
HIC,High income,1961,1422.71452494264,
HIC,High income,1962,1516.31857027412,
HIC,High income,1963,1613.14135477782,
HIC,High income,1964,1739.35152477677,
HIC,High income,1965,1867.00507464744,
HIC,High income,1966,2025.97744718292,
HIC,High income,1967,2151.78301937921,
HIC,High income,1968,2312.40061504432,
HIC,High income,1969,2516.09359289425,
HIC,High income,1970,2726.16553177949,
HIC,High income,1971,2996.67113345893,
HIC,High income,1972,3444.34697857203,
HIC,High income,1973,4136.30411352989,
HIC,High income,1974,4621.76357622321,4.36217498779297
HIC,High income,1975,5106.4959657527,4.66899013519287
HIC,High income,1976,5514.92644765823,4.60702991485596
HIC,High income,1977,6189.6361848154,
HIC,High income,1978,7367.13302562475,4.53252983093262
HIC,High income,1979,8444.68612379745,4.47736978530884
HIC,High income,1980,9349.172346453441,4.82574987411499
HIC,High income,1981,9415.471168928339,4.83336019515991
HIC,High income,1982,9259.527671445359,5.04606008529663
HIC,High income,1983,9495.68201399307,4.85560989379883
HIC,High income,1984,9836.15656735986,
HIC,High income,1985,10256.4273402718,
HIC,High income,1986,12368.026844612,4.78012013435364
HIC,High income,1987,14237.8677515976,4.57712984085083
HIC,High income,1988,15923.5967601404,4.50914001464844
HIC,High income,1989,16538.2614248153,
HIC,High income,1990,18440.171274585,
HIC,High income,1991,19344.9902984887,4.78586983680725
HIC,High income,1992,20689.3726260152,
HIC,High income,1993,20691.4866764756,5.18071985244751
HIC,High income,1994,22031.0757591189,4.95306515693665
HIC,High income,1995,24272.3302173074,4.76492023468018
HIC,High income,1996,24324.2013722037,4.74829006195068
HIC,High income,1997,23768.1796594019,
HIC,High income,1998,23717.1367835173,4.50121998786926
HIC,High income,1999,24753.4191121142,4.56714010238647
HIC,High income,2000,25102.8769575263,4.67240500450134
HIC,High income,2001,24717.1166428541,4.9310097694397
HIC,High income,2002,25605.8965842545,4.80590009689331
HIC,High income,2003,28529.9762128683,4.80466985702515
HIC,High income,2004,31558.432655805,4.86924004554749
HIC,High income,2005,33172.2005521256,4.89174485206604
HIC,High income,2006,34797.806782753,4.78537487983704
HIC,High income,2007,37807.8710563366,4.6741349697113
HIC,High income,2008,39888.6095227498,4.85126495361328
HIC,High income,2009,37123.9459136746,5.07431983947754
HIC,High income,2010,38650.1449944604,5.31273984909058
HIC,High income,2011,41536.1827076963,4.9698600769043
HIC,High income,2012,41343.838833113,4.84040498733521
HIC,High income,2013,41628.4805545483,4.96561002731324
HIC,High income,2014,42293.5445119279,5.05122995376587
HIC,High income,2015,39730.9195530976,5.00505018234253
HIC,High income,2016,40332.2633871007,5.01359987258911
HIC,High income,2017,41971.2373450865,4.93924999237061
HIC,High income,2018,44351.039059563,
HIC,High income,2019,44540.3940855154,
HKG,"Hong Kong SAR, China",1960,429.442874392053,
HKG,"Hong Kong SAR, China",1961,436.754411520393,
HKG,"Hong Kong SAR, China",1962,487.821134050813,
HKG,"Hong Kong SAR, China",1963,565.727810358046,
HKG,"Hong Kong SAR, China",1964,629.591525784494,
HKG,"Hong Kong SAR, China",1965,676.805507110096,
HKG,"Hong Kong SAR, China",1966,685.926614135084,
HKG,"Hong Kong SAR, China",1967,723.239225616661,
HKG,"Hong Kong SAR, China",1968,714.48296958061,
HKG,"Hong Kong SAR, China",1969,825.5234491420121,
HKG,"Hong Kong SAR, China",1970,960.031961510704,
HKG,"Hong Kong SAR, China",1971,1106.46971695915,2.36814999580383
HKG,"Hong Kong SAR, China",1972,1384.73843732271,2.29560995101929
HKG,"Hong Kong SAR, China",1973,1893.18124189464,2.1833701133728
HKG,"Hong Kong SAR, China",1974,2144.60771295144,2.36029005050659
HKG,"Hong Kong SAR, China",1975,2252.11188136859,2.44919991493225
HKG,"Hong Kong SAR, China",1976,2850.0146101832,2.43336009979248
HKG,"Hong Kong SAR, China",1977,3429.42027607254,2.21923995018005
HKG,"Hong Kong SAR, China",1978,3923.94373132755,2.32255005836487
HKG,"Hong Kong SAR, China",1979,4569.45370724224,
HKG,"Hong Kong SAR, China",1980,5700.41263435822,2.19214010238647
HKG,"Hong Kong SAR, China",1981,5991.32026141972,2.27172994613647
HKG,"Hong Kong SAR, China",1982,6133.78407860515,1.66982996463776
HKG,"Hong Kong SAR, China",1983,5595.23513863846,2.57859992980957
HKG,"Hong Kong SAR, China",1984,6208.22615937199,2.58169007301331
HKG,"Hong Kong SAR, China",1985,6542.93153674313,2.55896997451782
HKG,"Hong Kong SAR, China",1986,7435.03069759422,
HKG,"Hong Kong SAR, China",1987,9071.33260211718,
HKG,"Hong Kong SAR, China",1988,10609.7456394545,
HKG,"Hong Kong SAR, China",1989,12097.7751586818,
HKG,"Hong Kong SAR, China",1990,13485.5448929565,2.46608996391296
HKG,"Hong Kong SAR, China",1991,15465.8588553349,
HKG,"Hong Kong SAR, China",1992,17976.4293827655,2.82820010185242
HKG,"Hong Kong SAR, China",1993,20395.5173666776,
HKG,"Hong Kong SAR, China",1994,22502.5797409692,
HKG,"Hong Kong SAR, China",1995,23497.4923138193,
HKG,"Hong Kong SAR, China",1996,24818.1545523517,2.72831010818481
HKG,"Hong Kong SAR, China",1997,27330.0333502807,
HKG,"Hong Kong SAR, China",1998,25808.970952453,
HKG,"Hong Kong SAR, China",1999,25091.6665997966,
HKG,"Hong Kong SAR, China",2000,25756.6637783278,
HKG,"Hong Kong SAR, China",2001,25230.2163329516,3.90370011329651
HKG,"Hong Kong SAR, China",2002,24665.8899982779,4.01554012298584
HKG,"Hong Kong SAR, China",2003,23977.0194516698,4.28529977798462
HKG,"Hong Kong SAR, China",2004,24928.1003722551,4.5589599609375
HKG,"Hong Kong SAR, China",2005,26649.750801707,4.13463020324707
HKG,"Hong Kong SAR, China",2006,28224.2150609389,3.84278988838196
HKG,"Hong Kong SAR, China",2007,30594.0178410231,3.45455002784729
HKG,"Hong Kong SAR, China",2008,31515.6627713018,3.26062989234924
HKG,"Hong Kong SAR, China",2009,30697.340383517,4.39212989807129
HKG,"Hong Kong SAR, China",2010,32549.998231121,3.51003003120422
HKG,"Hong Kong SAR, China",2011,35142.4879344543,3.41822004318237
HKG,"Hong Kong SAR, China",2012,36730.8767001128,3.50960993766785
HKG,"Hong Kong SAR, China",2013,38403.7777145477,3.76031994819641
HKG,"Hong Kong SAR, China",2014,40315.2855640552,3.57255005836487
HKG,"Hong Kong SAR, China",2015,42431.8882817277,3.26212000846863
HKG,"Hong Kong SAR, China",2016,43731.1068245299,3.29264998435974
HKG,"Hong Kong SAR, China",2017,46165.8565115953,3.31010007858276
HKG,"Hong Kong SAR, China",2018,48542.887332961,3.32651996612549
HKG,"Hong Kong SAR, China",2019,48755.8350791287,3.8105800151825
HND,Honduras,1960,164.644722539428,
HND,Honduras,1961,169.909593023117,
HND,Honduras,1962,179.876389779959,
HND,Honduras,1963,185.049514955538,
HND,Honduras,1964,200.434376820137,
HND,Honduras,1965,216.814470495713,
HND,Honduras,1966,227.741144929835,
HND,Honduras,1967,240.547133121382,
HND,Honduras,1968,252.584519942969,
HND,Honduras,1969,253.268912797776,
HND,Honduras,1970,266.136210205643,
HND,Honduras,1971,261.246557067005,
HND,Honduras,1972,278.615012666054,
HND,Honduras,1973,307.343661428183,
HND,Honduras,1974,338.155992388957,
HND,Honduras,1975,356.457283954063,
HND,Honduras,1976,414.623140462821,
HND,Honduras,1977,497.938290844288,
HND,Honduras,1978,895.649799448659,2.01904988288879
HND,Honduras,1979,993.727447712052,2.01298999786377
HND,Honduras,1980,1078.80887936637,1.93636000156403
HND,Honduras,1981,1066.16958563577,
HND,Honduras,1982,1090.99879447111,
HND,Honduras,1983,1110.47786642352,
HND,Honduras,1984,1183.02706865894,
HND,Honduras,1985,1232.87134320478,
HND,Honduras,1986,1287.41103068907,
HND,Honduras,1987,1362.88630202473,
HND,Honduras,1988,1262.06688089423,
HND,Honduras,1989,1128.28268536209,
HND,Honduras,1990,993.4830527044689,
HND,Honduras,1991,911.755518057348,
HND,Honduras,1992,942.612764992185,
HND,Honduras,1993,913.302308564991,
HND,Honduras,1994,836.60373874429,2.51263999938965
HND,Honduras,1995,936.666998051461,2.61744999885559
HND,Honduras,1996,887.6933678161261,
HND,Honduras,1997,948.955555046673,
HND,Honduras,1998,1023.46056927456,
HND,Honduras,1999,1002.71519768983,
HND,Honduras,2000,1080.46212866245,
HND,Honduras,2001,1120.55221213452,
HND,Honduras,2002,1122.06394226918,
HND,Honduras,2003,1145.49756077097,
HND,Honduras,2004,1204.47661886887,
HND,Honduras,2005,1296.69595922206,
HND,Honduras,2006,1420.13612093697,
HND,Honduras,2007,1572.0655038891,
HND,Honduras,2008,1727.82770138436,
HND,Honduras,2009,1789.70665110755,
HND,Honduras,2010,1904.34646496881,
HND,Honduras,2011,2088.31530028695,
HND,Honduras,2012,2144.3426111782,
HND,Honduras,2013,2102.59316626494,5.87492990493774
HND,Honduras,2014,2206.05193412773,7.0901198387146
HND,Honduras,2015,2302.20137936204,6.41297006607056
HND,Honduras,2016,2342.58465119568,
HND,Honduras,2017,2453.72789597457,
HND,Honduras,2018,2505.7767518956,6.06746006011963
HND,Honduras,2019,2574.91219067443,
HPC,Heavily indebted poor countries (HIPC),1960,107.399753092677,
HPC,Heavily indebted poor countries (HIPC),1961,107.628527244236,
HPC,Heavily indebted poor countries (HIPC),1962,114.375786522785,
HPC,Heavily indebted poor countries (HIPC),1963,134.688713547646,
HPC,Heavily indebted poor countries (HIPC),1964,117.408248021644,
HPC,Heavily indebted poor countries (HIPC),1965,133.700564483879,
HPC,Heavily indebted poor countries (HIPC),1966,141.969616089434,
HPC,Heavily indebted poor countries (HIPC),1967,135.526229143168,
HPC,Heavily indebted poor countries (HIPC),1968,139.803729308583,
HPC,Heavily indebted poor countries (HIPC),1969,151.604440584657,
HPC,Heavily indebted poor countries (HIPC),1970,154.529903388082,
HPC,Heavily indebted poor countries (HIPC),1971,162.178665340081,
HPC,Heavily indebted poor countries (HIPC),1972,171.468224837942,
HPC,Heavily indebted poor countries (HIPC),1973,201.633141881476,
HPC,Heavily indebted poor countries (HIPC),1974,240.716258757256,
HPC,Heavily indebted poor countries (HIPC),1975,266.723162847791,
HPC,Heavily indebted poor countries (HIPC),1976,277.143725495207,
HPC,Heavily indebted poor countries (HIPC),1977,316.155738307869,
HPC,Heavily indebted poor countries (HIPC),1978,354.661080736599,
HPC,Heavily indebted poor countries (HIPC),1979,386.952135726999,
HPC,Heavily indebted poor countries (HIPC),1980,401.986624962636,
HPC,Heavily indebted poor countries (HIPC),1981,391.337816368436,
HPC,Heavily indebted poor countries (HIPC),1982,381.444480507339,
HPC,Heavily indebted poor countries (HIPC),1983,352.306752042084,
HPC,Heavily indebted poor countries (HIPC),1984,342.763874625096,
HPC,Heavily indebted poor countries (HIPC),1985,347.210241925146,
HPC,Heavily indebted poor countries (HIPC),1986,388.100587801984,
HPC,Heavily indebted poor countries (HIPC),1987,424.056390994184,
HPC,Heavily indebted poor countries (HIPC),1988,413.700188997088,
HPC,Heavily indebted poor countries (HIPC),1989,387.924317052741,
HPC,Heavily indebted poor countries (HIPC),1990,389.367938049561,
HPC,Heavily indebted poor countries (HIPC),1991,387.534807021009,
HPC,Heavily indebted poor countries (HIPC),1992,344.281064539697,
HPC,Heavily indebted poor countries (HIPC),1993,343.022115931399,
HPC,Heavily indebted poor countries (HIPC),1994,294.010268078448,
HPC,Heavily indebted poor countries (HIPC),1995,325.31161971075,
HPC,Heavily indebted poor countries (HIPC),1996,330.990545688692,
HPC,Heavily indebted poor countries (HIPC),1997,336.65072645217,
HPC,Heavily indebted poor countries (HIPC),1998,344.25770738532,
HPC,Heavily indebted poor countries (HIPC),1999,336.92595422259,2.81946992874146
HPC,Heavily indebted poor countries (HIPC),2000,351.604406607188,2.59340000152588
HPC,Heavily indebted poor countries (HIPC),2001,326.637358842915,2.707200050354
HPC,Heavily indebted poor countries (HIPC),2002,341.698973753664,2.63659501075745
HPC,Heavily indebted poor countries (HIPC),2003,378.268891345259,
HPC,Heavily indebted poor countries (HIPC),2004,422.800433434803,3.02925992012024
HPC,Heavily indebted poor countries (HIPC),2005,467.811685502802,3.02347505092621
HPC,Heavily indebted poor countries (HIPC),2006,541.278194631442,
HPC,Heavily indebted poor countries (HIPC),2007,629.227663272271,
HPC,Heavily indebted poor countries (HIPC),2008,739.082842357039,2.75928509235382
HPC,Heavily indebted poor countries (HIPC),2009,728.302897004296,3.23272001743317
HPC,Heavily indebted poor countries (HIPC),2010,779.144755447606,3.50222992897034
HPC,Heavily indebted poor countries (HIPC),2011,840.1037468621799,3.28224492073059
HPC,Heavily indebted poor countries (HIPC),2012,862.617916300708,3.20938992500305
HPC,Heavily indebted poor countries (HIPC),2013,937.580760789698,3.39098501205445
HPC,Heavily indebted poor countries (HIPC),2014,962.929220466643,3.85620999336243
HPC,Heavily indebted poor countries (HIPC),2015,927.484595463214,3.73579502105713
HPC,Heavily indebted poor countries (HIPC),2016,897.493255355095,3.09609007835388
HPC,Heavily indebted poor countries (HIPC),2017,929.410711342351,3.78730988502502
HPC,Heavily indebted poor countries (HIPC),2018,955.518907332905,3.54720997810364
HPC,Heavily indebted poor countries (HIPC),2019,947.061233586925,
HRV,Croatia,1995,4852.22222594143,
HRV,Croatia,1996,5202.91881740825,
HRV,Croatia,1997,5260.25141254509,
HRV,Croatia,1998,5619.20037310176,
HRV,Croatia,1999,5185.58443729954,
HRV,Croatia,2000,4849.53422325482,
HRV,Croatia,2001,5391.0915912174,
HRV,Croatia,2002,6233.0536821446,3.81978011131287
HRV,Croatia,2003,8060.25716183708,3.8643798828125
HRV,Croatia,2004,9662.77596755999,3.81904006004334
HRV,Croatia,2005,10530.2199096308,
HRV,Croatia,2006,11703.3378908279,
HRV,Croatia,2007,13962.8475678046,3.96519994735718
HRV,Croatia,2008,16309.4390148869,4.28182983398438
HRV,Croatia,2009,14555.9964481135,4.3918399810791
HRV,Croatia,2010,13923.6285837055,4.24204015731812
HRV,Croatia,2011,14566.6384689953,4.15010976791382
HRV,Croatia,2012,13238.1019332831,
HRV,Croatia,2013,13642.1936643621,4.56486988067627
HRV,Croatia,2014,13600.194390748,
HRV,Croatia,2015,11782.8990799829,
HRV,Croatia,2016,12360.4838164919,
HRV,Croatia,2017,13412.3382902297,3.91712999343872
HRV,Croatia,2018,14920.1913831924,
HRV,Croatia,2019,14853.2398374635,
HTI,Haiti,1960,70.6611393892491,
HTI,Haiti,1961,68.76454865924021,
HTI,Haiti,1962,70.1380109788755,
HTI,Haiti,1963,71.96218417157689,
HTI,Haiti,1964,77.862485419389,
HTI,Haiti,1965,82.9476473278901,
HTI,Haiti,1966,84.9853892297224,
HTI,Haiti,1967,83.41218669094521,
HTI,Haiti,1968,81.59291748904,
HTI,Haiti,1969,85.2957407248977,
HTI,Haiti,1970,70.8262852768149,
HTI,Haiti,1971,76.2636367496556,
HTI,Haiti,1972,76.90189550768891,
HTI,Haiti,1973,94.90457190779939,
HTI,Haiti,1974,112.996156851616,
HTI,Haiti,1975,133.750064038683,
HTI,Haiti,1976,169.310921883523,
HTI,Haiti,1977,178.860839656262,
HTI,Haiti,1978,180.27323738129,
HTI,Haiti,1979,195.754238035777,
HTI,Haiti,1980,245.216653822238,
HTI,Haiti,1981,256.245663275115,1.39374005794525
HTI,Haiti,1982,249.432043811515,1.07954001426697
HTI,Haiti,1983,268.291707578563,1.0222100019455
HTI,Haiti,1984,293.18672597986,.986190021038055
HTI,Haiti,1985,317.076445972897,.969290018081665
HTI,Haiti,1986,357.79660883523,
HTI,Haiti,1987,309.303396535657,
HTI,Haiti,1988,386.777234193071,
HTI,Haiti,1989,396.686139185866,
HTI,Haiti,1990,439.944062994775,
HTI,Haiti,1991,483.873905037789,1.07398998737335
HTI,Haiti,1992,308.371313176134,
HTI,Haiti,1993,251.752718957926,
HTI,Haiti,1994,285.118778837802,
HTI,Haiti,1995,363.265825942713,
HTI,Haiti,1996,368.632237698082,
HTI,Haiti,1997,415.770483268566,
HTI,Haiti,1998,455.541896058048,
HTI,Haiti,1999,499.303748903539,
HTI,Haiti,2000,467.147558753214,
HTI,Haiti,2001,417.762646021673,
HTI,Haiti,2002,396.633820807602,
HTI,Haiti,2003,332.614778539168,
HTI,Haiti,2004,391.034615655408,
HTI,Haiti,2005,468.757269552512,
HTI,Haiti,2006,508.968806625167,
HTI,Haiti,2007,619.812774237648,
HTI,Haiti,2008,678.844789796271,
HTI,Haiti,2009,672.036997916062,
HTI,Haiti,2010,665.627419493396,
HTI,Haiti,2011,744.217426799623,
HTI,Haiti,2012,769.749380959249,
HTI,Haiti,2013,815.820015229786,
HTI,Haiti,2014,831.873948899917,3.02451992034912
HTI,Haiti,2015,815.728284410317,3.15722990036011
HTI,Haiti,2016,735.301770321704,2.44958996772766
HTI,Haiti,2017,765.727294324274,2.68945002555847
HTI,Haiti,2018,868.342024762787,2.78046989440918
HTI,Haiti,2019,754.58791774842,
HUN,Hungary,1991,3350.25832323432,5.87939977645874
HUN,Hungary,1992,3735.10582022067,6.07956981658936
HUN,Hungary,1993,3873.98772321774,5.91958999633789
HUN,Hungary,1994,4173.37302368653,5.83488988876343
HUN,Hungary,1995,4494.70762405948,4.84748983383179
HUN,Hungary,1996,4525.03910312241,4.33475017547607
HUN,Hungary,1997,4596.18262235195,
HUN,Hungary,1998,4744.21226429639,4.40864992141724
HUN,Hungary,1999,4793.47852203763,4.56704998016357
HUN,Hungary,2000,4624.28165670295,4.86840009689331
HUN,Hungary,2001,5276.03318905496,4.9310097694397
HUN,Hungary,2002,6655.33300865319,5.17923021316528
HUN,Hungary,2003,8421.10331316153,5.79115009307861
HUN,Hungary,2004,10285.7936270098,5.33585977554321
HUN,Hungary,2005,11200.5769496264,5.33092021942139
HUN,Hungary,2006,11475.8227057093,5.29608011245728
HUN,Hungary,2007,13918.9601910137,5.14305019378662
HUN,Hungary,2008,15753.4732840195,4.97358989715576
HUN,Hungary,2009,13046.4810081848,4.95804023742676
HUN,Hungary,2010,13113.5259617277,4.7612099647522
HUN,Hungary,2011,14150.9667263678,4.59010982513428
HUN,Hungary,2012,12918.2475205388,4.16385984420776
HUN,Hungary,2013,13687.246101281,4.19773006439209
HUN,Hungary,2014,14246.109801447,4.61743021011353
HUN,Hungary,2015,12651.5683423004,4.51866006851196
HUN,Hungary,2016,12992.375667515,4.6553897857666
HUN,Hungary,2017,14457.608763614,4.66709995269775
HUN,Hungary,2018,16150.7727613725,
HUN,Hungary,2019,16475.7418389402,
IBD,IBRD only,1960,158.028718922638,
IBD,IBRD only,1961,149.344297514784,
IBD,IBRD only,1962,153.32285376663,
IBD,IBRD only,1963,160.041189436946,
IBD,IBRD only,1964,177.504610729104,
IBD,IBRD only,1965,189.899910146713,
IBD,IBRD only,1966,191.11566358686,
IBD,IBRD only,1967,192.187553164489,
IBD,IBRD only,1968,198.523747406905,
IBD,IBRD only,1969,216.726678794878,
IBD,IBRD only,1970,230.251592296891,
IBD,IBRD only,1971,245.720476515892,
IBD,IBRD only,1972,270.405152056544,
IBD,IBRD only,1973,340.304578122051,
IBD,IBRD only,1974,420.341690265671,
IBD,IBRD only,1975,444.869668372611,
IBD,IBRD only,1976,475.596733948796,
IBD,IBRD only,1977,529.274548115279,
IBD,IBRD only,1978,560.434955197658,
IBD,IBRD only,1979,659.426895501738,
IBD,IBRD only,1980,763.852555614698,
IBD,IBRD only,1981,812.266017061247,
IBD,IBRD only,1982,791.010548593115,
IBD,IBRD only,1983,765.335269855423,
IBD,IBRD only,1984,768.38421537469,
IBD,IBRD only,1985,796.8875564141269,
IBD,IBRD only,1986,814.064516445726,
IBD,IBRD only,1987,816.807348925866,
IBD,IBRD only,1988,867.526900763665,
IBD,IBRD only,1989,884.982196904641,
IBD,IBRD only,1990,995.737672366446,
IBD,IBRD only,1991,1055.56640264699,
IBD,IBRD only,1992,1036.61392137813,
IBD,IBRD only,1993,1094.54536636441,
IBD,IBRD only,1994,1179.65337291146,
IBD,IBRD only,1995,1307.94724659918,
IBD,IBRD only,1996,1410.3756771511,3.49960994720459
IBD,IBRD only,1997,1473.57146218196,
IBD,IBRD only,1998,1414.80821136954,
IBD,IBRD only,1999,1356.3869373811,4.21627497673035
IBD,IBRD only,2000,1457.24253966497,3.90146005153656
IBD,IBRD only,2001,1462.11596494121,3.77112495899201
IBD,IBRD only,2002,1469.08045221281,3.78507506847382
IBD,IBRD only,2003,1636.09296774764,3.8643798828125
IBD,IBRD only,2004,1926.08106943826,3.69885003566742
IBD,IBRD only,2005,2279.13651134151,3.8992999792099
IBD,IBRD only,2006,2675.42448517693,3.90346002578735
IBD,IBRD only,2007,3292.33179008498,3.82490491867066
IBD,IBRD only,2008,3914.32195692431,4.16206502914429
IBD,IBRD only,2009,3759.66248104644,4.48398017883301
IBD,IBRD only,2010,4520.58665637598,4.24204015731812
IBD,IBRD only,2011,5287.11310838397,4.15010976791382
IBD,IBRD only,2012,5566.79598158951,3.8675000667572
IBD,IBRD only,2013,5823.53208302828,4.09911012649536
IBD,IBRD only,2014,5965.9131453474,
IBD,IBRD only,2015,5581.20551384289,
IBD,IBRD only,2016,5571.60102665915,4.41101002693176
IBD,IBRD only,2017,6091.70977670782,4.30766010284424
IBD,IBRD only,2018,6451.68568201707,
IBD,IBRD only,2019,6564.92014731271,
IBT,IDA & IBRD total,1960,147.775070812167,
IBT,IDA & IBRD total,1961,141.347953726119,
IBT,IDA & IBRD total,1962,145.637819015196,
IBT,IDA & IBRD total,1963,153.078800212359,
IBT,IDA & IBRD total,1964,166.410428022183,
IBT,IDA & IBRD total,1965,178.703867337577,
IBT,IDA & IBRD total,1966,180.993383835209,
IBT,IDA & IBRD total,1967,181.457945585092,
IBT,IDA & IBRD total,1968,187.201657114724,
IBT,IDA & IBRD total,1969,204.546396029082,
IBT,IDA & IBRD total,1970,219.068944450746,
IBT,IDA & IBRD total,1971,231.15909106873,
IBT,IDA & IBRD total,1972,251.917317751265,
IBT,IDA & IBRD total,1973,312.777579111908,
IBT,IDA & IBRD total,1974,389.1045638217,
IBT,IDA & IBRD total,1975,416.534126933122,
IBT,IDA & IBRD total,1976,442.321141707115,
IBT,IDA & IBRD total,1977,489.192139873029,
IBT,IDA & IBRD total,1978,520.377448643892,
IBT,IDA & IBRD total,1979,609.074068426428,
IBT,IDA & IBRD total,1980,704.735863577901,
IBT,IDA & IBRD total,1981,780.35690987329,
IBT,IDA & IBRD total,1982,752.815518965999,
IBT,IDA & IBRD total,1983,710.637484385317,
IBT,IDA & IBRD total,1984,703.008739937511,
IBT,IDA & IBRD total,1985,725.44494952814,
IBT,IDA & IBRD total,1986,735.153239478026,
IBT,IDA & IBRD total,1987,739.215085783104,
IBT,IDA & IBRD total,1988,779.112136148182,
IBT,IDA & IBRD total,1989,789.226982076344,
IBT,IDA & IBRD total,1990,881.76626840177,
IBT,IDA & IBRD total,1991,928.087546758532,
IBT,IDA & IBRD total,1992,906.99409846111,
IBT,IDA & IBRD total,1993,946.943782534709,
IBT,IDA & IBRD total,1994,1009.72033883843,
IBT,IDA & IBRD total,1995,1118.0928132,
IBT,IDA & IBRD total,1996,1203.19331459895,
IBT,IDA & IBRD total,1997,1252.31117763982,
IBT,IDA & IBRD total,1998,1202.67794736052,
IBT,IDA & IBRD total,1999,1154.77707642379,3.7649199962616
IBT,IDA & IBRD total,2000,1239.24853536788,3.4301700592041
IBT,IDA & IBRD total,2001,1237.69786645335,3.50342011451721
IBT,IDA & IBRD total,2002,1245.44798896687,3.38608002662659
IBT,IDA & IBRD total,2003,1382.97918685686,3.45890498161316
IBT,IDA & IBRD total,2004,1621.56627452415,3.3488450050354
IBT,IDA & IBRD total,2005,1909.04944011237,3.51213002204895
IBT,IDA & IBRD total,2006,2236.82176167297,3.66905999183655
IBT,IDA & IBRD total,2007,2732.609769531,3.60984992980957
IBT,IDA & IBRD total,2008,3238.50262245956,3.92627000808716
IBT,IDA & IBRD total,2009,3103.94467407655,4.25346994400025
IBT,IDA & IBRD total,2010,3707.50905022089,3.88239002227783
IBT,IDA & IBRD total,2011,4311.53819013222,3.81939995288849
IBT,IDA & IBRD total,2012,4528.97227389441,3.69000506401062
IBT,IDA & IBRD total,2013,4736.5284972461,3.80149006843567
IBT,IDA & IBRD total,2014,4851.42461790789,4.06828999519348
IBT,IDA & IBRD total,2015,4537.97692824524,4.12771010398864
IBT,IDA & IBRD total,2016,4503.14517758388,3.96209001541138
IBT,IDA & IBRD total,2017,4885.47424281036,4.08859014511108
IBT,IDA & IBRD total,2018,5153.20210555709,
IBT,IDA & IBRD total,2019,5227.75905922735,
IDA,IDA total,1960,99.46703038164191,
IDA,IDA total,1961,102.54804602935,
IDA,IDA total,1962,107.908598789434,
IDA,IDA total,1963,118.399599304627,
IDA,IDA total,1964,113.231440784378,
IDA,IDA total,1965,124.842906361837,
IDA,IDA total,1966,131.976474038051,
IDA,IDA total,1967,129.854923027475,
IDA,IDA total,1968,132.97404637191,
IDA,IDA total,1969,146.287425106672,
IDA,IDA total,1970,165.164132240027,
IDA,IDA total,1971,161.983558503909,
IDA,IDA total,1972,164.97957535722,
IDA,IDA total,1973,184.739593514842,
IDA,IDA total,1974,243.712752297613,
IDA,IDA total,1975,284.269258807703,
IDA,IDA total,1976,288.647396878816,
IDA,IDA total,1977,306.058128165363,
IDA,IDA total,1978,338.150677193801,
IDA,IDA total,1979,382.470681195277,
IDA,IDA total,1980,440.887019527916,
IDA,IDA total,1981,633.633514342641,
IDA,IDA total,1982,581.0274057870261,
IDA,IDA total,1983,472.079595115646,
IDA,IDA total,1984,422.418313730957,
IDA,IDA total,1985,421.999253921796,
IDA,IDA total,1986,403.69870074763,
IDA,IDA total,1987,415.450591396423,
IDA,IDA total,1988,413.407640783819,
IDA,IDA total,1989,392.921754873164,
IDA,IDA total,1990,410.896708672611,
IDA,IDA total,1991,405.887322928661,
IDA,IDA total,1992,381.730907748559,
IDA,IDA total,1993,354.386914279124,
IDA,IDA total,1994,333.921107424573,
IDA,IDA total,1995,372.440568837471,
IDA,IDA total,1996,399.40258021413,
IDA,IDA total,1997,403.733544983306,
IDA,IDA total,1998,399.447156140253,
IDA,IDA total,1999,401.505734218531,2.85638999938965
IDA,IDA total,2000,435.330957339927,2.59340000152588
IDA,IDA total,2001,420.335085799489,2.90390992164612
IDA,IDA total,2002,442.00520779196,2.82522010803223
IDA,IDA total,2003,485.323120293207,
IDA,IDA total,2004,555.469574617622,3.02925992012024
IDA,IDA total,2005,629.819577516892,3.3096399307251
IDA,IDA total,2006,740.900759964764,
IDA,IDA total,2007,847.912254528386,
IDA,IDA total,2008,992.941011641568,3.3444299697876
IDA,IDA total,2009,954.146483927451,3.35601997375488
IDA,IDA total,2010,1074.3401292154,3.52101492881775
IDA,IDA total,2011,1190.50701289103,3.10247993469238
IDA,IDA total,2012,1250.49823115765,3.47949004173279
IDA,IDA total,2013,1347.43393016658,3.45445990562439
IDA,IDA total,2014,1422.52551535685,4.00511002540588
IDA,IDA total,2015,1370.73525008276,3.93996512889862
IDA,IDA total,2016,1299.26767391327,3.4193000793457
IDA,IDA total,2017,1312.72588848293,4.03133010864258
IDA,IDA total,2018,1359.69623307619,3.69643998146057
IDA,IDA total,2019,1377.49082047327,
IDB,IDA blend,1960,100.326359750399,
IDB,IDA blend,1961,104.858384915049,
IDB,IDA blend,1962,109.454214772782,
IDB,IDA blend,1963,113.019238279771,
IDB,IDA blend,1964,120.28332870228,
IDB,IDA blend,1965,127.287835127628,
IDB,IDA blend,1966,134.967143583456,
IDB,IDA blend,1967,132.149890991037,
IDB,IDA blend,1968,135.953317854077,
IDB,IDA blend,1969,151.81089792163,
IDB,IDA blend,1970,202.775314358027,
IDB,IDA blend,1971,183.309981185373,3.50484502315521
IDB,IDA blend,1972,199.972102565472,3.92011487483978
IDB,IDA blend,1973,207.119041652204,
IDB,IDA blend,1974,292.419922873828,
IDB,IDA blend,1975,325.494156802623,4.33490502834321
IDB,IDA blend,1976,383.219234442329,
IDB,IDA blend,1977,390.72391111989,
IDB,IDA blend,1978,410.683840901442,
IDB,IDA blend,1979,489.952848597641,
IDB,IDA blend,1980,610.5943723399359,3.96602988243103
IDB,IDA blend,1981,1144.59224722717,
IDB,IDA blend,1982,1013.68531586388,
IDB,IDA blend,1983,746.186804735971,3.82118511199951
IDB,IDA blend,1984,621.625430762994,3.91366493701935
IDB,IDA blend,1985,601.998794325502,
IDB,IDA blend,1986,522.959631491287,
IDB,IDA blend,1987,521.716661943436,
IDB,IDA blend,1988,524.582209116548,
IDB,IDA blend,1989,490.892682874142,4.3423399925232
IDB,IDA blend,1990,521.136817848006,
IDB,IDA blend,1991,515.533975293166,
IDB,IDA blend,1992,499.994039284686,4.41345000267028
IDB,IDA blend,1993,435.07855714253,
IDB,IDA blend,1994,436.096619521454,6.1485698223114
IDB,IDA blend,1995,488.110320963342,
IDB,IDA blend,1996,527.356339153979,
IDB,IDA blend,1997,526.678598943163,
IDB,IDA blend,1998,504.806306903812,
IDB,IDA blend,1999,515.452311747528,
IDB,IDA blend,2000,572.558467316268,
IDB,IDA blend,2001,558.022005098481,
IDB,IDA blend,2002,601.929913978105,
IDB,IDA blend,2003,660.205764875957,
IDB,IDA blend,2004,786.023396131709,2.65088498592376
IDB,IDA blend,2005,917.101833986843,2.46844506263733
IDB,IDA blend,2006,1122.66229801513,
IDB,IDA blend,2007,1264.85091694815,
IDB,IDA blend,2008,1464.52496338479,
IDB,IDA blend,2009,1339.97459258679,
IDB,IDA blend,2010,1536.68886157534,4.25094008445739
IDB,IDA blend,2011,1730.32671096307,
IDB,IDA blend,2012,1859.43827902544,5.50903987884521
IDB,IDA blend,2013,1977.51020180061,5.53926491737366
IDB,IDA blend,2014,2105.04177801938,5.28021001815796
IDB,IDA blend,2015,1957.86344151847,4.91640496253967
IDB,IDA blend,2016,1771.73912815028,5.36266994476318
IDB,IDA blend,2017,1714.46986572736,5.32401013374329
IDB,IDA blend,2018,1753.09130179051,4.40865004062653
IDB,IDA blend,2019,1762.41115437295,
IDN,Indonesia,1967,53.5372982103029,
IDN,Indonesia,1968,65.0530450392047,
IDN,Indonesia,1969,74.6020983902901,
IDN,Indonesia,1970,79.7145360981891,
IDN,Indonesia,1971,79.1781893293078,
IDN,Indonesia,1972,90.8761729866669,2.78820991516113
IDN,Indonesia,1973,131.024911617114,
IDN,Indonesia,1974,202.495384721854,
IDN,Indonesia,1975,233.116666252452,
IDN,Indonesia,1976,278.196668135507,
IDN,Indonesia,1977,333.694374250622,
IDN,Indonesia,1978,365.91584458479,
IDN,Indonesia,1979,356.921336727384,
IDN,Indonesia,1980,491.579526269543,
IDN,Indonesia,1981,566.5776809335759,
IDN,Indonesia,1982,583.6698581378751,
IDN,Indonesia,1983,512.959117624091,
IDN,Indonesia,1984,525.333962984625,
IDN,Indonesia,1985,516.960993326026,
IDN,Indonesia,1986,474.859160471773,
IDN,Indonesia,1987,442.215467300766,
IDN,Indonesia,1988,481.781482255566,
IDN,Indonesia,1989,530.003245615281,.871410012245178
IDN,Indonesia,1990,585.076549951004,
IDN,Indonesia,1991,631.7828372847609,
IDN,Indonesia,1992,681.938385611901,
IDN,Indonesia,1993,827.905305280584,
IDN,Indonesia,1994,912.203275079504,.998549997806549
IDN,Indonesia,1995,1026.39342043947,1.00434994697571
IDN,Indonesia,1996,1137.41011823586,1.07854998111725
IDN,Indonesia,1997,1063.71236524864,1.07208001613617
IDN,Indonesia,1998,463.948169466852,
IDN,Indonesia,1999,671.098616110039,
IDN,Indonesia,2000,780.190200986579,
IDN,Indonesia,2001,748.2576156989689,2.46003007888794
IDN,Indonesia,2002,900.177575713531,2.64568996429443
IDN,Indonesia,2003,1065.64853925461,3.21799993515015
IDN,Indonesia,2004,1150.26131499565,2.74847006797791
IDN,Indonesia,2005,1263.28732054575,2.8728199005127
IDN,Indonesia,2006,1589.80148866142,
IDN,Indonesia,2007,1860.00276310682,3.04425001144409
IDN,Indonesia,2008,2166.85416700025,2.90190005302429
IDN,Indonesia,2009,2261.24722374577,3.52513003349304
IDN,Indonesia,2010,3122.36281521649,2.81227993965149
IDN,Indonesia,2011,3643.04393616102,3.18944001197815
IDN,Indonesia,2012,3694.34894603237,3.40748000144959
IDN,Indonesia,2013,3623.91158235134,3.35904002189636
IDN,Indonesia,2014,3491.62479085767,3.28800988197327
IDN,Indonesia,2015,3331.69512758628,3.58360004425049
IDN,Indonesia,2016,3562.84575641971,
IDN,Indonesia,2017,3837.65173121117,
IDN,Indonesia,2018,3893.84642475571,
IDN,Indonesia,2019,4135.56926281554,
IDX,IDA only,1960,103.061841870377,
IDX,IDA only,1961,105.445255464977,
IDX,IDA only,1962,111.459163329996,
IDX,IDA only,1963,126.296983359897,
IDX,IDA only,1964,113.887253050822,
IDX,IDA only,1965,128.58124477652,
IDX,IDA only,1966,135.701834772628,
IDX,IDA only,1967,133.888850871604,
IDX,IDA only,1968,136.754307341821,
IDX,IDA only,1969,149.186634034391,
IDX,IDA only,1970,150.851700705487,
IDX,IDA only,1971,156.598537398394,
IDX,IDA only,1972,152.000392836221,
IDX,IDA only,1973,179.55249369497,
IDX,IDA only,1974,225.923594976436,
IDX,IDA only,1975,272.229862547611,
IDX,IDA only,1976,245.905708954244,
IDX,IDA only,1977,269.364334972991,
IDX,IDA only,1978,309.440085893234,
IDX,IDA only,1979,334.709583455586,
IDX,IDA only,1980,358.36438786843,
IDX,IDA only,1981,356.348847927689,
IDX,IDA only,1982,345.963529597906,
IDX,IDA only,1983,324.729139834614,
IDX,IDA only,1984,316.568100342788,
IDX,IDA only,1985,326.636760389307,
IDX,IDA only,1986,342.469393553483,
IDX,IDA only,1987,361.517017850304,
IDX,IDA only,1988,356.461972090109,
IDX,IDA only,1989,342.904042368352,
IDX,IDA only,1990,354.210656056819,
IDX,IDA only,1991,349.470297321922,
IDX,IDA only,1992,320.250128458134,
IDX,IDA only,1993,313.57584423042,
IDX,IDA only,1994,281.177958758377,
IDX,IDA only,1995,312.713110903357,
IDX,IDA only,1996,333.190355706611,
IDX,IDA only,1997,340.252025058471,
IDX,IDA only,1998,345.504685053166,
IDX,IDA only,1999,342.836862610214,2.85638999938965
IDX,IDA only,2000,364.207868657248,2.61943995952606
IDX,IDA only,2001,348.99718051549,2.90390992164612
IDX,IDA only,2002,359.154837943712,2.77578997612
IDX,IDA only,2003,394.840166058795,
IDX,IDA only,2004,436.391051983467,3.07600498199463
IDX,IDA only,2005,481.587631029647,3.3646399974823
IDX,IDA only,2006,544.02639594979,3.40350008010864
IDX,IDA only,2007,632.767972033074,
IDX,IDA only,2008,750.032277518558,3.403559923172
IDX,IDA only,2009,757.090025789853,3.61195003986359
IDX,IDA only,2010,836.667282442541,3.52101492881775
IDX,IDA only,2011,911.416818978464,3.10247993469238
IDX,IDA only,2012,933.773107165521,3.34443998336792
IDX,IDA only,2013,1019.86624976663,3.3275101184845
IDX,IDA only,2014,1066.54824046642,3.69521999359131
IDX,IDA only,2015,1066.1569440534,3.75254499912262
IDX,IDA only,2016,1057.25582367529,3.25769507884979
IDX,IDA only,2017,1110.35579689092,3.80347990989685
IDX,IDA only,2018,1162.75026642006,3.69643998146057
IDX,IDA only,2019,1185.84185873965,
IMN,Isle of Man,1995,12681.4695573785,
IMN,Isle of Man,1996,14038.3506494098,
IMN,Isle of Man,1997,15990.788346752,
IMN,Isle of Man,1998,18447.9971416014,
IMN,Isle of Man,1999,20624.2767443915,
IMN,Isle of Man,2000,20322.9461485526,
IMN,Isle of Man,2001,21352.2160500672,
IMN,Isle of Man,2002,24864.4362949409,
IMN,Isle of Man,2003,29520.0322986677,
IMN,Isle of Man,2004,35492.4355277896,
IMN,Isle of Man,2005,37761.0360500591,
IMN,Isle of Man,2006,42106.8011803733,
IMN,Isle of Man,2007,54194.9864112231,
IMN,Isle of Man,2008,70994.40895412629,
IMN,Isle of Man,2009,65031.3318703261,
IMN,Isle of Man,2010,69766.5211886388,
IMN,Isle of Man,2011,77351.9588821432,
IMN,Isle of Man,2012,76104.68136722699,
IMN,Isle of Man,2013,80431.6727965138,
IMN,Isle of Man,2014,88974.2286497928,
IMN,Isle of Man,2015,81606.2800333934,
IMN,Isle of Man,2016,79155.54167209601,
IMN,Isle of Man,2017,80989.1722114502,
IND,India,1960,82.18860200910559,
IND,India,1961,85.3543011749033,
IND,India,1962,89.88175668635979,
IND,India,1963,101.126428181221,
IND,India,1964,115.537497020064,
IND,India,1965,119.318917211719,
IND,India,1966,89.99730596305371,
IND,India,1967,96.3391366489315,
IND,India,1968,99.8759646011063,
IND,India,1969,107.622317828827,
IND,India,1970,112.434493490322,
IND,India,1971,118.603242102118,
IND,India,1972,122.981863898262,
IND,India,1973,143.778688096538,
IND,India,1974,163.478111157501,
IND,India,1975,158.036171764282,
IND,India,1976,161.092091731697,
IND,India,1977,186.213501325277,
IND,India,1978,205.693386086224,
IND,India,1979,224.001016839808,
IND,India,1980,266.577848118397,
IND,India,1981,270.470602438399,
IND,India,1982,274.111331421581,
IND,India,1983,291.238110137317,
IND,India,1984,276.667958643143,
IND,India,1985,296.435151551022,
IND,India,1986,310.465935085896,
IND,India,1987,340.41683161231,
IND,India,1988,354.149251617083,
IND,India,1989,346.112887271625,
IND,India,1990,367.556609311203,
IND,India,1991,303.055605342701,
IND,India,1992,316.953927895311,
IND,India,1993,301.159004220577,
IND,India,1994,346.102950322606,
IND,India,1995,373.766480007829,
IND,India,1996,399.950076763934,
IND,India,1997,415.493796981777,3.3613600730896
IND,India,1998,413.298934242221,3.57256007194519
IND,India,1999,441.998759593395,4.41539001464844
IND,India,2000,443.31419339174,4.32479000091553
IND,India,2001,451.573001074356,
IND,India,2002,470.98678594916,
IND,India,2003,546.726614478728,3.61340999603271
IND,India,2004,627.774247283919,3.35254001617432
IND,India,2005,714.861013495661,3.18875002861023
IND,India,2006,806.753280628799,3.14284992218018
IND,India,2007,1028.33477107667,
IND,India,2008,998.522339019268,
IND,India,2009,1101.96084002239,3.27824997901917
IND,India,2010,1357.56371913262,3.377690076828
IND,India,2011,1458.10352686177,3.79618000984192
IND,India,2012,1443.87952939042,3.8675000667572
IND,India,2013,1449.6059123387,3.84467005729675
IND,India,2014,1573.88149211052,
IND,India,2015,1605.60543355488,
IND,India,2016,1732.56426178428,
IND,India,2017,1981.6510498992,
IND,India,2018,2005.86300452403,
IND,India,2019,2104.14590003333,
IRL,Ireland,1960,685.61471237976,
IRL,Ireland,1961,739.276406442666,
IRL,Ireland,1962,797.006288353959,
IRL,Ireland,1963,852.135301717888,
IRL,Ireland,1964,965.135422676745,
IRL,Ireland,1965,1023.77372640936,
IRL,Ireland,1966,1074.50650554958,
IRL,Ireland,1967,1152.00495214994,
IRL,Ireland,1968,1124.51663608246,
IRL,Ireland,1969,1291.34992028637,
IRL,Ireland,1970,1488.2946985407,
IRL,Ireland,1971,1705.97259689756,4.48104000091553
IRL,Ireland,1972,2082.95683313102,4.61138010025024
IRL,Ireland,1973,2427.17229889613,4.60305023193359
IRL,Ireland,1974,2519.94169519675,4.680419921875
IRL,Ireland,1975,2976.96096742755,
IRL,Ireland,1976,2923.07966849722,4.2913498878479
IRL,Ireland,1977,3431.1775107132,5.07923984527588
IRL,Ireland,1978,4405.25609172698,5.06155014038086
IRL,Ireland,1979,5436.46487499609,5.28179979324341
IRL,Ireland,1980,6380.06947863501,5.31584978103638
IRL,Ireland,1981,5993.32293639701,5.72516012191772
IRL,Ireland,1982,6168.01634742633,5.38308000564575
IRL,Ireland,1983,5922.3258693183,5.44003009796143
IRL,Ireland,1984,5698.84416121523,5.27538013458252
IRL,Ireland,1985,6018.93506141181,5.24209022521973
IRL,Ireland,1986,8121.88627329554,5.29486989974976
IRL,Ireland,1987,9593.388294529659,5.52220010757446
IRL,Ireland,1988,10728.7036758096,5.01015996932983
IRL,Ireland,1989,11189.2005891826,4.70738983154297
IRL,Ireland,1990,14048.1062048571,4.59505987167358
IRL,Ireland,1991,14104.0782910741,4.77694988250732
IRL,Ireland,1992,15733.2039761324,4.99963998794556
IRL,Ireland,1993,14674.6145690882,5.10943984985352
IRL,Ireland,1994,15921.9748437244,5.1825098991394
IRL,Ireland,1995,19181.4004464832,4.86579990386963
IRL,Ireland,1996,20860.596992539,4.74829006195068
IRL,Ireland,1997,22542.8107714729,
IRL,Ireland,1998,24263.2448019694,4.29312992095947
IRL,Ireland,1999,26284.3419750136,4.14085006713867
IRL,Ireland,2000,26241.3646146973,4.1366400718689
IRL,Ireland,2001,28227.7275276623,4.09186983108521
IRL,Ireland,2002,32541.0986016666,4.10604000091553
IRL,Ireland,2003,41106.9252651794,4.2055401802063
IRL,Ireland,2004,47631.0106571223,4.48629999160767
IRL,Ireland,2005,50878.2236116364,4.52216005325317
IRL,Ireland,2006,54306.4293166897,4.54550981521606
IRL,Ireland,2007,61359.7413812502,4.71224021911621
IRL,Ireland,2008,61262.1005610307,5.4441499710083
IRL,Ireland,2009,52105.1524837739,6.13508987426758
IRL,Ireland,2010,48715.1768553933,6.03804016113281
IRL,Ireland,2011,51848.9097301621,5.85826015472412
IRL,Ireland,2012,48917.8975571766,5.7657299041748
IRL,Ireland,2013,51590.1884453629,5.33460998535156
IRL,Ireland,2014,55492.982676213,4.88139009475708
IRL,Ireland,2015,61995.4227789928,3.75829005241394
IRL,Ireland,2016,63197.0823744196,3.71972990036011
IRL,Ireland,2017,69822.34717890951,3.50686001777649
IRL,Ireland,2018,78621.22795527161,
IRL,Ireland,2019,78660.9564629603,
IRN,"Iran, Islamic Rep.",1960,191.680781242215,
IRN,"Iran, Islamic Rep.",1961,196.925081789233,
IRN,"Iran, Islamic Rep.",1962,203.437316704253,
IRN,"Iran, Islamic Rep.",1963,208.132361496648,
IRN,"Iran, Islamic Rep.",1964,221.321237135572,
IRN,"Iran, Islamic Rep.",1965,248.341072691126,
IRN,"Iran, Islamic Rep.",1966,264.979700116411,
IRN,"Iran, Islamic Rep.",1967,287.082832545505,
IRN,"Iran, Islamic Rep.",1968,318.991965654226,
IRN,"Iran, Islamic Rep.",1969,350.913606178484,
IRN,"Iran, Islamic Rep.",1970,384.944123481777,
IRN,"Iran, Islamic Rep.",1971,468.956811967117,2.77033996582031
IRN,"Iran, Islamic Rep.",1972,570.350585853324,2.76672005653381
IRN,"Iran, Islamic Rep.",1973,876.268523776541,2.87667989730835
IRN,"Iran, Islamic Rep.",1974,1453.73458011719,2.69034004211426
IRN,"Iran, Islamic Rep.",1975,1581.93043170876,2.96556997299194
IRN,"Iran, Islamic Rep.",1976,2017.41192148097,
IRN,"Iran, Islamic Rep.",1977,2315.89283930371,5.416259765625
IRN,"Iran, Islamic Rep.",1978,2168.87015242368,
IRN,"Iran, Islamic Rep.",1979,2427.46582061307,
IRN,"Iran, Islamic Rep.",1980,2441.44049121536,
IRN,"Iran, Islamic Rep.",1981,2499.98874994195,7.1314001083374
IRN,"Iran, Islamic Rep.",1982,3008.14556156858,5.80205011367798
IRN,"Iran, Islamic Rep.",1983,3583.32930085666,4.18053007125854
IRN,"Iran, Islamic Rep.",1984,3568.65556413161,3.80160999298096
IRN,"Iran, Islamic Rep.",1985,3805.58265064987,3.46019005775452
IRN,"Iran, Islamic Rep.",1986,4244.69101578579,3.56991004943848
IRN,"Iran, Islamic Rep.",1987,2617.70064033503,4.14092016220093
IRN,"Iran, Islamic Rep.",1988,2318.46441310853,3.68129992485046
IRN,"Iran, Islamic Rep.",1989,2197.9562278351,3.99721002578735
IRN,"Iran, Islamic Rep.",1990,2214.32749205514,3.77391004562378
IRN,"Iran, Islamic Rep.",1991,,3.74353003501892
IRN,"Iran, Islamic Rep.",1992,,3.64046001434326
IRN,"Iran, Islamic Rep.",1993,1067.30753326284,4.31462001800537
IRN,"Iran, Islamic Rep.",1994,1185.68630402961,
IRN,"Iran, Islamic Rep.",1995,1569.25529374222,4.08180999755859
IRN,"Iran, Islamic Rep.",1996,1932.80498450661,3.53776001930237
IRN,"Iran, Islamic Rep.",1997,1804.33667745938,
IRN,"Iran, Islamic Rep.",1998,1723.83536659068,
IRN,"Iran, Islamic Rep.",1999,1756.89666696426,4.22040987014771
IRN,"Iran, Islamic Rep.",2000,1670.00946997849,4.03064012527466
IRN,"Iran, Islamic Rep.",2001,1909.41227771353,4.07168006896973
IRN,"Iran, Islamic Rep.",2002,1911.67879150172,4.48487997055054
IRN,"Iran, Islamic Rep.",2003,2253.93613228235,4.36322021484375
IRN,"Iran, Islamic Rep.",2004,2756.19874219366,4.29662990570068
IRN,"Iran, Islamic Rep.",2005,3246.05102938326,4.05650997161865
IRN,"Iran, Islamic Rep.",2006,3774.35784149991,4.28998994827271
IRN,"Iran, Islamic Rep.",2007,4904.66625185167,4.59680986404419
IRN,"Iran, Islamic Rep.",2008,5717.31446462719,3.91375994682312
IRN,"Iran, Islamic Rep.",2009,5709.94798012865,3.84244990348816
IRN,"Iran, Islamic Rep.",2010,6599.66093791004,3.70918011665344
IRN,"Iran, Islamic Rep.",2011,7781.40611374433,3.48497009277344
IRN,"Iran, Islamic Rep.",2012,7927.84690171722,3.16859006881714
IRN,"Iran, Islamic Rep.",2013,6018.32447332471,3.06795001029968
IRN,"Iran, Islamic Rep.",2014,5585.52675758303,2.80135011672974
IRN,"Iran, Islamic Rep.",2015,4904.32687747976,2.79738998413086
IRN,"Iran, Islamic Rep.",2016,5253.42484259991,3.36576008796692
IRN,"Iran, Islamic Rep.",2017,5520.31078932382,3.79040002822876
IRN,"Iran, Islamic Rep.",2018,,3.9553599357605
IRQ,Iraq,1960,231.025648935514,
IRQ,Iraq,1961,245.032053889609,
IRQ,Iraq,1962,254.70143365454,
IRQ,Iraq,1963,250.787110026832,
IRQ,Iraq,1964,288.163552612317,
IRQ,Iraq,1968,312.822277421474,
IRQ,Iraq,1969,313.817445557465,
IRQ,Iraq,1970,330.885201724653,
IRQ,Iraq,1971,376.891874847376,
IRQ,Iraq,1972,388.111024081426,
IRQ,Iraq,1973,468.854012400145,
IRQ,Iraq,1974,1018.09578256294,
IRQ,Iraq,1975,1151.81763011062,
IRQ,Iraq,1976,1471.1494120054,
IRQ,Iraq,1977,1591.88086044514,3.8570499420166
IRQ,Iraq,1978,1847.66868096239,
IRQ,Iraq,1979,2852.11068338322,
IRQ,Iraq,1980,3911.5435760106,2.42378997802734
IRQ,Iraq,1981,2736.02046565357,
IRQ,Iraq,1982,2951.35314921516,
IRQ,Iraq,1983,2740.01007034657,
IRQ,Iraq,1984,3081.05977543095,
IRQ,Iraq,1985,3103.98559334499,
IRQ,Iraq,1986,2962.18722770436,
IRQ,Iraq,1987,3482.16759803903,
IRQ,Iraq,1988,3762.45148901532,
IRQ,Iraq,1989,3862.40450883208,3.55150008201599
IRQ,Iraq,1990,10326.9216621259,
IRQ,Iraq,2004,1391.96348940291,
IRQ,Iraq,2005,1855.52200375202,
IRQ,Iraq,2006,2373.21478464391,
IRQ,Iraq,2007,3182.94798201412,
IRQ,Iraq,2008,4636.61097758271,
IRQ,Iraq,2009,3853.94093481185,
IRQ,Iraq,2010,4657.28042580536,
IRQ,Iraq,2011,6045.49555071698,
IRQ,Iraq,2012,6836.0273134631,
IRQ,Iraq,2013,7076.55460775667,
IRQ,Iraq,2014,6818.8046210291,
IRQ,Iraq,2015,4989.80307473071,
IRQ,Iraq,2016,4776.72649939331,
IRQ,Iraq,2017,5205.28825481998,
IRQ,Iraq,2018,5834.16621076139,
IRQ,Iraq,2019,5955.10901036816,
ISL,Iceland,1960,1414.98226940621,
ISL,Iceland,1961,1418.12586971526,
ISL,Iceland,1962,1562.23073045837,
ISL,Iceland,1963,1831.70565581972,
ISL,Iceland,1964,2297.9206432038,
ISL,Iceland,1965,2723.52094989073,
ISL,Iceland,1966,3215.69417804329,
ISL,Iceland,1967,3125.64949185014,
ISL,Iceland,1968,2354.48002671305,
ISL,Iceland,1969,2039.19629517262,
ISL,Iceland,1970,2580.22770184159,
ISL,Iceland,1971,3256.98818038021,
ISL,Iceland,1972,4020.87845424432,
ISL,Iceland,1973,5445.51554629521,
ISL,Iceland,1974,7051.13510060887,
ISL,Iceland,1975,6463.8788615318,
ISL,Iceland,1976,7594.67399703189,
ISL,Iceland,1977,9972.22252471036,
ISL,Iceland,1978,11253.6257906647,
ISL,Iceland,1979,12659.6417041195,
ISL,Iceland,1980,14844.0940028644,
ISL,Iceland,1981,15160.0070734833,
ISL,Iceland,1982,13732.3468139737,
ISL,Iceland,1983,11689.3534926065,
ISL,Iceland,1984,11977.5168359686,
ISL,Iceland,1985,12379.7676362891,
ISL,Iceland,1986,16430.7085013762,
ISL,Iceland,1987,22486.9384073798,
ISL,Iceland,1988,24488.7280158262,
ISL,Iceland,1989,22468.0686575393,
ISL,Iceland,1990,25423.0720058482,4.25224018096924
ISL,Iceland,1991,26843.2780957191,
ISL,Iceland,1992,27165.046020652,
ISL,Iceland,1993,23615.2390017339,5.13386011123657
ISL,Iceland,1994,24054.7346686467,4.74843978881836
ISL,Iceland,1995,26673.625324993,4.77343988418579
ISL,Iceland,1996,27659.876119742,5.20985984802246
ISL,Iceland,1997,27960.922435534,
ISL,Iceland,1998,30995.0296824948,6.7915301322937
ISL,Iceland,1999,32343.9915872171,6.44150018692017
ISL,Iceland,2000,32018.0636814331,6.4471697807312
ISL,Iceland,2001,28793.9607523558,6.73002004623413
ISL,Iceland,2002,32326.6382384574,7.31757020950317
ISL,Iceland,2003,39423.9280143386,7.25477981567383
ISL,Iceland,2004,47367.2781676484,7.15629005432129
ISL,Iceland,2005,56658.5926679623,7.35609006881714
ISL,Iceland,2006,56673.6024445347,7.29924011230469
ISL,Iceland,2007,69054.2707914747,6.98871994018555
ISL,Iceland,2008,56409.7730986878,7.10258007049561
ISL,Iceland,2009,41333.418526258,7.18424987792969
ISL,Iceland,2010,43024.9234853499,6.97847986221313
ISL,Iceland,2011,47516.8746858993,6.81823015213013
ISL,Iceland,2012,45910.0205549899,7.596360206604
ISL,Iceland,2013,49522.2365873909,7.49121999740601
ISL,Iceland,2014,54241.9346550193,7.68858003616333
ISL,Iceland,2015,52564.4291863302,7.51290988922119
ISL,Iceland,2016,61466.8039666276,7.49521017074585
ISL,Iceland,2017,71310.93925350859,7.65821981430054
ISL,Iceland,2018,72968.7042306678,
ISL,Iceland,2019,66944.8255080349,
ISR,Israel,1960,1229.1747476372,
ISR,Israel,1961,1436.38443935927,
ISR,Israel,1962,1094.63584823375,
ISR,Israel,1963,1257.81140535239,
ISR,Israel,1964,1375.89225589226,
ISR,Israel,1965,1429.31460528027,
ISR,Israel,1966,1513.88360593382,
ISR,Israel,1967,1468.12386156648,
ISR,Israel,1968,1647.87727434891,
ISR,Israel,1969,1852.39253852393,
ISR,Israel,1970,2370.09639094373,
ISR,Israel,1971,2186.95014662757,
ISR,Israel,1972,2787.56353240152,
ISR,Israel,1973,3455.23184868822,5.36452007293701
ISR,Israel,1974,4838.91027539236,5.93753004074097
ISR,Israel,1975,4445.77906415823,6.03542995452881
ISR,Israel,1976,4297.51627512029,5.94178009033203
ISR,Israel,1977,4808.41406033767,5.83790016174316
ISR,Israel,1978,4564.5464689941,6.61839008331299
ISR,Israel,1979,5682.53565768621,6.70196008682251
ISR,Israel,1980,6231.17839193439,7.14694976806641
ISR,Israel,1981,6465.93227254182,7.09190988540649
ISR,Israel,1982,6905.85717888014,6.66350984573364
ISR,Israel,1983,7574.23374844496,7.01159000396729
ISR,Israel,1984,7011.41109190706,6.99994993209839
ISR,Israel,1985,6497.73370600152,8.018369674682621
ISR,Israel,1986,7931.50956460299,6.12789011001587
ISR,Israel,1987,9375.892952057209,5.52332019805908
ISR,Israel,1988,11278.5633324171,4.50914001464844
ISR,Israel,1989,11045.144579963,5.7072901725769
ISR,Israel,1990,12663.3636535479,5.42283010482788
ISR,Israel,1991,13650.8411775273,5.43542003631592
ISR,Israel,1992,14758.3460851901,5.57965993881226
ISR,Israel,1993,14443.2429719774,5.95542001724243
ISR,Israel,1994,15992.3423974623,6.43802976608276
ISR,Israel,1995,18103.6625165139,
ISR,Israel,1996,19324.6393585294,
ISR,Israel,1997,19652.6074376039,
ISR,Israel,1998,19415.9850688554,6.65499019622803
ISR,Israel,1999,19120.2506461821,6.42338991165161
ISR,Israel,2000,21043.5749322433,6.11802005767822
ISR,Israel,2001,20306.9322388455,6.37691020965576
ISR,Israel,2002,18435.8947627594,6.46638011932373
ISR,Israel,2003,18979.3234467797,6.34953022003174
ISR,Israel,2004,19896.8177404384,5.9443998336792
ISR,Israel,2005,20566.6454898642,5.7597599029541
ISR,Israel,2006,21837.3784883786,5.76049995422363
ISR,Israel,2007,24924.3309496648,5.50217008590698
ISR,Israel,2008,29567.803875678,5.53543996810913
ISR,Israel,2009,27715.636808319,5.4945502281189
ISR,Israel,2010,30693.5930786871,5.53534984588623
ISR,Israel,2011,33669.2464692884,5.56688022613525
ISR,Israel,2012,32511.2378524925,5.69981002807617
ISR,Israel,2013,36309.4688256886,5.88489007949829
ISR,Israel,2014,37678.8897743182,5.79265022277832
ISR,Israel,2015,35776.7951710172,5.86730003356934
ISR,Israel,2016,37321.6240366845,5.85713005065918
ISR,Israel,2017,40541.8620907084,6.09261989593506
ISR,Israel,2018,41719.7254417057,
ISR,Israel,2019,43641.3977358108,
ITA,Italy,1960,804.492623346178,
ITA,Italy,1961,887.336744604475,
ITA,Italy,1962,990.26015216342,
ITA,Italy,1963,1126.01933699825,
ITA,Italy,1964,1222.5445404629,
ITA,Italy,1965,1304.45381661965,
ITA,Italy,1966,1402.44235441032,
ITA,Italy,1967,1533.69287748547,
ITA,Italy,1968,1651.93937679756,
ITA,Italy,1969,1813.38812575706,
ITA,Italy,1970,2106.86395349362,3.36681008338928
ITA,Italy,1971,2305.6097736839,2.89877009391785
ITA,Italy,1972,2671.13730836617,
ITA,Italy,1973,3205.25206464797,
ITA,Italy,1974,3621.14583868469,3.83513998985291
ITA,Italy,1975,4106.99385701582,3.71161007881165
ITA,Italy,1976,4033.09936697023,3.91951990127563
ITA,Italy,1977,4603.59969342679,
ITA,Italy,1978,5610.49810740757,3.78035998344421
ITA,Italy,1979,6990.28579430044,4.16373014450073
ITA,Italy,1980,8456.918982450859,
ITA,Italy,1981,7622.83332844583,
ITA,Italy,1982,7556.52342933626,
ITA,Italy,1983,7832.57538904233,4.48805999755859
ITA,Italy,1984,7739.71527972218,4.77456998825073
ITA,Italy,1985,7990.686561928,4.68980979919434
ITA,Italy,1986,11315.0151653174,4.65490007400513
ITA,Italy,1987,14234.7286486045,
ITA,Italy,1988,15744.6612714238,4.59277009963989
ITA,Italy,1989,16386.662217067,
ITA,Italy,1990,20825.7842085848,
ITA,Italy,1991,21956.5297597337,
ITA,Italy,1992,23243.4745415513,
ITA,Italy,1993,18738.7639034085,4.73389005661011
ITA,Italy,1994,19337.6309059755,4.43331003189087
ITA,Italy,1995,20664.5522701724,4.31864976882935
ITA,Italy,1996,23081.6046757702,4.44763994216919
ITA,Italy,1997,21829.3458226222,
ITA,Italy,1998,22318.1373007109,4.45031023025513
ITA,Italy,1999,21997.6243155313,4.51084995269775
ITA,Italy,2000,20087.5919858794,4.29107999801636
ITA,Italy,2001,20483.2159949974,4.65009021759033
ITA,Italy,2002,22270.1441234282,4.43240976333618
ITA,Italy,2003,27465.6752987224,4.54179000854492
ITA,Italy,2004,31259.7164954309,4.38520002365112
ITA,Italy,2005,32043.1403684119,4.23829984664917
ITA,Italy,2006,33501.6581673044,4.52545022964478
ITA,Italy,2007,37822.6652377427,4.10503005981445
ITA,Italy,2008,40778.3427367209,4.38794994354248
ITA,Italy,2009,37079.7586704546,4.52371978759766
ITA,Italy,2010,36000.5201179254,4.33411979675293
ITA,Italy,2011,38599.0622070322,4.11568021774292
ITA,Italy,2012,35053.5262442572,4.05601978302002
ITA,Italy,2013,35549.9746972954,4.14367008209229
ITA,Italy,2014,35518.4152916749,4.06127977371216
ITA,Italy,2015,30230.2263021296,4.07362985610962
ITA,Italy,2016,30939.7142462298,3.81578993797302
ITA,Italy,2017,32406.7203150134,4.04493999481201
ITA,Italy,2018,34520.085162403,
ITA,Italy,2019,33189.5657988542,
JAM,Jamaica,1960,429.255200419043,
JAM,Jamaica,1961,453.056187959716,
JAM,Jamaica,1962,463.890236719862,
JAM,Jamaica,1963,485.246371581196,
JAM,Jamaica,1964,518.814171395077,
JAM,Jamaica,1965,553.449740530436,
JAM,Jamaica,1966,615.965727523504,
JAM,Jamaica,1967,636.618040039526,
JAM,Jamaica,1968,593.622773105016,
JAM,Jamaica,1969,644.05694202836,
JAM,Jamaica,1970,748.957461521357,
JAM,Jamaica,1971,808.63567777408,
JAM,Jamaica,1972,968.967422838537,
JAM,Jamaica,1973,968.959199863084,3.63143992424011
JAM,Jamaica,1974,1188.55304611925,4.24897003173828
JAM,Jamaica,1975,1410.44808615274,5.22878980636597
JAM,Jamaica,1976,1443.05767097216,5.85832977294922
JAM,Jamaica,1977,1561.73057448013,6.02651977539063
JAM,Jamaica,1978,1255.72935191023,
JAM,Jamaica,1979,1137.02693810523,
JAM,Jamaica,1980,1238.83505956459,
JAM,Jamaica,1981,1356.0166307174,
JAM,Jamaica,1982,1474.23870045609,
JAM,Jamaica,1983,1593.18429636694,
JAM,Jamaica,1984,1029.13716101093,
JAM,Jamaica,1985,899.256757502197,5.39190006256104
JAM,Jamaica,1986,1168.09928423128,4.60398006439209
JAM,Jamaica,1987,1383.76578179525,
JAM,Jamaica,1988,1602.19850623353,3.94086003303528
JAM,Jamaica,1989,1832.75890915689,5.18397998809814
JAM,Jamaica,1990,1897.68696278779,4.7791600227356
JAM,Jamaica,1991,1668.98800985679,4.38306999206543
JAM,Jamaica,1992,1434.71046249844,3.33665990829468
JAM,Jamaica,1993,2175.45637300171,3.21403002738953
JAM,Jamaica,1994,2159.84137192465,4.06418991088867
JAM,Jamaica,1995,2580.73638616688,3.38908004760742
JAM,Jamaica,1996,2879.65819301448,3.67773008346558
JAM,Jamaica,1997,3241.2344066037,4.37953996658325
JAM,Jamaica,1998,3359.00584094868,
JAM,Jamaica,1999,3362.20066383168,
JAM,Jamaica,2000,3384.69486090546,4.98346996307373
JAM,Jamaica,2001,3431.41646921996,5.38103008270264
JAM,Jamaica,2002,3599.9731722032,5.37522983551025
JAM,Jamaica,2003,3469.15156513456,4.25684976577759
JAM,Jamaica,2004,3725.10909281175,3.91254997253418
JAM,Jamaica,2005,4089.19844248346,4.61641979217529
JAM,Jamaica,2006,4321.04332724263,
JAM,Jamaica,2007,4633.94438578828,5.49022006988525
JAM,Jamaica,2008,4917.71839830304,6.19131994247437
JAM,Jamaica,2009,4316.23105265842,6.19848012924194
JAM,Jamaica,2010,4704.05445468166,6.37060022354126
JAM,Jamaica,2011,5111.471413428,6.26664018630981
JAM,Jamaica,2012,5209.85193130013,6.11246013641357
JAM,Jamaica,2013,4989.17139091154,6.25108003616333
JAM,Jamaica,2014,4833.79031821405,6.01654005050659
JAM,Jamaica,2015,4907.50371974316,5.45577001571655
JAM,Jamaica,2016,4843.33847410864,5.31508016586304
JAM,Jamaica,2017,5069.18383810726,5.2606201171875
JAM,Jamaica,2018,5354.2368587703,5.4147801399231
JAM,Jamaica,2019,5582.26377755211,5.16918992996216
JOR,Jordan,1965,511.101664304358,
JOR,Jordan,1966,519.373929197101,
JOR,Jordan,1967,458.126705548002,
JOR,Jordan,1968,374.084244499496,
JOR,Jordan,1969,432.145279830125,
JOR,Jordan,1970,371.572767929199,3.63003993034363
JOR,Jordan,1971,374.888424142334,3.29768991470337
JOR,Jordan,1972,418.57846950955,2.38742995262146
JOR,Jordan,1973,484.33597088261,2.48693990707397
JOR,Jordan,1974,596.420447304094,3.55768990516663
JOR,Jordan,1975,659.775798702446,3.76347994804382
JOR,Jordan,1976,804.7998472852209,3.53393006324768
JOR,Jordan,1977,962.009760921403,3.67989993095398
JOR,Jordan,1978,1163.00937561836,3.68116998672485
JOR,Jordan,1979,1420.56229402015,5.08172988891602
JOR,Jordan,1980,1644.2578412245,
JOR,Jordan,1981,1778.87294934137,5.16731977462769
JOR,Jordan,1982,1825.82613528298,5.08915996551514
JOR,Jordan,1983,1841.87454400042,4.92795991897583
JOR,Jordan,1984,1783.72275480188,5.93695020675659
JOR,Jordan,1985,1721.9809713976,
JOR,Jordan,1986,2122.96690974925,3.28437995910645
JOR,Jordan,1987,2157.10062652136,3.29657006263733
JOR,Jordan,1988,1927.5558535154,4.04757022857666
JOR,Jordan,1989,1241.69910106433,5.64386987686157
JOR,Jordan,1990,1166.61027609729,
JOR,Jordan,1991,1155.23331417259,
JOR,Jordan,1992,1355.23704261584,
JOR,Jordan,1993,1353.25715942575,
JOR,Jordan,1994,1434.44569823123,
JOR,Jordan,1995,1486.64688577298,
JOR,Jordan,1996,1484.13686603515,7.3739800453186
JOR,Jordan,1997,1515.41959693748,6.2766900062561
JOR,Jordan,1998,1622.85546359369,
JOR,Jordan,1999,1642.35133051102,4.87547016143799
JOR,Jordan,2000,1674.82526125655,
JOR,Jordan,2001,1744.46360179843,
JOR,Jordan,2002,1827.335752764,
JOR,Jordan,2003,1902.58990224346,
JOR,Jordan,2004,2073.64132134865,
JOR,Jordan,2005,2214.01781725196,
JOR,Jordan,2006,2548.26865824395,
JOR,Jordan,2007,2773.74024212779,
JOR,Jordan,2008,3398.15172154303,
JOR,Jordan,2009,3504.00246037434,
JOR,Jordan,2010,3690.11326778672,
JOR,Jordan,2011,3816.27925808967,
JOR,Jordan,2012,3877.33934463778,
JOR,Jordan,2013,3998.02747275799,
JOR,Jordan,2014,4072.76547535039,
JOR,Jordan,2015,4105.44896083238,
JOR,Jordan,2016,4103.73359991068,3.51412010192871
JOR,Jordan,2017,4162.82068657256,3.28404998779297
JOR,Jordan,2018,4241.78878213854,3.03434991836548
JOR,Jordan,2019,4330.32934593257,3.07253003120422
JPN,Japan,1960,478.995340162869,
JPN,Japan,1961,563.586759838827,
JPN,Japan,1962,633.640315173776,
JPN,Japan,1963,717.8669152308941,
JPN,Japan,1964,835.657252484116,
JPN,Japan,1965,919.776688184802,
JPN,Japan,1966,1058.50356090902,
JPN,Japan,1967,1228.9092104006,
JPN,Japan,1968,1450.61965234374,
JPN,Japan,1969,1669.09819990781,
JPN,Japan,1970,2037.55990148865,
JPN,Japan,1971,2272.07780220778,3.65630006790161
JPN,Japan,1972,2967.04199623728,4.01131010055542
JPN,Japan,1973,3997.84112039422,4.04297018051147
JPN,Japan,1974,4353.82435517488,4.04003000259399
JPN,Japan,1975,4659.12011498931,4.66899013519287
JPN,Japan,1976,5197.80669676619,4.85082006454468
JPN,Japan,1977,6335.78762668458,4.84027004241943
JPN,Japan,1978,8821.843491790911,4.89441013336182
JPN,Japan,1979,9105.136096730441,5.05744981765747
JPN,Japan,1980,9465.379714030199,5.0687198638916
JPN,Japan,1981,10361.3230580189,5.06440019607544
JPN,Japan,1982,9578.113803278709,5.04606008529663
JPN,Japan,1983,10425.4068209429,4.82426977157593
JPN,Japan,1984,10984.8658284904,
JPN,Japan,1985,11584.6493269017,
JPN,Japan,1986,17111.8537325384,
JPN,Japan,1987,20745.2520919399,5.596519947052
JPN,Japan,1988,25051.8543154389,5.55604982376099
JPN,Japan,1989,24813.2993783357,5.3671498298645
JPN,Japan,1990,25359.34702031,
JPN,Japan,1991,28925.0415756881,
JPN,Japan,1992,31464.549046228,
JPN,Japan,1993,35765.9140886748,3.42903995513916
JPN,Japan,1994,39268.5668686204,3.63566994667053
JPN,Japan,1995,43440.3678678967,3.46572995185852
JPN,Japan,1996,38436.9263119118,
JPN,Japan,1997,35021.7190917159,
JPN,Japan,1998,31902.7670955137,3.35602998733521
JPN,Japan,1999,36026.5560750168,3.43330001831055
JPN,Japan,2000,38532.0408752935,3.51617002487183
JPN,Japan,2001,33846.4656414342,3.45707011222839
JPN,Japan,2002,32289.3505360726,3.46536993980408
JPN,Japan,2003,34808.3909176613,3.52368998527527
JPN,Japan,2004,37688.7223359406,3.483069896698
JPN,Japan,2005,37217.648727917,3.36861991882324
JPN,Japan,2006,35433.988963743,3.3290901184082
JPN,Japan,2007,35275.2284312667,3.33094000816345
JPN,Japan,2008,39339.2975731826,3.3191499710083
JPN,Japan,2009,40855.1756354596,
JPN,Japan,2010,44507.6763859172,3.63949990272522
JPN,Japan,2011,48167.9972684965,3.64258003234863
JPN,Japan,2012,48603.4766497749,3.69226002693176
JPN,Japan,2013,40454.4474578903,3.66538000106812
JPN,Japan,2014,38109.4121125573,3.59059000015259
JPN,Japan,2015,34524.4698609337,
JPN,Japan,2016,38761.8181501925,3.18618011474609
JPN,Japan,2017,38386.5111457057,3.18217992782593
JPN,Japan,2018,39159.4235633952,
JPN,Japan,2019,40246.8801284164,
KAZ,Kazakhstan,1990,1647.46323090376,
KAZ,Kazakhstan,1991,1512.4850664964,
KAZ,Kazakhstan,1992,1515.10405895883,
KAZ,Kazakhstan,1993,1433.46153431139,
KAZ,Kazakhstan,1994,1320.32162249687,
KAZ,Kazakhstan,1995,1288.23905213205,4.0344500541687
KAZ,Kazakhstan,1996,1350.3338662339,3.92371010780334
KAZ,Kazakhstan,1997,1445.56941418299,4.37342977523804
KAZ,Kazakhstan,1998,1468.701798334,
KAZ,Kazakhstan,1999,1130.11359233563,3.89257001876831
KAZ,Kazakhstan,2000,1229.00095844501,3.25661993026733
KAZ,Kazakhstan,2001,1490.92708987166,
KAZ,Kazakhstan,2002,1658.03078544636,3.02970004081726
KAZ,Kazakhstan,2003,2068.12411808473,
KAZ,Kazakhstan,2004,2874.28829127649,2.25590991973877
KAZ,Kazakhstan,2005,3771.27895733845,2.26353001594543
KAZ,Kazakhstan,2006,5291.57565018652,2.62678003311157
KAZ,Kazakhstan,2007,6771.41479681885,2.83138990402222
KAZ,Kazakhstan,2008,8513.56464506814,2.58945989608765
KAZ,Kazakhstan,2009,7165.22317483703,3.06071996688843
KAZ,Kazakhstan,2010,9070.488252857471,
KAZ,Kazakhstan,2011,11634.0019047654,
KAZ,Kazakhstan,2012,12386.7000029472,
KAZ,Kazakhstan,2013,13890.6317716835,
KAZ,Kazakhstan,2014,12807.2606866152,
KAZ,Kazakhstan,2015,10510.7718884148,2.7885799407959
KAZ,Kazakhstan,2016,7714.84184376024,2.97810006141663
KAZ,Kazakhstan,2017,9247.58133129626,2.75081992149353
KAZ,Kazakhstan,2018,9812.60140498928,2.61595010757446
KAZ,Kazakhstan,2019,9731.14520688729,
KEN,Kenya,1960,97.44552502168401,
KEN,Kenya,1961,94.6512587875024,
KEN,Kenya,1962,100.394390618223,
KEN,Kenya,1963,103.778709414476,
KEN,Kenya,1964,108.293688398499,
KEN,Kenya,1965,104.711563995748,
KEN,Kenya,1966,118.208018357271,
KEN,Kenya,1967,120.987697438325,
KEN,Kenya,1968,128.397444749075,
KEN,Kenya,1969,133.665370419592,
KEN,Kenya,1970,141.88049343751,
KEN,Kenya,1971,151.82993266921,3.92982006072998
KEN,Kenya,1972,173.494760393516,4.47633981704712
KEN,Kenya,1973,198.570173311677,4.65051984786987
KEN,Kenya,1974,227.363442770581,5.06550979614258
KEN,Kenya,1975,240.083033551155,5.60612010955811
KEN,Kenya,1976,246.486773979183,5.74410009384155
KEN,Kenya,1977,307.016369091583,5.13632011413574
KEN,Kenya,1978,348.806604989424,
KEN,Kenya,1979,394.637256235999,
KEN,Kenya,1980,442.542982923499,5.38787984848022
KEN,Kenya,1981,401.696042206476,5.92372989654541
KEN,Kenya,1982,362.621850619602,5.67812013626099
KEN,Kenya,1983,324.396484081486,5.43830013275146
KEN,Kenya,1984,323.373431582012,4.58095979690552
KEN,Kenya,1985,308.648625067587,5.19976997375488
KEN,Kenya,1986,351.029489885455,6.01379013061523
KEN,Kenya,1987,372.779851249062,
KEN,Kenya,1988,377.155505891192,6.60055017471313
KEN,Kenya,1989,361.15462926278,6.035719871521
KEN,Kenya,1990,361.328188915652,
KEN,Kenya,1991,332.418959817486,6.57067012786865
KEN,Kenya,1992,324.137403815012,6.07590007781982
KEN,Kenya,1993,220.069726813309,6.02915000915527
KEN,Kenya,1994,265.232256461517,5.9240198135376
KEN,Kenya,1995,325.778940846373,
KEN,Kenya,1996,421.339270776481,
KEN,Kenya,1997,445.877270251411,
KEN,Kenya,1998,465.909800983488,
KEN,Kenya,1999,414.679389813954,5.32323980331421
KEN,Kenya,2000,397.482658777519,5.1867299079895
KEN,Kenya,2001,395.329531783431,5.20621013641357
KEN,Kenya,2002,389.542710991101,6.17199993133545
KEN,Kenya,2003,429.787843737162,6.49426984786987
KEN,Kenya,2004,451.668715914539,6.79692983627319
KEN,Kenya,2005,511.61642223943,7.3356499671936
KEN,Kenya,2006,685.954532240082,7.04983997344971
KEN,Kenya,2007,825.666597622313,
KEN,Kenya,2008,902.070025813736,
KEN,Kenya,2009,905.131786128485,
KEN,Kenya,2010,951.687961116879,5.50822019577026
KEN,Kenya,2011,971.6333290482301,5.33528995513916
KEN,Kenya,2012,1136.87140571776,5.50903987884521
KEN,Kenya,2013,1210.38801408195,5.41137981414795
KEN,Kenya,2014,1315.80453537238,5.28021001815796
KEN,Kenya,2015,1336.88334885603,5.27133989334106
KEN,Kenya,2016,1410.52756809011,5.36266994476318
KEN,Kenya,2017,1572.33549593781,5.36668014526367
KEN,Kenya,2018,1707.98680529003,5.30625009536743
KEN,Kenya,2019,1816.5469164389,
KGZ,Kyrgyz Republic,1990,609.172891237019,
KGZ,Kyrgyz Republic,1991,575.643974470034,
KGZ,Kyrgyz Republic,1992,513.0359436594759,
KGZ,Kyrgyz Republic,1993,449.065790188734,
KGZ,Kyrgyz Republic,1994,372.307810016831,5.58819007873535
KGZ,Kyrgyz Republic,1995,364.226497350785,6.15642976760864
KGZ,Kyrgyz Republic,1996,394.860121460514,4.90260982513428
KGZ,Kyrgyz Republic,1997,376.4296132611,
KGZ,Kyrgyz Republic,1998,345.138131648451,4.91963005065918
KGZ,Kyrgyz Republic,1999,258.049228785755,4.0852198600769
KGZ,Kyrgyz Republic,2000,279.619569260939,3.50838994979858
KGZ,Kyrgyz Republic,2001,308.409611591149,3.85418009757996
KGZ,Kyrgyz Republic,2002,321.727033227846,4.44545984268188
KGZ,Kyrgyz Republic,2003,380.506432394744,4.47541999816895
KGZ,Kyrgyz Republic,2004,433.234976590867,4.62243986129761
KGZ,Kyrgyz Republic,2005,476.552129968975,4.87383985519409
KGZ,Kyrgyz Republic,2006,543.110702403072,5.54986000061035
KGZ,Kyrgyz Republic,2007,721.768690838857,6.46700000762939
KGZ,Kyrgyz Republic,2008,966.393627185372,5.91318988800049
KGZ,Kyrgyz Republic,2009,871.2243893378539,6.23267984390259
KGZ,Kyrgyz Republic,2010,880.037775119109,5.81883001327515
KGZ,Kyrgyz Republic,2011,1123.8831680627,6.79061985015869
KGZ,Kyrgyz Republic,2012,1177.97473487848,7.38423013687134
KGZ,Kyrgyz Republic,2013,1282.43716202467,6.78020000457764
KGZ,Kyrgyz Republic,2014,1279.76978265986,5.53159999847412
KGZ,Kyrgyz Republic,2015,1121.08283510739,5.98550987243652
KGZ,Kyrgyz Republic,2016,1120.66651300848,6.58615016937256
KGZ,Kyrgyz Republic,2017,1242.76964282023,6.02618980407715
KGZ,Kyrgyz Republic,2018,1308.14016549619,
KGZ,Kyrgyz Republic,2019,1309.39299165512,
KHM,Cambodia,1960,111.342479726807,
KHM,Cambodia,1961,109.460387525777,
KHM,Cambodia,1962,109.481224645588,
KHM,Cambodia,1963,117.823488310801,
KHM,Cambodia,1964,123.645808182523,
KHM,Cambodia,1965,134.304155041423,
KHM,Cambodia,1966,138.842954408855,
KHM,Cambodia,1967,144.011799993675,
KHM,Cambodia,1968,157.189930682399,
KHM,Cambodia,1969,142.265203658792,
KHM,Cambodia,1970,102.678961498333,
KHM,Cambodia,1971,135.84865209641,
KHM,Cambodia,1972,69.2333273727387,
KHM,Cambodia,1973,94.35853116547401,
KHM,Cambodia,1974,78.1119936359898,
KHM,Cambodia,1993,254.116481911776,
KHM,Cambodia,1994,270.542992547856,
KHM,Cambodia,1995,322.931787568498,
KHM,Cambodia,1996,319.286371696389,
KHM,Cambodia,1997,304.764607003602,
KHM,Cambodia,1998,268.990418573267,1.25907003879547
KHM,Cambodia,1999,295.903327738886,
KHM,Cambodia,2000,302.577163565133,1.65599000453949
KHM,Cambodia,2001,321.150301305966,1.72221994400024
KHM,Cambodia,2002,338.987262704572,1.71121001243591
KHM,Cambodia,2003,362.335707650169,
KHM,Cambodia,2004,408.513826347366,1.71982002258301
KHM,Cambodia,2005,474.111227790099,
KHM,Cambodia,2006,539.750168717216,
KHM,Cambodia,2007,631.524842114382,1.59930002689362
KHM,Cambodia,2008,745.609180660928,
KHM,Cambodia,2009,738.054783617506,1.66568005084991
KHM,Cambodia,2010,785.502282874113,1.53378999233246
KHM,Cambodia,2011,882.275492640073,1.51068997383118
KHM,Cambodia,2012,950.880345993697,1.56089997291565
KHM,Cambodia,2013,1013.4204006154,2.05053997039795
KHM,Cambodia,2014,1093.49619050796,1.90938997268677
KHM,Cambodia,2015,1162.90491997151,
KHM,Cambodia,2016,1269.59125737542,
KHM,Cambodia,2017,1385.2599796333,
KHM,Cambodia,2018,1512.12670972847,2.16285991668701
KHM,Cambodia,2019,1643.12138876475,
KIR,Kiribati,1970,279.47214218087,4.79312992095947
KIR,Kiribati,1971,293.932906476192,4.26642990112305
KIR,Kiribati,1972,358.782246042209,
KIR,Kiribati,1973,592.135972322394,
KIR,Kiribati,1974,1576.15398325535,3.13510990142822
KIR,Kiribati,1975,999.416064734058,
KIR,Kiribati,1976,735.097945420472,
KIR,Kiribati,1977,682.6167894560321,
KIR,Kiribati,1978,784.6510868968981,
KIR,Kiribati,1979,729.035860438016,
KIR,Kiribati,1980,652.865121049969,
KIR,Kiribati,1981,688.303607845841,
KIR,Kiribati,1982,666.350224719033,
KIR,Kiribati,1983,612.927248600227,
KIR,Kiribati,1984,657.37218852405,
KIR,Kiribati,1985,502.065270593851,
KIR,Kiribati,1986,489.818509996583,
KIR,Kiribati,1987,499.773053056607,
KIR,Kiribati,1988,621.9818957558321,
KIR,Kiribati,1989,580.352584239411,
KIR,Kiribati,1990,549.855506598051,
KIR,Kiribati,1991,644.780834850725,
KIR,Kiribati,1992,638.498185627839,
KIR,Kiribati,1993,619.679125191543,
KIR,Kiribati,1994,715.1764427058901,
KIR,Kiribati,1995,724.85658259478,
KIR,Kiribati,1996,843.001873059911,
KIR,Kiribati,1997,842.249736120844,
KIR,Kiribati,1998,801.104039683588,
KIR,Kiribati,1999,831.994625470232,10.8710098266602
KIR,Kiribati,2000,796.888174759841,11.1858701705933
KIR,Kiribati,2001,735.026294655946,11.9881200790405
KIR,Kiribati,2002,826.945280073816,
KIR,Kiribati,2003,1015.72417177973,
KIR,Kiribati,2004,1131.14000453575,
KIR,Kiribati,2005,1214.55666670492,
KIR,Kiribati,2006,1168.44853098837,
KIR,Kiribati,2007,1374.45215276949,
KIR,Kiribati,2008,1428.12051619855,
KIR,Kiribati,2009,1311.99900201253,
KIR,Kiribati,2010,1516.81186907787,
KIR,Kiribati,2011,1735.01835782836,
KIR,Kiribati,2012,1788.50542068887,
KIR,Kiribati,2013,1715.76533141614,
KIR,Kiribati,2014,1642.76259749601,
KIR,Kiribati,2015,1542.5752495838,
KIR,Kiribati,2016,1584.80744578963,
KIR,Kiribati,2017,1640.50010436018,
KIR,Kiribati,2018,1698.25628626739,
KIR,Kiribati,2019,1655.07883905984,
KNA,St. Kitts and Nevis,1960,241.558035198162,
KNA,St. Kitts and Nevis,1961,243.851174137022,
KNA,St. Kitts and Nevis,1962,246.091520390258,
KNA,St. Kitts and Nevis,1963,253.99755348402,
KNA,St. Kitts and Nevis,1964,268.701905870958,
KNA,St. Kitts and Nevis,1965,276.220838014664,
KNA,St. Kitts and Nevis,1966,299.207539180624,
KNA,St. Kitts and Nevis,1967,353.355527574057,
KNA,St. Kitts and Nevis,1968,314.675517813652,
KNA,St. Kitts and Nevis,1969,348.091535995081,
KNA,St. Kitts and Nevis,1970,363.166455005236,
KNA,St. Kitts and Nevis,1971,441.104662852422,
KNA,St. Kitts and Nevis,1972,517.708689429257,
KNA,St. Kitts and Nevis,1973,546.049928386243,
KNA,St. Kitts and Nevis,1974,710.946947930026,
KNA,St. Kitts and Nevis,1975,753.615271493024,
KNA,St. Kitts and Nevis,1976,681.775191864057,
KNA,St. Kitts and Nevis,1977,1012.62431791402,
KNA,St. Kitts and Nevis,1978,1131.00442668348,
KNA,St. Kitts and Nevis,1979,1354.05966154856,
KNA,St. Kitts and Nevis,1980,1584.52063590034,
KNA,St. Kitts and Nevis,1981,1882.9191064901,
KNA,St. Kitts and Nevis,1982,2013.24186759311,
KNA,St. Kitts and Nevis,1983,2044.99721014739,
KNA,St. Kitts and Nevis,1984,2336.64126673179,
KNA,St. Kitts and Nevis,1985,2651.53017298577,3.96497988700867
KNA,St. Kitts and Nevis,1986,3150.62030496467,
KNA,St. Kitts and Nevis,1987,3600.02858929688,2.64111995697021
KNA,St. Kitts and Nevis,1988,4249.2107587029,
KNA,St. Kitts and Nevis,1989,4770.71224294622,2.19796991348267
KNA,St. Kitts and Nevis,1990,5396.53016164777,
KNA,St. Kitts and Nevis,1991,5461.73799545602,1.99846994876862
KNA,St. Kitts and Nevis,1992,5949.7114629434,2.30387997627258
KNA,St. Kitts and Nevis,1993,6411.92820388153,
KNA,St. Kitts and Nevis,1994,7092.23794763358,
KNA,St. Kitts and Nevis,1995,7450.76223725746,2.57643008232117
KNA,St. Kitts and Nevis,1996,7862.18036753646,
KNA,St. Kitts and Nevis,1997,8742.24826092408,
KNA,St. Kitts and Nevis,1998,8867.38266201439,4.02056980133057
KNA,St. Kitts and Nevis,1999,9322.62671357661,3.32264995574951
KNA,St. Kitts and Nevis,2000,9836.19556760016,4.61109018325806
KNA,St. Kitts and Nevis,2001,10660.4117348421,4.26530981063843
KNA,St. Kitts and Nevis,2002,11011.3795768453,3.79239010810852
KNA,St. Kitts and Nevis,2003,10631.4069939305,3.66258001327515
KNA,St. Kitts and Nevis,2004,11424.9728962189,3.80363988876343
KNA,St. Kitts and Nevis,2005,12329.6610095808,3.62899994850159
KNA,St. Kitts and Nevis,2006,13612.7677985343,4.05925989151001
KNA,St. Kitts and Nevis,2007,14426.8321232614,4.1938099861145
KNA,St. Kitts and Nevis,2008,15590.5287875818,
KNA,St. Kitts and Nevis,2009,15388.3672351131,
KNA,St. Kitts and Nevis,2010,15508.7681119997,
KNA,St. Kitts and Nevis,2011,16538.1714353341,
KNA,St. Kitts and Nevis,2012,16044.7054788266,
KNA,St. Kitts and Nevis,2013,16684.9530184254,
KNA,St. Kitts and Nevis,2014,18052.0359647472,
KNA,St. Kitts and Nevis,2015,18029.3255386512,2.6434600353241
KNA,St. Kitts and Nevis,2016,18811.8733745852,
KNA,St. Kitts and Nevis,2017,19155.2894041125,
KNA,St. Kitts and Nevis,2018,19275.2772604415,
KNA,St. Kitts and Nevis,2019,19896.4957043824,
KOR,"Korea, Rep.",1960,158.249303269821,
KOR,"Korea, Rep.",1961,93.8286490466039,
KOR,"Korea, Rep.",1962,106.148505720006,
KOR,"Korea, Rep.",1963,146.314341932979,
KOR,"Korea, Rep.",1964,123.603494825331,
KOR,"Korea, Rep.",1965,108.722131222718,
KOR,"Korea, Rep.",1966,133.474848530354,
KOR,"Korea, Rep.",1967,161.159931018546,
KOR,"Korea, Rep.",1968,198.431298008386,
KOR,"Korea, Rep.",1969,243.422412925948,
KOR,"Korea, Rep.",1970,279.304968942819,3.41404008865356
KOR,"Korea, Rep.",1971,301.176567717333,3.73918008804321
KOR,"Korea, Rep.",1972,324.196276804765,3.22075009346008
KOR,"Korea, Rep.",1973,406.898830134849,2.68021988868713
KOR,"Korea, Rep.",1974,563.355957816833,
KOR,"Korea, Rep.",1975,617.456061933567,2.08925008773804
KOR,"Korea, Rep.",1976,834.134207951691,2.75457000732422
KOR,"Korea, Rep.",1977,1055.8800411599,2.42641997337341
KOR,"Korea, Rep.",1978,1405.82237444554,
KOR,"Korea, Rep.",1979,1783.62231287847,3.01883006095886
KOR,"Korea, Rep.",1980,1715.42945990136,3.45873999595642
KOR,"Korea, Rep.",1981,1883.4512785111,2.89862990379334
KOR,"Korea, Rep.",1982,1992.52822470637,6.32966995239258
KOR,"Korea, Rep.",1983,2198.93447182242,4.31538009643555
KOR,"Korea, Rep.",1984,2413.26392539765,4.00532007217407
KOR,"Korea, Rep.",1985,2482.39995573606,3.98644995689392
KOR,"Korea, Rep.",1986,2834.90384756925,3.63594007492065
KOR,"Korea, Rep.",1987,3554.59520559057,3.37423992156982
KOR,"Korea, Rep.",1988,4748.62960780671,2.74737000465393
KOR,"Korea, Rep.",1989,5817.02918132136,3.06262993812561
KOR,"Korea, Rep.",1990,6610.0365083067,3.03873991966248
KOR,"Korea, Rep.",1991,7636.98242937015,3.48924994468689
KOR,"Korea, Rep.",1992,8126.67038993422,3.57788991928101
KOR,"Korea, Rep.",1993,8884.92831945455,3.69697999954224
KOR,"Korea, Rep.",1994,10385.3361681219,3.01831007003784
KOR,"Korea, Rep.",1995,12564.7781344586,2.93543004989624
KOR,"Korea, Rep.",1996,13403.049586225,
KOR,"Korea, Rep.",1997,12398.4800276705,
KOR,"Korea, Rep.",1998,8281.699981576839,3.36813998222351
KOR,"Korea, Rep.",1999,10672.4179334373,3.3692901134491
KOR,"Korea, Rep.",2000,12256.9935679503,
KOR,"Korea, Rep.",2001,11561.2483689073,
KOR,"Korea, Rep.",2002,13165.0657360554,
KOR,"Korea, Rep.",2003,14672.8574703505,
KOR,"Korea, Rep.",2004,16496.1200942502,
KOR,"Korea, Rep.",2005,19402.5026259549,
KOR,"Korea, Rep.",2006,21743.4774514255,
KOR,"Korea, Rep.",2007,24086.4104391677,
KOR,"Korea, Rep.",2008,21350.427979823,
KOR,"Korea, Rep.",2009,19143.8516053026,
KOR,"Korea, Rep.",2010,23087.2256438476,
KOR,"Korea, Rep.",2011,25096.2638838239,
KOR,"Korea, Rep.",2012,25466.7605170594,
KOR,"Korea, Rep.",2013,27182.7343101935,
KOR,"Korea, Rep.",2014,29249.5752209742,
KOR,"Korea, Rep.",2015,28732.2310762599,
KOR,"Korea, Rep.",2016,29288.8704389833,4.33309984207153
KOR,"Korea, Rep.",2017,31616.8434004683,
KOR,"Korea, Rep.",2018,33340.265151682,
KOR,"Korea, Rep.",2019,31761.9776923447,
KWT,Kuwait,1965,4443.40527162766,
KWT,Kuwait,1966,4571.18195455632,
KWT,Kuwait,1967,4230.84777838406,
KWT,Kuwait,1968,4207.81131641687,
KWT,Kuwait,1969,4019.76307533505,
KWT,Kuwait,1970,3860.54789198117,
KWT,Kuwait,1971,4858.71066331672,3.28733992576599
KWT,Kuwait,1972,5224.929421375,2.81574988365173
KWT,Kuwait,1973,5971.82529236545,3.30368995666504
KWT,Kuwait,1974,13521.709511231,3.52160000801086
KWT,Kuwait,1975,11768.5258934562,2.13554000854492
KWT,Kuwait,1976,12093.3240503604,3.11508011817932
KWT,Kuwait,1977,12253.7603174426,3.36866998672485
KWT,Kuwait,1978,12663.4479652264,4.08185005187988
KWT,Kuwait,1979,19092.957567392,3.42856001853943
KWT,Kuwait,1980,20924.2578778229,2.79101991653442
KWT,Kuwait,1981,17408.5545065225,2.71914005279541
KWT,Kuwait,1982,14312.3731183794,3.0335099697113
KWT,Kuwait,1983,13233.8984084124,5.09027004241943
KWT,Kuwait,1984,13132.7651074905,5.14888000488281
KWT,Kuwait,1985,12356.9071402275,5.00761985778809
KWT,Kuwait,1986,9771.09860943228,5.40083980560303
KWT,Kuwait,1987,11535.2161867944,
KWT,Kuwait,1988,10169.0058612751,
KWT,Kuwait,1989,11617.1564228719,
KWT,Kuwait,1990,8794.63122894273,
KWT,Kuwait,1991,5419.59083079093,
KWT,Kuwait,1992,,14.1988296508789
KWT,Kuwait,1995,16932.1483001751,
KWT,Kuwait,1996,19358.3824351371,5.85961008071899
KWT,Kuwait,1997,17748.8598001527,5.5826301574707
KWT,Kuwait,1998,14166.1796037949,
KWT,Kuwait,1999,15435.178587149,
KWT,Kuwait,2000,18440.3785212446,
KWT,Kuwait,2001,16587.1776713403,6.5858302116394
KWT,Kuwait,2002,17846.3260571477,6.551109790802
KWT,Kuwait,2003,22148.378150112,
KWT,Kuwait,2004,27011.7276502758,5.53506994247437
KWT,Kuwait,2005,35591.0057787851,4.73833990097046
KWT,Kuwait,2006,42781.3664951149,3.75997996330261
KWT,Kuwait,2007,45782.2765557698,
KWT,Kuwait,2008,55494.9509906458,
KWT,Kuwait,2009,37561.67266643,
KWT,Kuwait,2010,38577.4982788212,
KWT,Kuwait,2011,48631.691300679,
KWT,Kuwait,2012,51979.1051680637,
KWT,Kuwait,2013,49388.1374119381,
KWT,Kuwait,2014,44062.3170375209,
KWT,Kuwait,2015,29869.5293908248,
KWT,Kuwait,2016,27653.0667677649,
KWT,Kuwait,2017,29759.4364865575,
KWT,Kuwait,2018,33994.3819171507,
KWT,Kuwait,2019,32031.9801025988,
LAC,Latin America & Caribbean (excluding high income),1960,358.364314251521,
LAC,Latin America & Caribbean (excluding high income),1961,364.572936774265,
LAC,Latin America & Caribbean (excluding high income),1962,405.835200909312,
LAC,Latin America & Caribbean (excluding high income),1963,396.523539533131,
LAC,Latin America & Caribbean (excluding high income),1964,430.642483699742,
LAC,Latin America & Caribbean (excluding high income),1965,448.561048444018,
LAC,Latin America & Caribbean (excluding high income),1966,478.363680033152,
LAC,Latin America & Caribbean (excluding high income),1967,478.451926706827,
LAC,Latin America & Caribbean (excluding high income),1968,503.723772264788,
LAC,Latin America & Caribbean (excluding high income),1969,547.548016912576,
LAC,Latin America & Caribbean (excluding high income),1970,580.7851392547281,
LAC,Latin America & Caribbean (excluding high income),1971,628.93164946039,
LAC,Latin America & Caribbean (excluding high income),1972,694.191600251967,
LAC,Latin America & Caribbean (excluding high income),1973,885.243005008613,
LAC,Latin America & Caribbean (excluding high income),1974,1151.54962531941,
LAC,Latin America & Caribbean (excluding high income),1975,1209.02459015194,
LAC,Latin America & Caribbean (excluding high income),1976,1308.42339862416,
LAC,Latin America & Caribbean (excluding high income),1977,1395.39701340926,
LAC,Latin America & Caribbean (excluding high income),1978,1546.83092381373,
LAC,Latin America & Caribbean (excluding high income),1979,1790.83035243338,
LAC,Latin America & Caribbean (excluding high income),1980,2095.94981821601,
LAC,Latin America & Caribbean (excluding high income),1981,2365.38897039749,
LAC,Latin America & Caribbean (excluding high income),1982,2166.94833482131,
LAC,Latin America & Caribbean (excluding high income),1983,1869.65986317487,
LAC,Latin America & Caribbean (excluding high income),1984,1844.72509647383,
LAC,Latin America & Caribbean (excluding high income),1985,1866.70615260115,
LAC,Latin America & Caribbean (excluding high income),1986,1837.64630575705,
LAC,Latin America & Caribbean (excluding high income),1987,1891.19257460122,
LAC,Latin America & Caribbean (excluding high income),1988,2097.75018310683,
LAC,Latin America & Caribbean (excluding high income),1989,2248.06469706346,
LAC,Latin America & Caribbean (excluding high income),1990,2596.73152149678,
LAC,Latin America & Caribbean (excluding high income),1991,3163.12312816452,
LAC,Latin America & Caribbean (excluding high income),1992,2892.9598621583,
LAC,Latin America & Caribbean (excluding high income),1993,3289.28825417749,
LAC,Latin America & Caribbean (excluding high income),1994,3701.81860871079,
LAC,Latin America & Caribbean (excluding high income),1995,3852.5021714546,
LAC,Latin America & Caribbean (excluding high income),1996,4107.51674262452,
LAC,Latin America & Caribbean (excluding high income),1997,4428.77234999029,
LAC,Latin America & Caribbean (excluding high income),1998,4389.55380121204,3.6458649635315
LAC,Latin America & Caribbean (excluding high income),1999,3865.08138122958,3.80062007904053
LAC,Latin America & Caribbean (excluding high income),2000,4224.62111317886,3.94893002510071
LAC,Latin America & Caribbean (excluding high income),2001,4066.22628302008,4.04286015033722
LAC,Latin America & Caribbean (excluding high income),2002,3567.86519974883,3.88385510444642
LAC,Latin America & Caribbean (excluding high income),2003,3583.51497944504,3.53504991531372
LAC,Latin America & Caribbean (excluding high income),2004,4069.50213864951,3.97447991371155
LAC,Latin America & Caribbean (excluding high income),2005,4884.09190256035,
LAC,Latin America & Caribbean (excluding high income),2006,5662.57088194022,4.02246499061584
LAC,Latin America & Caribbean (excluding high income),2007,6635.78207380673,4.08301019668579
LAC,Latin America & Caribbean (excluding high income),2008,7677.58112889357,4.83223986625671
LAC,Latin America & Caribbean (excluding high income),2009,7110.08605110037,5.46355009078979
LAC,Latin America & Caribbean (excluding high income),2010,8767.058880490509,4.83382987976074
LAC,Latin America & Caribbean (excluding high income),2011,9870.70609637354,4.72689008712769
LAC,Latin America & Caribbean (excluding high income),2012,9825.14345387872,4.64307022094727
LAC,Latin America & Caribbean (excluding high income),2013,9936.316766644281,5.00464010238647
LAC,Latin America & Caribbean (excluding high income),2014,10062.2692262246,5.2606201171875
LAC,Latin America & Caribbean (excluding high income),2015,8461.077390774461,4.99870014190674
LAC,Latin America & Caribbean (excluding high income),2016,8142.77002403826,4.27918004989624
LAC,Latin America & Caribbean (excluding high income),2017,8990.524504148891,4.52281999588013
LAC,Latin America & Caribbean (excluding high income),2018,8583.06800249045,
LAC,Latin America & Caribbean (excluding high income),2019,8368.446391409751,
LAO,Lao PDR,1984,489.957607113898,
LAO,Lao PDR,1985,641.738631479384,
LAO,Lao PDR,1986,468.305038654449,
LAO,Lao PDR,1987,278.393227986057,
LAO,Lao PDR,1988,148.965288171436,
LAO,Lao PDR,1989,172.523209033872,
LAO,Lao PDR,1990,203.255969785383,
LAO,Lao PDR,1991,234.764231092101,
LAO,Lao PDR,1992,250.604218340998,2.33456993103027
LAO,Lao PDR,1993,287.394967267934,
LAO,Lao PDR,1994,325.941061229165,
LAO,Lao PDR,1995,363.879601876172,
LAO,Lao PDR,1996,378.428147214229,2.42974996566772
LAO,Lao PDR,1997,345.921364772508,2.13019990921021
LAO,Lao PDR,1998,248.839043082255,
LAO,Lao PDR,1999,277.809841506528,
LAO,Lao PDR,2000,325.186998225846,1.50369000434875
LAO,Lao PDR,2001,326.94190759036,1.9902800321579
LAO,Lao PDR,2002,320.061517921728,2.82522010803223
LAO,Lao PDR,2003,362.821413486106,
LAO,Lao PDR,2004,417.928504195201,2.41300010681152
LAO,Lao PDR,2005,475.610713513113,2.4140899181366
LAO,Lao PDR,2006,590.63270735226,2.95879006385803
LAO,Lao PDR,2007,710.344815049449,3.07841992378235
LAO,Lao PDR,2008,900.323671821273,2.27854990959167
LAO,Lao PDR,2009,948.653932285177,1.65485000610352
LAO,Lao PDR,2010,1140.59920478703,1.70978999137878
LAO,Lao PDR,2011,1378.36136494331,1.70801997184753
LAO,Lao PDR,2012,1581.39540349425,1.82147002220154
LAO,Lao PDR,2013,1825.66511330676,3.23380994796753
LAO,Lao PDR,2014,1998.33521471699,2.93780994415283
LAO,Lao PDR,2015,2134.71179567796,
LAO,Lao PDR,2016,2308.80048220079,
LAO,Lao PDR,2017,2423.8462031921,
LAO,Lao PDR,2018,2542.4865281792,
LAO,Lao PDR,2019,2534.89827724281,
LBN,Lebanon,1988,1234.24253137995,
LBN,Lebanon,1989,996.903906819888,
LBN,Lebanon,1990,1012.64388071035,
LBN,Lebanon,1991,1605.36860742889,
LBN,Lebanon,1992,1899.65162772638,
LBN,Lebanon,1993,2446.52995358809,1.66651999950409
LBN,Lebanon,1994,2820.48784477723,1.93125998973846
LBN,Lebanon,1995,3321.29632536572,2.22463011741638
LBN,Lebanon,1996,3791.60551678699,2.0846700668335
LBN,Lebanon,1997,4305.64294610046,
LBN,Lebanon,1998,4669.577802617,
LBN,Lebanon,1999,4640.37946051769,
LBN,Lebanon,2000,4491.63725889302,
LBN,Lebanon,2001,4422.38707627011,2.84148001670837
LBN,Lebanon,2002,4579.45959271967,2.55271005630493
LBN,Lebanon,2003,4576.39074592193,
LBN,Lebanon,2004,4630.78957180601,2.64094996452332
LBN,Lebanon,2005,4575.10551159354,2.64618992805481
LBN,Lebanon,2006,4626.85980796531,2.77975988388062
LBN,Lebanon,2007,5207.79600017537,2.58357000350952
LBN,Lebanon,2008,6111.33241147951,2.01479005813599
LBN,Lebanon,2009,7354.95360478492,1.76570999622345
LBN,Lebanon,2010,7761.6461905722,1.61330997943878
LBN,Lebanon,2011,7674.83535037848,1.65251994132996
LBN,Lebanon,2012,7950.69537825963,2.14808988571167
LBN,Lebanon,2013,7931.08047584526,2.43245005607605
LBN,Lebanon,2014,7686.25602996455,
LBN,Lebanon,2015,7644.54865718211,
LBN,Lebanon,2016,7629.89111711952,
LBN,Lebanon,2017,7801.17865807555,
LBN,Lebanon,2018,8024.80327081387,
LBN,Lebanon,2019,7784.31685692976,
LBR,Liberia,2000,306.832894733147,
LBR,Liberia,2001,306.710355401471,
LBR,Liberia,2002,306.473736986024,
LBR,Liberia,2003,243.089340532418,
LBR,Liberia,2004,286.064998942803,
LBR,Liberia,2005,294.893036795442,
LBR,Liberia,2006,336.11567425435,
LBR,Liberia,2007,396.601761281558,
LBR,Liberia,2008,478.399937913334,1.70166003704071
LBR,Liberia,2009,470.947619596855,
LBR,Liberia,2010,513.445698620224,
LBR,Liberia,2011,596.897081053795,
LBR,Liberia,2012,657.936256349955,1.77711999416351
LBR,Liberia,2013,721.930055405248,1.73466002941132
LBR,Liberia,2014,721.182794835652,2.27909994125366
LBR,Liberia,2015,710.383857717515,
LBR,Liberia,2016,714.623392230031,
LBR,Liberia,2017,698.70176435511,2.76128005981445
LBR,Liberia,2018,677.322178545364,2.58412003517151
LBR,Liberia,2019,621.892953622715,
LBY,Libya,1990,6514.32150398511,
LBY,Libya,1991,7040.7809418662,
LBY,Libya,1992,7284.93438247872,
LBY,Libya,1993,6447.14463788716,
LBY,Libya,1994,5892.61761195035,
LBY,Libya,1995,5161.68334189342,
LBY,Libya,1996,5536.86826452386,
LBY,Libya,1997,5998.16161039528,
LBY,Libya,1998,5243.59048141382,
LBY,Libya,1999,6819.03311397953,2.26416993141174
LBY,Libya,2000,7142.77445181509,
LBY,Libya,2001,6266.49097233061,
LBY,Libya,2002,3703.04830816852,
LBY,Libya,2003,4673.14391286115,
LBY,Libya,2004,5800.59796851498,
LBY,Libya,2005,8163.01077781973,
LBY,Libya,2006,9336.356669994961,
LBY,Libya,2007,11300.1913436773,
LBY,Libya,2008,14382.5762948433,
LBY,Libya,2009,10275.266564444,
LBY,Libya,2010,12064.7806924218,
LBY,Libya,2011,5554.1791642315,
LBY,Libya,2012,13025.2813934413,
LBY,Libya,2013,10363.7894894551,
LBY,Libya,2014,6466.91027014384,
LBY,Libya,2015,4337.91913919348,
LBY,Libya,2016,4035.1943155047,
LBY,Libya,2017,5756.69844996569,
LBY,Libya,2018,7877.12225061884,
LBY,Libya,2019,7683.75061122959,
LCA,St. Lucia,1980,1445.99794919769,
LCA,St. Lucia,1981,1628.10386372305,
LCA,St. Lucia,1982,1515.30179301529,5.53879022598267
LCA,St. Lucia,1983,1607.62570605591,
LCA,St. Lucia,1984,2023.31189039907,
LCA,St. Lucia,1985,2253.13238208901,
LCA,St. Lucia,1986,2646.96494328488,4.15467977523804
LCA,St. Lucia,1987,2869.99110132937,
LCA,St. Lucia,1988,3221.40881649606,
LCA,St. Lucia,1989,3584.01822448719,
LCA,St. Lucia,1990,4199.60606890037,
LCA,St. Lucia,1991,4383.75444625668,
LCA,St. Lucia,1992,4755.03720424714,
LCA,St. Lucia,1993,4775.25688635173,
LCA,St. Lucia,1994,4919.27864535269,6.53238010406494
LCA,St. Lucia,1995,5194.81829483872,
LCA,St. Lucia,1996,5300.4615134236,
LCA,St. Lucia,1997,5340.33466915326,
LCA,St. Lucia,1998,5733.9019311559,5.52894020080566
LCA,St. Lucia,1999,5947.62316108166,5.44994020462036
LCA,St. Lucia,2000,5950.35119596624,
LCA,St. Lucia,2001,5642.92726969188,5.70733022689819
LCA,St. Lucia,2002,5646.45653483236,
LCA,St. Lucia,2003,6150.92136926062,3.53449010848999
LCA,St. Lucia,2004,6591.8491784908,3.43646001815796
LCA,St. Lucia,2005,6948.82145404429,4.23895978927612
LCA,St. Lucia,2006,7669.07435065204,4.69669008255005
LCA,St. Lucia,2007,7970.03570061152,
LCA,St. Lucia,2008,8456.69463217739,4.48353004455566
LCA,St. Lucia,2009,8137.84549438738,3.0676600933075
LCA,St. Lucia,2010,8540.414378246471,3.4828999042511
LCA,St. Lucia,2011,8983.436673468799,3.58823990821838
LCA,St. Lucia,2012,9086.79946207544,3.27298998832703
LCA,St. Lucia,2013,9378.56236298604,3.85984992980957
LCA,St. Lucia,2014,9843.91581872176,3.88069009780884
LCA,St. Lucia,2015,10093.8997626748,3.86772990226746
LCA,St. Lucia,2016,10361.8141037985,5.20828008651733
LCA,St. Lucia,2017,11047.4449858109,
LCA,St. Lucia,2018,11357.8890096382,3.33179998397827
LCA,St. Lucia,2019,11611.4154473966,
LCN,Latin America & Caribbean,1960,371.441316552769,
LCN,Latin America & Caribbean,1961,382.681006339482,
LCN,Latin America & Caribbean,1962,425.913358349943,
LCN,Latin America & Caribbean,1963,418.260068126066,
LCN,Latin America & Caribbean,1964,453.677569507903,
LCN,Latin America & Caribbean,1965,470.950525519378,
LCN,Latin America & Caribbean,1966,503.187861639968,
LCN,Latin America & Caribbean,1967,503.305833428999,
LCN,Latin America & Caribbean,1968,528.4985582242909,
LCN,Latin America & Caribbean,1969,577.217736845109,
LCN,Latin America & Caribbean,1970,613.084771576161,
LCN,Latin America & Caribbean,1971,668.5500651710699,
LCN,Latin America & Caribbean,1972,733.192849353891,
LCN,Latin America & Caribbean,1973,937.798675586349,
LCN,Latin America & Caribbean,1974,1190.56004407645,
LCN,Latin America & Caribbean,1975,1218.13769955824,
LCN,Latin America & Caribbean,1976,1322.61286084801,
LCN,Latin America & Caribbean,1977,1421.08425681446,
LCN,Latin America & Caribbean,1978,1577.52869143332,
LCN,Latin America & Caribbean,1979,1839.26319035664,
LCN,Latin America & Caribbean,1980,2167.03894744346,
LCN,Latin America & Caribbean,1981,2444.54988186779,
LCN,Latin America & Caribbean,1982,2231.34791085943,
LCN,Latin America & Caribbean,1983,1925.00076231408,
LCN,Latin America & Caribbean,1984,1903.12117446281,
LCN,Latin America & Caribbean,1985,1920.13922512873,
LCN,Latin America & Caribbean,1986,1895.41076847906,
LCN,Latin America & Caribbean,1987,1961.66130547073,
LCN,Latin America & Caribbean,1988,2169.32720954379,
LCN,Latin America & Caribbean,1989,2323.58124602554,
LCN,Latin America & Caribbean,1990,2669.45575321961,
LCN,Latin America & Caribbean,1991,3224.29055894019,
LCN,Latin America & Caribbean,1992,2993.92419011274,
LCN,Latin America & Caribbean,1993,3383.48660712145,
LCN,Latin America & Caribbean,1994,3801.52578645924,
LCN,Latin America & Caribbean,1995,3986.60893014495,2.9945650100708
LCN,Latin America & Caribbean,1996,4243.97497250446,
LCN,Latin America & Caribbean,1997,4578.93493427516,
LCN,Latin America & Caribbean,1998,4548.92203246299,3.34015011787415
LCN,Latin America & Caribbean,1999,4042.8501365464,3.7649199962616
LCN,Latin America & Caribbean,2000,4394.93360068388,3.77583003044128
LCN,Latin America & Caribbean,2001,4239.88334007621,3.84468007087708
LCN,Latin America & Caribbean,2002,3753.09745768199,3.88385510444642
LCN,Latin America & Caribbean,2003,3784.27906274818,3.53504991531372
LCN,Latin America & Caribbean,2004,4305.82903952635,3.74560499191284
LCN,Latin America & Caribbean,2005,5141.97423543153,
LCN,Latin America & Caribbean,2006,5952.57710854961,3.79288995265961
LCN,Latin America & Caribbean,2007,6928.70137920151,3.85516512393952
LCN,Latin America & Caribbean,2008,7958.46641566383,4.63908982276917
LCN,Latin America & Caribbean,2009,7393.21251440152,5.3257451057434
LCN,Latin America & Caribbean,2010,9065.80754617692,4.67062997817993
LCN,Latin America & Caribbean,2011,10193.8572444798,4.41067504882813
LCN,Latin America & Caribbean,2012,10186.9594620423,
LCN,Latin America & Caribbean,2013,10326.1343581426,5.00464010238647
LCN,Latin America & Caribbean,2014,10417.3537399993,5.2606201171875
LCN,Latin America & Caribbean,2015,8870.630680440059,4.93700504302979
LCN,Latin America & Caribbean,2016,8577.358726484181,4.618155002594
LCN,Latin America & Caribbean,2017,9432.971185206239,4.53551006317139
LCN,Latin America & Caribbean,2018,9081.19452696957,
LCN,Latin America & Caribbean,2019,8847.43187038476,
LDC,Least developed countries: UN classification,1980,297.719919123277,
LDC,Least developed countries: UN classification,1981,294.107352121948,
LDC,Least developed countries: UN classification,1982,285.654364409645,
LDC,Least developed countries: UN classification,1983,262.239696977576,
LDC,Least developed countries: UN classification,1984,253.610577713232,
LDC,Least developed countries: UN classification,1985,273.793227513001,
LDC,Least developed countries: UN classification,1986,289.237977914358,
LDC,Least developed countries: UN classification,1987,315.742250653716,
LDC,Least developed countries: UN classification,1988,318.882615841823,
LDC,Least developed countries: UN classification,1989,317.38806681248,
LDC,Least developed countries: UN classification,1990,324.76540354758,
LDC,Least developed countries: UN classification,1991,317.471647422514,
LDC,Least developed countries: UN classification,1992,280.940575471704,
LDC,Least developed countries: UN classification,1993,271.403585962355,
LDC,Least developed countries: UN classification,1994,245.182015962433,
LDC,Least developed countries: UN classification,1995,272.462754964999,
LDC,Least developed countries: UN classification,1996,292.645061801044,
LDC,Least developed countries: UN classification,1997,300.942066980257,
LDC,Least developed countries: UN classification,1998,300.507109375685,
LDC,Least developed countries: UN classification,1999,298.072699203508,2.58483004570007
LDC,Least developed countries: UN classification,2000,328.249891966969,2.59340000152588
LDC,Least developed countries: UN classification,2001,305.887953080319,2.68282496929169
LDC,Least developed countries: UN classification,2002,323.99359496509,2.63659501075745
LDC,Least developed countries: UN classification,2003,358.56409371604,
LDC,Least developed countries: UN classification,2004,400.832896155149,2.81261992454529
LDC,Least developed countries: UN classification,2005,458.647317627015,2.97837996482849
LDC,Least developed countries: UN classification,2006,523.4365051403,
LDC,Least developed countries: UN classification,2007,612.875487739407,
LDC,Least developed countries: UN classification,2008,741.852179447205,2.77728009223938
LDC,Least developed countries: UN classification,2009,729.482617344762,2.957200050354
LDC,Least developed countries: UN classification,2010,813.267030829267,3.42131996154785
LDC,Least developed countries: UN classification,2011,903.509771997154,2.58503496646881
LDC,Least developed countries: UN classification,2012,935.481980910771,2.87204003334045
LDC,Least developed countries: UN classification,2013,997.209315594878,3.25923001766205
LDC,Least developed countries: UN classification,2014,1053.02861549846,3.38488006591797
LDC,Least developed countries: UN classification,2015,1014.38037293746,3.67008996009827
LDC,Least developed countries: UN classification,2016,978.741307534202,3.06023001670837
LDC,Least developed countries: UN classification,2017,1041.22827629761,3.9093199968338
LDC,Least developed countries: UN classification,2018,1056.78618652863,3.69643998146057
LDC,Least developed countries: UN classification,2019,1069.6816991512,
LIC,Low income,1970,142.25584178841,
LIC,Low income,1971,154.504516217351,
LIC,Low income,1972,164.454384941054,
LIC,Low income,1973,191.4690787899,
LIC,Low income,1974,232.474832068226,
LIC,Low income,1975,267.53733301251,
LIC,Low income,1976,277.04369334237,
LIC,Low income,1977,313.692739459153,
LIC,Low income,1978,343.581911543906,
LIC,Low income,1979,363.25385976243,
LIC,Low income,1980,376.536795746724,
LIC,Low income,1981,379.111710462087,
LIC,Low income,1982,381.73397915552,
LIC,Low income,1983,361.253382165242,
LIC,Low income,1984,342.515925868303,
LIC,Low income,1985,349.803774985767,
LIC,Low income,1986,364.789531386225,
LIC,Low income,1987,381.749396248857,
LIC,Low income,1988,366.44746629575,
LIC,Low income,1989,351.514380580427,
LIC,Low income,1990,360.096931085831,
LIC,Low income,1991,352.232090412994,
LIC,Low income,1992,299.790773790902,
LIC,Low income,1993,291.963294238086,
LIC,Low income,1994,244.4520294527,
LIC,Low income,1995,267.674037545132,
LIC,Low income,1996,275.092253451312,
LIC,Low income,1997,285.881628332225,
LIC,Low income,1998,281.438601589789,
LIC,Low income,1999,273.719400939597,2.81946992874146
LIC,Low income,2000,323.887786685033,2.64547991752625
LIC,Low income,2001,294.876384095698,3.16831493377686
LIC,Low income,2002,308.660854726542,
LIC,Low income,2003,329.465769779465,
LIC,Low income,2004,372.603751963728,3.10713005065918
LIC,Low income,2005,423.565553963488,
LIC,Low income,2006,483.996758329729,
LIC,Low income,2007,576.335821321498,
LIC,Low income,2008,679.067070515362,3.01329505443573
LIC,Low income,2009,679.502886131734,
LIC,Low income,2010,734.203521218984,3.04429996013641
LIC,Low income,2011,773.242181221052,3.10247993469238
LIC,Low income,2012,790.496390692704,3.04071497917175
LIC,Low income,2013,845.740512419538,3.06768000125885
LIC,Low income,2014,883.969991856531,3.33629500865936
LIC,Low income,2015,860.568620585368,3.63233995437622
LIC,Low income,2016,774.507273531087,3.02533996105194
LIC,Low income,2017,779.608317856324,3.44906997680664
LIC,Low income,2018,781.532781919437,
LIC,Low income,2019,779.8189411615271,
LIE,Liechtenstein,1970,4236.73143352991,
LIE,Liechtenstein,1971,4827.34849834058,
LIE,Liechtenstein,1972,5640.46431359638,
LIE,Liechtenstein,1973,7354.1023679927,
LIE,Liechtenstein,1974,8440.313295125479,
LIE,Liechtenstein,1975,10512.3081823176,
LIE,Liechtenstein,1976,11386.6482395488,
LIE,Liechtenstein,1977,12413.9510906324,
LIE,Liechtenstein,1978,17494.2212906419,
LIE,Liechtenstein,1979,19764.3532736787,
LIE,Liechtenstein,1980,20661.6142670642,
LIE,Liechtenstein,1981,19500.6742343564,
LIE,Liechtenstein,1982,19674.7939206401,
LIE,Liechtenstein,1983,19561.5405523388,
LIE,Liechtenstein,1984,18590.6700476059,
LIE,Liechtenstein,1985,19388.7054955979,
LIE,Liechtenstein,1986,28279.8783556161,
LIE,Liechtenstein,1987,37821.7245981781,
LIE,Liechtenstein,1988,41301.0654846444,
LIE,Liechtenstein,1989,39368.7270879983,
LIE,Liechtenstein,1990,49375.3252826544,
LIE,Liechtenstein,1991,50898.591251936,
LIE,Liechtenstein,1992,55195.679262985,
LIE,Liechtenstein,1993,55816.6636788553,
LIE,Liechtenstein,1994,64028.0755827749,
LIE,Liechtenstein,1995,78641.88456440531,
LIE,Liechtenstein,1996,79878.5648981493,
LIE,Liechtenstein,1997,72208.93467433911,
LIE,Liechtenstein,1998,76745.4223290707,
LIE,Liechtenstein,1999,81297.143491122,
LIE,Liechtenstein,2000,74853.93872935401,
LIE,Liechtenstein,2001,74267.48649268479,
LIE,Liechtenstein,2002,79359.8046734863,
LIE,Liechtenstein,2003,89851.9771623056,2.46013998985291
LIE,Liechtenstein,2004,100265.955125015,2.43333005905151
LIE,Liechtenstein,2005,105414.442020548,
LIE,Liechtenstein,2006,114390.59973152,2.05380988121033
LIE,Liechtenstein,2007,130655.636959737,1.92119002342224
LIE,Liechtenstein,2008,143255.981619193,2.04836988449097
LIE,Liechtenstein,2009,126082.492630969,
LIE,Liechtenstein,2010,141200.380010278,
LIE,Liechtenstein,2011,158156.599825792,2.55604004859924
LIE,Liechtenstein,2012,149010.224898665,
LIE,Liechtenstein,2013,173058.317372602,
LIE,Liechtenstein,2014,178845.631017897,
LIE,Liechtenstein,2015,167290.939983907,
LIE,Liechtenstein,2016,165629.190482925,
LIE,Liechtenstein,2017,173356.051288416,
LKA,Sri Lanka,1960,142.779621883716,
LKA,Sri Lanka,1961,142.83817062385,
LKA,Sri Lanka,1962,138.536667362574,
LKA,Sri Lanka,1963,117.072043511685,
LKA,Sri Lanka,1964,120.714370232159,
LKA,Sri Lanka,1965,152.852744237697,
LKA,Sri Lanka,1966,153.898723733778,
LKA,Sri Lanka,1967,159.50599139416,
LKA,Sri Lanka,1968,150.896707697957,
LKA,Sri Lanka,1969,160.913082166436,
LKA,Sri Lanka,1970,183.927471518332,
LKA,Sri Lanka,1971,185.859889336167,
LKA,Sri Lanka,1972,196.422932988093,
LKA,Sri Lanka,1973,216.994958359606,3.31640005111694
LKA,Sri Lanka,1974,264.746235718467,
LKA,Sri Lanka,1975,275.627619329262,2.74454998970032
LKA,Sri Lanka,1976,256.286715355097,
LKA,Sri Lanka,1977,287.561636646356,
LKA,Sri Lanka,1978,188.058494195366,
LKA,Sri Lanka,1979,227.509826803542,2.56743001937866
LKA,Sri Lanka,1980,267.668683996945,2.7041699886322
LKA,Sri Lanka,1981,289.130689381959,2.44220995903015
LKA,Sri Lanka,1982,307.638303057229,2.55850005149841
LKA,Sri Lanka,1983,328.650429327013,2.39060997962952
LKA,Sri Lanka,1984,378.937189638572,2.16526007652283
LKA,Sri Lanka,1985,369.581941708333,2.5761399269104
LKA,Sri Lanka,1986,390.350758933509,2.805419921875
LKA,Sri Lanka,1987,401.477192409905,2.64433002471924
LKA,Sri Lanka,1988,413.454996935024,2.82635998725891
LKA,Sri Lanka,1989,408.450842995894,2.7551600933075
LKA,Sri Lanka,1990,463.618631805931,2.41092991828918
LKA,Sri Lanka,1991,513.258535278508,2.91558003425598
LKA,Sri Lanka,1992,547.05471943737,
LKA,Sri Lanka,1993,576.78001259826,
LKA,Sri Lanka,1994,647.579049055816,3.10853004455566
LKA,Sri Lanka,1995,714.2334272607141,2.95760011672974
LKA,Sri Lanka,1996,756.65707290313,3.34360003471375
LKA,Sri Lanka,1997,817.064348987277,
LKA,Sri Lanka,1998,850.811420552006,3.05141997337341
LKA,Sri Lanka,1999,838.883867360624,
LKA,Sri Lanka,2000,869.696516609157,
LKA,Sri Lanka,2001,832.803440237058,
LKA,Sri Lanka,2002,867.491213740342,
LKA,Sri Lanka,2003,982.1956458581039,
LKA,Sri Lanka,2004,1065.78443680197,
LKA,Sri Lanka,2005,1248.69818517034,
LKA,Sri Lanka,2006,1435.8171774712,
LKA,Sri Lanka,2007,1630.38890604323,
LKA,Sri Lanka,2008,2037.32210302668,
LKA,Sri Lanka,2009,2090.4018261396,2.05590009689331
LKA,Sri Lanka,2010,2799.64887619972,1.71774005889893
LKA,Sri Lanka,2011,3200.83382914016,1.80860996246338
LKA,Sri Lanka,2012,3350.52187589289,1.49617004394531
LKA,Sri Lanka,2013,3610.28936304898,1.62107002735138
LKA,Sri Lanka,2014,3819.25352972265,1.93288004398346
LKA,Sri Lanka,2015,3843.78067184442,2.22874999046326
LKA,Sri Lanka,2016,3886.29150165239,3.44919991493225
LKA,Sri Lanka,2017,4077.04372120747,2.79924988746643
LKA,Sri Lanka,2018,4080.56712469552,2.12420988082886
LKA,Sri Lanka,2019,3853.08369288942,
LMC,Lower middle income,1960,101.103087612563,
LMC,Lower middle income,1961,105.293683038113,
LMC,Lower middle income,1962,105.478805175319,
LMC,Lower middle income,1963,115.164362982725,
LMC,Lower middle income,1964,127.038648669688,
LMC,Lower middle income,1965,133.725637166575,
LMC,Lower middle income,1966,118.774528950058,
LMC,Lower middle income,1967,123.711161342463,
LMC,Lower middle income,1968,128.543179997986,
LMC,Lower middle income,1969,139.112325150324,
LMC,Lower middle income,1970,150.723813512081,
LMC,Lower middle income,1971,153.194671735025,
LMC,Lower middle income,1972,159.821818988231,
LMC,Lower middle income,1973,183.366108605156,
LMC,Lower middle income,1974,225.259706737787,
LMC,Lower middle income,1975,241.970862773279,
LMC,Lower middle income,1976,250.217567159509,
LMC,Lower middle income,1977,276.258884966186,
LMC,Lower middle income,1978,306.385076369187,
LMC,Lower middle income,1979,350.267194242517,
LMC,Lower middle income,1980,419.771293099474,
LMC,Lower middle income,1981,506.006735675508,
LMC,Lower middle income,1982,488.346383838085,
LMC,Lower middle income,1983,452.307747439908,
LMC,Lower middle income,1984,426.192409764983,
LMC,Lower middle income,1985,440.943091001613,
LMC,Lower middle income,1986,452.376301232302,
LMC,Lower middle income,1987,483.532610381442,
LMC,Lower middle income,1988,485.853876037664,
LMC,Lower middle income,1989,469.814562721698,
LMC,Lower middle income,1990,493.687686517669,
LMC,Lower middle income,1991,446.677004330847,
LMC,Lower middle income,1992,454.604683113665,
LMC,Lower middle income,1993,431.488652781533,
LMC,Lower middle income,1994,450.779312013164,
LMC,Lower middle income,1995,490.815577610395,
LMC,Lower middle income,1996,527.940026454716,
LMC,Lower middle income,1997,542.532929457504,
LMC,Lower middle income,1998,533.7450252033771,
LMC,Lower middle income,1999,551.136652706247,3.85164988040924
LMC,Lower middle income,2000,565.86312164172,3.00160002708435
LMC,Lower middle income,2001,565.018835365432,
LMC,Lower middle income,2002,587.15806949331,3.22557997703552
LMC,Lower middle income,2003,657.95687028061,3.37404000759124
LMC,Lower middle income,2004,749.645002491243,3.35254001617432
LMC,Lower middle income,2005,859.901257037499,3.54625010490417
LMC,Lower middle income,2006,994.566263272187,3.60536003112793
LMC,Lower middle income,2007,1198.98771544414,
LMC,Lower middle income,2008,1321.3815070454,4.33913993835449
LMC,Lower middle income,2009,1311.88381506835,4.66163015365601
LMC,Lower middle income,2010,1542.65245327535,4.54758000373841
LMC,Lower middle income,2011,1709.88416598629,4.13754987716675
LMC,Lower middle income,2012,1775.62425488896,4.69363498687744
LMC,Lower middle income,2013,1843.33214328832,4.66805005073547
LMC,Lower middle income,2014,1935.2398738515,4.53462481498718
LMC,Lower middle income,2015,1886.7258935167,
LMC,Lower middle income,2016,1920.04768626716,4.39289999008179
LMC,Lower middle income,2017,2034.89358089237,4.4305100440979
LMC,Lower middle income,2018,2090.13010911588,3.98943996429443
LMC,Lower middle income,2019,2176.55822653245,
LMY,Low & middle income,1960,144.351334939158,
LMY,Low & middle income,1961,137.329635230759,
LMY,Low & middle income,1962,141.023628801135,
LMY,Low & middle income,1963,148.425579837691,
LMY,Low & middle income,1964,161.379111388399,
LMY,Low & middle income,1965,173.712679502008,
LMY,Low & middle income,1966,175.526449928519,
LMY,Low & middle income,1967,176.126278615029,
LMY,Low & middle income,1968,181.816913149238,
LMY,Low & middle income,1969,198.363390952961,
LMY,Low & middle income,1970,212.426124390895,
LMY,Low & middle income,1971,223.691866962739,
LMY,Low & middle income,1972,244.375779189667,
LMY,Low & middle income,1973,302.050149489197,
LMY,Low & middle income,1974,377.593131138389,
LMY,Low & middle income,1975,408.680859810961,
LMY,Low & middle income,1976,433.103584350812,
LMY,Low & middle income,1977,477.44759607705,
LMY,Low & middle income,1978,508.010980550232,
LMY,Low & middle income,1979,592.2777141354439,
LMY,Low & middle income,1980,681.925782892636,
LMY,Low & middle income,1981,753.756921934249,
LMY,Low & middle income,1982,730.306011606158,
LMY,Low & middle income,1983,692.416283640781,
LMY,Low & middle income,1984,685.749975373482,
LMY,Low & middle income,1985,708.032306921645,
LMY,Low & middle income,1986,717.765388730196,
LMY,Low & middle income,1987,720.328856515404,
LMY,Low & middle income,1988,759.136529502131,
LMY,Low & middle income,1989,767.9303913088351,
LMY,Low & middle income,1990,859.238989714498,
LMY,Low & middle income,1991,901.249402042672,
LMY,Low & middle income,1992,875.9661371863129,
LMY,Low & middle income,1993,914.938424645286,
LMY,Low & middle income,1994,973.511391342667,
LMY,Low & middle income,1995,1071.17922687339,
LMY,Low & middle income,1996,1151.46531252641,
LMY,Low & middle income,1997,1200.23776731052,
LMY,Low & middle income,1998,1146.31780155483,
LMY,Low & middle income,1999,1103.08714707626,3.70934998989105
LMY,Low & middle income,2000,1188.61119806095,3.4301700592041
LMY,Low & middle income,2001,1184.77432344997,3.68448495864868
LMY,Low & middle income,2002,1191.59540097666,3.27149498462677
LMY,Low & middle income,2003,1322.8365517209,
LMY,Low & middle income,2004,1547.94717352592,3.28633499145508
LMY,Low & middle income,2005,1819.75884065936,3.52218008041382
LMY,Low & middle income,2006,2134.32103024788,3.66905999183655
LMY,Low & middle income,2007,2605.33027672988,3.60984992980957
LMY,Low & middle income,2008,3086.16247764223,3.9387800693512
LMY,Low & middle income,2009,2980.20442816146,4.30935502052307
LMY,Low & middle income,2010,3576.05291967849,3.94457006454468
LMY,Low & middle income,2011,4167.71089578689,3.81939995288849
LMY,Low & middle income,2012,4393.63288988886,3.73681998252868
LMY,Low & middle income,2013,4593.90058862243,3.80149006843567
LMY,Low & middle income,2014,4709.48356996712,4.03524994850159
LMY,Low & middle income,2015,4415.52291117125,4.07843017578125
LMY,Low & middle income,2016,4380.32809255942,3.82523989677429
LMY,Low & middle income,2017,4749.35641598002,4.07372999191284
LMY,Low & middle income,2018,5001.97002596974,
LMY,Low & middle income,2019,5080.3654962737,
LSO,Lesotho,1960,41.3000685726608,
LSO,Lesotho,1961,41.8568467378908,
LSO,Lesotho,1962,48.1618099086261,
LSO,Lesotho,1963,53.0880735876085,
LSO,Lesotho,1964,57.4696698368661,
LSO,Lesotho,1965,59.5018382423529,
LSO,Lesotho,1966,60.2030444265726,
LSO,Lesotho,1967,61.5842019714824,
LSO,Lesotho,1968,62.4638691294245,
LSO,Lesotho,1969,65.5791733311728,
LSO,Lesotho,1970,66.8061893931104,
LSO,Lesotho,1971,72.6592111716901,4.64155006408691
LSO,Lesotho,1972,75.12413661193079,4.5265097618103
LSO,Lesotho,1973,109.877571404965,4.8665599822998
LSO,Lesotho,1974,133.417248226757,4.23424005508423
LSO,Lesotho,1975,128.843508450021,
LSO,Lesotho,1976,123.713025440061,
LSO,Lesotho,1977,157.347662347128,
LSO,Lesotho,1978,210.685200961186,
LSO,Lesotho,1979,222.729613795949,
LSO,Lesotho,1980,321.999452698651,
LSO,Lesotho,1981,315.131622383261,
LSO,Lesotho,1982,246.400278245336,
LSO,Lesotho,1983,266.188377218013,10.0969400405884
LSO,Lesotho,1984,223.642672367706,6.42841005325317
LSO,Lesotho,1985,176.018253052927,7.08858013153076
LSO,Lesotho,1986,204.177833018691,
LSO,Lesotho,1987,252.30291059241,
LSO,Lesotho,1988,288.406090314697,7.21663999557495
LSO,Lesotho,1989,297.261422515935,6.20228004455566
LSO,Lesotho,1990,350.06083916752,
LSO,Lesotho,1991,404.197089862276,
LSO,Lesotho,1992,466.274440448059,
LSO,Lesotho,1993,458.553558527452,8.577030181884769
LSO,Lesotho,1994,471.841791435925,7.02543020248413
LSO,Lesotho,1995,527.699837938563,8.640970230102541
LSO,Lesotho,1996,489.131819298193,
LSO,Lesotho,1997,507.100465561661,11.3640098571777
LSO,Lesotho,1998,464.806392518724,
LSO,Lesotho,1999,451.927157929932,12.4993495941162
LSO,Lesotho,2000,436.488351988266,10.0915498733521
LSO,Lesotho,2001,405.605313664166,9.36505031585693
LSO,Lesotho,2002,382.190173495711,10.1004495620728
LSO,Lesotho,2003,573.653767611567,13.2195701599121
LSO,Lesotho,2004,753.380786823367,11.1090097427368
LSO,Lesotho,2005,842.813053188004,12.0796604156494
LSO,Lesotho,2006,904.6034022165931,11.2712802886963
LSO,Lesotho,2007,863.779631511433,
LSO,Lesotho,2008,884.962674751359,12.0834999084473
LSO,Lesotho,2009,890.99638326859,
LSO,Lesotho,2010,1137.27570186144,
LSO,Lesotho,2011,1308.69006593273,
LSO,Lesotho,2012,1253.69620212555,
LSO,Lesotho,2013,1193.71325665948,
LSO,Lesotho,2014,1223.33303163915,
LSO,Lesotho,2015,1152.13982724874,
LSO,Lesotho,2016,1043.56979182005,
LSO,Lesotho,2017,1150.07917252047,7.96331977844238
LSO,Lesotho,2018,1221.88376312516,6.98518991470337
LSO,Lesotho,2019,1157.53516433147,
LTE,Late-demographic dividend,1960,166.969865506489,
LTE,Late-demographic dividend,1961,153.848463299358,
LTE,Late-demographic dividend,1962,159.286247209016,
LTE,Late-demographic dividend,1963,168.705975865434,
LTE,Late-demographic dividend,1964,182.029245602012,
LTE,Late-demographic dividend,1965,198.556936856857,
LTE,Late-demographic dividend,1966,215.227217937492,
LTE,Late-demographic dividend,1967,212.516999831176,
LTE,Late-demographic dividend,1968,212.024464097767,
LTE,Late-demographic dividend,1969,231.43005874437,
LTE,Late-demographic dividend,1970,256.809642730525,
LTE,Late-demographic dividend,1971,279.343602398856,
LTE,Late-demographic dividend,1972,313.704809560262,
LTE,Late-demographic dividend,1973,390.484771122894,
LTE,Late-demographic dividend,1974,451.170651505577,
LTE,Late-demographic dividend,1975,487.325060284805,
LTE,Late-demographic dividend,1976,523.309166051481,
LTE,Late-demographic dividend,1977,598.618712024531,
LTE,Late-demographic dividend,1978,614.761200783366,
LTE,Late-demographic dividend,1979,724.092127030314,
LTE,Late-demographic dividend,1980,809.472314826848,
LTE,Late-demographic dividend,1981,846.089773591969,
LTE,Late-demographic dividend,1982,852.633027181682,
LTE,Late-demographic dividend,1983,776.178200777956,
LTE,Late-demographic dividend,1984,805.735205176025,
LTE,Late-demographic dividend,1985,849.022019879844,
LTE,Late-demographic dividend,1986,889.516573814584,
LTE,Late-demographic dividend,1987,923.082112900837,
LTE,Late-demographic dividend,1988,1001.32916444015,
LTE,Late-demographic dividend,1989,1045.55968639036,
LTE,Late-demographic dividend,1990,1100.5811753556,
LTE,Late-demographic dividend,1991,1196.25193726939,
LTE,Late-demographic dividend,1992,1104.60273838955,
LTE,Late-demographic dividend,1993,1133.28846271801,
LTE,Late-demographic dividend,1994,1276.98962498218,
LTE,Late-demographic dividend,1995,1542.88697620852,3.81464004516602
LTE,Late-demographic dividend,1996,1684.68628835022,3.79429507255555
LTE,Late-demographic dividend,1997,1747.07320829352,
LTE,Late-demographic dividend,1998,1666.47548880502,4.11233997344971
LTE,Late-demographic dividend,1999,1526.72555860734,4.14085006713867
LTE,Late-demographic dividend,2000,1663.8119674184,3.85399007797241
LTE,Late-demographic dividend,2001,1707.40075476962,3.89494001865387
LTE,Late-demographic dividend,2002,1796.71614478082,4.09362506866455
LTE,Late-demographic dividend,2003,2034.47663911686,4.20755505561828
LTE,Late-demographic dividend,2004,2430.62411999598,4.07934999465942
LTE,Late-demographic dividend,2005,2915.18450419842,3.93859004974365
LTE,Late-demographic dividend,2006,3495.97921068052,3.89148998260498
LTE,Late-demographic dividend,2007,4377.57264975642,4.29118990898133
LTE,Late-demographic dividend,2008,5408.66089808041,4.3347749710083
LTE,Late-demographic dividend,2009,5194.14028434724,4.7965099811554
LTE,Late-demographic dividend,2010,6192.38920863458,4.90014004707337
LTE,Late-demographic dividend,2011,7502.03059794594,4.60902976989746
LTE,Late-demographic dividend,2012,7978.58535550333,4.60969996452332
LTE,Late-demographic dividend,2013,8548.159628787649,4.87855005264282
LTE,Late-demographic dividend,2014,8818.86979587622,4.89528512954712
LTE,Late-demographic dividend,2015,8218.384972349661,4.70590019226074
LTE,Late-demographic dividend,2016,8187.21315976328,4.63922023773193
LTE,Late-demographic dividend,2017,9031.340768890999,4.53551006317139
LTE,Late-demographic dividend,2018,9840.781997706081,
LTE,Late-demographic dividend,2019,10000.4820064391,
LTU,Lithuania,1995,2168.79609901209,4.76492023468018
LTU,Lithuania,1996,2328.15380783134,4.84371995925903
LTU,Lithuania,1997,2830.73753338088,5.44955015182495
LTU,Lithuania,1998,3166.89564814117,6.1160101890564
LTU,Lithuania,1999,3113.54642795619,
LTU,Lithuania,2000,3297.35470084107,
LTU,Lithuania,2001,3530.14733731891,5.84038019180298
LTU,Lithuania,2002,4146.98792783931,5.79253005981445
LTU,Lithuania,2003,5505.5356688311,5.10851001739502
LTU,Lithuania,2004,6706.96699843928,5.16915988922119
LTU,Lithuania,2005,7863.16200865166,4.87318992614746
LTU,Lithuania,2006,9240.64254797441,4.82054996490479
LTU,Lithuania,2007,12297.9153480396,4.5905499458313
LTU,Lithuania,2008,14961.5681759187,4.83453989028931
LTU,Lithuania,2009,11837.3910271086,5.57741022109985
LTU,Lithuania,2010,11957.0842136065,5.31273984909058
LTU,Lithuania,2011,14354.1883792953,5.1270899772644
LTU,Lithuania,2012,14339.2878672896,4.76922988891602
LTU,Lithuania,2013,15702.143059565,4.60949993133545
LTU,Lithuania,2014,16548.4064052386,4.49105978012085
LTU,Lithuania,2015,14249.1149666026,4.22988986968994
LTU,Lithuania,2016,14999.4796391329,4.00394010543823
LTU,Lithuania,2017,16882.6394711995,3.81282997131348
LTU,Lithuania,2018,19080.6173717553,
LTU,Lithuania,2019,19455.4541266341,
LUX,Luxembourg,1960,2242.0158166161,
LUX,Luxembourg,1961,2222.36636636277,
LUX,Luxembourg,1962,2311.79884893619,
LUX,Luxembourg,1963,2441.03855530008,
LUX,Luxembourg,1964,2755.63311653279,
LUX,Luxembourg,1965,2780.09271886584,
LUX,Luxembourg,1966,2900.43321843978,
LUX,Luxembourg,1967,2909.66062936858,
LUX,Luxembourg,1968,3175.36736882691,
LUX,Luxembourg,1969,3658.90068296888,
LUX,Luxembourg,1970,4449.54038678192,2.22194004058838
LUX,Luxembourg,1971,4591.74750313366,2.7578399181366
LUX,Luxembourg,1972,5680.12989532948,2.64748001098633
LUX,Luxembourg,1973,7709.72938687607,2.71658992767334
LUX,Luxembourg,1974,9282.808108873431,
LUX,Luxembourg,1975,9008.02789044613,3.30646991729736
LUX,Luxembourg,1976,9825.23826640452,3.49154996871948
LUX,Luxembourg,1977,10855.9818571963,3.56803011894226
LUX,Luxembourg,1978,13493.8525825209,4.19157981872559
LUX,Luxembourg,1979,15740.2874970898,4.25287008285522
LUX,Luxembourg,1980,17113.842251689,4.39701986312866
LUX,Luxembourg,1981,14324.8919710957,4.52835988998413
LUX,Luxembourg,1982,13034.8116600784,5.09598016738892
LUX,Luxembourg,1983,12810.2188335898,3.20664000511169
LUX,Luxembourg,1984,12554.4171841488,
LUX,Luxembourg,1985,12921.9584210817,
LUX,Luxembourg,1986,18789.6570759228,3.66076993942261
LUX,Luxembourg,1987,23234.566578981,3.94400000572205
LUX,Luxembourg,1988,26108.3439636069,3.87762999534607
LUX,Luxembourg,1989,27556.3635885832,3.74053001403809
LUX,Luxembourg,1990,34645.1432443401,
LUX,Luxembourg,1991,37007.4387468692,
LUX,Luxembourg,1992,40965.7443180141,
LUX,Luxembourg,1993,41479.0872043957,
LUX,Luxembourg,1994,45481.8922019757,
LUX,Luxembourg,1995,52831.2523660674,3.53449010848999
LUX,Luxembourg,1996,52571.9349918208,3.33611011505127
LUX,Luxembourg,1997,47042.3471077882,
LUX,Luxembourg,1998,47584.4643916109,
LUX,Luxembourg,1999,51654.4027951819,
LUX,Luxembourg,2000,48735.995492187,
LUX,Luxembourg,2001,48179.4208526047,3.55579996109009
LUX,Luxembourg,2002,52930.6411522641,
LUX,Luxembourg,2003,65445.8850307407,
LUX,Luxembourg,2004,75716.3510789884,
LUX,Luxembourg,2005,80289.69640995401,
LUX,Luxembourg,2006,89739.71169613011,
LUX,Luxembourg,2007,106018.492790674,
LUX,Luxembourg,2008,114293.84332087,
LUX,Luxembourg,2009,103198.669312625,
LUX,Luxembourg,2010,104965.306078267,
LUX,Luxembourg,2011,115761.507705096,
LUX,Luxembourg,2012,106749.013622989,4.09041023254395
LUX,Luxembourg,2013,113625.13289956,
LUX,Luxembourg,2014,118823.648368575,4.00789022445679
LUX,Luxembourg,2015,101376.496574339,3.91820001602173
LUX,Luxembourg,2016,104278.390971905,
LUX,Luxembourg,2017,107627.151006695,3.56959009170532
LUX,Luxembourg,2018,116654.26106674,
LUX,Luxembourg,2019,114704.594170863,
LVA,Latvia,1995,2322.08701045115,
LVA,Latvia,1996,2422.25057472853,5.27811002731323
LVA,Latvia,1997,2675.24482765197,5.52927017211914
LVA,Latvia,1998,2965.07300683304,5.82429981231689
LVA,Latvia,1999,3144.99112702702,5.55098009109497
LVA,Latvia,2000,3351.23070568401,5.29064989089966
LVA,Latvia,2001,3566.17111854204,5.46503019332886
LVA,Latvia,2002,4125.21003421908,5.61846017837524
LVA,Latvia,2003,5127.59357483893,5.07451009750366
LVA,Latvia,2004,6343.14352575203,4.86113023757935
LVA,Latvia,2005,7552.87389420335,
LVA,Latvia,2006,9663.37345136659,4.71378993988037
LVA,Latvia,2007,14042.4624200212,4.65674018859863
LVA,Latvia,2008,16376.9983633933,5.39598989486694
LVA,Latvia,2009,12257.2165683051,5.55632019042969
LVA,Latvia,2010,11348.4062304673,5.07271003723145
LVA,Latvia,2011,13832.3911780536,4.93298006057739
LVA,Latvia,2012,13850.6428153434,6.58249998092651
LVA,Latvia,2013,15041.1744584981,6.98040008544922
LVA,Latvia,2014,15740.3267490719,5.27489995956421
LVA,Latvia,2015,13698.9379476476,5.31412982940674
LVA,Latvia,2016,14153.4149226916,4.71298980712891
LVA,Latvia,2017,15586.58189392,4.39711999893188
LVA,Latvia,2018,17805.2803143817,
LVA,Latvia,2019,17836.3648865958,
MAC,"Macao SAR, China",1982,4500.97998075868,
MAC,"Macao SAR, China",1983,4298.01963938788,
MAC,"Macao SAR, China",1984,4752.46822086973,
MAC,"Macao SAR, China",1985,4757.71799275004,
MAC,"Macao SAR, China",1986,5133.76974056456,
MAC,"Macao SAR, China",1987,6299.06863670173,
MAC,"Macao SAR, China",1988,7074.26634810489,
MAC,"Macao SAR, China",1989,8063.07626343327,
MAC,"Macao SAR, China",1990,9368.36863824419,
MAC,"Macao SAR, China",1991,10562.3381041305,
MAC,"Macao SAR, China",1992,13466.3827537919,
MAC,"Macao SAR, China",1993,15195.971383801,
MAC,"Macao SAR, China",1994,16585.1705199632,
MAC,"Macao SAR, China",1995,18147.3362428736,
MAC,"Macao SAR, China",1996,18106.3257178294,
MAC,"Macao SAR, China",1997,17967.4320297601,
MAC,"Macao SAR, China",1998,16460.2146236333,3.37756991386414
MAC,"Macao SAR, China",1999,15513.4690077038,3.36597990989685
MAC,"Macao SAR, China",2000,15710.0869270706,3.34086990356445
MAC,"Macao SAR, China",2001,15552.9503784141,2.73401999473572
MAC,"Macao SAR, China",2002,16315.3636307149,2.86199998855591
MAC,"Macao SAR, China",2003,17808.9015073297,2.79764008522034
MAC,"Macao SAR, China",2004,22446.33636543,2.24564003944397
MAC,"Macao SAR, China",2005,25043.0189453563,2.29064989089966
MAC,"Macao SAR, China",2006,29950.7731064328,2.20638990402222
MAC,"Macao SAR, China",2007,36352.9184556869,2.05451989173889
MAC,"Macao SAR, China",2008,40597.5574823323,2.20792007446289
MAC,"Macao SAR, China",2009,40796.9618339517,2.54646992683411
MAC,"Macao SAR, China",2010,52253.1553117325,2.62949991226196
MAC,"Macao SAR, China",2011,66644.3853449773,2.68518996238709
MAC,"Macao SAR, China",2012,76291.84749002309,3.33735990524292
MAC,"Macao SAR, China",2013,89287.4540184115,2.04986000061035
MAC,"Macao SAR, China",2014,93777.1067959425,2.03205990791321
MAC,"Macao SAR, China",2015,75340.9869811152,2.98169994354248
MAC,"Macao SAR, China",2016,74061.0860345658,3.07790994644165
MAC,"Macao SAR, China",2017,81516.67492480751,2.68988990783691
MAC,"Macao SAR, China",2018,87208.535912643,2.7386999130249
MAC,"Macao SAR, China",2019,84096.3963112065,
MAR,Morocco,1960,164.800779039246,
MAR,Morocco,1961,158.923667416326,
MAR,Morocco,1962,181.182737425783,
MAR,Morocco,1963,196.531336015723,
MAR,Morocco,1964,201.262026430705,
MAR,Morocco,1965,206.448974622808,
MAR,Morocco,1966,196.314518470526,
MAR,Morocco,1967,202.857271678879,
MAR,Morocco,1968,212.750814102333,
MAR,Morocco,1969,232.125972305859,
MAR,Morocco,1970,246.015769324322,
MAR,Morocco,1971,265.20768039345,
MAR,Morocco,1972,302.564328001639,
MAR,Morocco,1973,364.636149305393,4.67168998718262
MAR,Morocco,1974,439.012308936237,4.27548980712891
MAR,Morocco,1975,502.756692815935,5.21270990371704
MAR,Morocco,1976,524.178550341969,6.0271201133728
MAR,Morocco,1977,590.231935670041,6.08424997329712
MAR,Morocco,1978,690.170764278157,6.20182991027832
MAR,Morocco,1979,809.627771733757,6.31548023223877
MAR,Morocco,1980,1078.83867764614,5.10485982894897
MAR,Morocco,1981,861.797582641613,5.68926000595093
MAR,Morocco,1982,836.4355766331111,6.12268018722534
MAR,Morocco,1983,750.021676646923,6.17467021942139
MAR,Morocco,1984,668.385242237184,5.19013023376465
MAR,Morocco,1985,660.946706628437,5.10216999053955
MAR,Morocco,1986,840.011360113511,5.25928020477295
MAR,Morocco,1987,920.591567276249,5.16213989257813
MAR,Morocco,1988,1066.33025348391,4.57781982421875
MAR,Morocco,1989,1071.17734317374,4.7573299407959
MAR,Morocco,1990,1206.01183797183,4.51048994064331
MAR,Morocco,1991,1266.84944101357,4.30316019058228
MAR,Morocco,1992,1299.4216785914,
MAR,Morocco,1993,1199.31937659796,4.82496976852417
MAR,Morocco,1994,1326.94130374274,
MAR,Morocco,1995,1432.31015105914,4.73480987548828
MAR,Morocco,1996,1561.12944124979,
MAR,Morocco,1997,1396.76991663924,
MAR,Morocco,1998,1472.3856198282,5.11554002761841
MAR,Morocco,1999,1447.96873930543,5.14016008377075
MAR,Morocco,2000,1334.94305104384,
MAR,Morocco,2001,1339.29357716301,
MAR,Morocco,2002,1416.48815826199,
MAR,Morocco,2003,1725.45803790064,
MAR,Morocco,2004,1952.90183022604,
MAR,Morocco,2005,2018.02574307829,
MAR,Morocco,2006,2196.01218967016,
MAR,Morocco,2007,2499.25993757187,
MAR,Morocco,2008,2890.36008322739,5.34215021133423
MAR,Morocco,2009,2866.92419864666,5.26064014434814
MAR,Morocco,2010,2839.92516805933,
MAR,Morocco,2011,3046.94913644957,
MAR,Morocco,2012,2912.65827494029,
MAR,Morocco,2013,3121.68117550498,
MAR,Morocco,2014,3171.69919227376,
MAR,Morocco,2015,2875.25798516781,
MAR,Morocco,2016,2896.72000268117,
MAR,Morocco,2017,3036.32525487301,
MAR,Morocco,2018,3222.20063433213,
MAR,Morocco,2019,3204.09500313298,
MCO,Monaco,1970,12479.7252607401,
MCO,Monaco,1971,13812.7181806314,
MCO,Monaco,1972,16733.6216056562,
MCO,Monaco,1973,21422.8411604046,
MCO,Monaco,1974,22706.5417420043,
MCO,Monaco,1975,28253.1547831393,
MCO,Monaco,1976,28809.7442381706,
MCO,Monaco,1977,31432.8694404664,
MCO,Monaco,1978,38353.8059335114,
MCO,Monaco,1979,45839.8989718769,
MCO,Monaco,1980,51528.5472297299,
MCO,Monaco,1981,44369.5613546837,
MCO,Monaco,1982,41380.8619024661,
MCO,Monaco,1983,38884.9977227058,
MCO,Monaco,1984,36384.2496054309,
MCO,Monaco,1985,37557.2654176462,
MCO,Monaco,1986,52174.8420590819,
MCO,Monaco,1987,63051.8237539959,
MCO,Monaco,1988,68448.2762695477,.8810300230979921
MCO,Monaco,1989,68592.9654053179,.957520008087158
MCO,Monaco,1990,84289.5595438943,
MCO,Monaco,1991,83738.3545522903,
MCO,Monaco,1992,91647.9826472252,.913600027561188
MCO,Monaco,1993,85399.05868041,
MCO,Monaco,1994,89380.57477531191,
MCO,Monaco,1995,101910.108579759,1.06456995010376
MCO,Monaco,1996,101237.257655624,1.082239985466
MCO,Monaco,1997,90798.6643539378,1.21241998672485
MCO,Monaco,1998,92995.906360419,1.20882999897003
MCO,Monaco,1999,91257.6720156104,1.19527995586395
MCO,Monaco,2000,82367.99127693591,1.25536000728607
MCO,Monaco,2001,83734.779981858,
MCO,Monaco,2002,90501.3418042666,
MCO,Monaco,2003,108627.305660202,
MCO,Monaco,2004,123519.805970149,1.2438600063324
MCO,Monaco,2005,124193.605575991,
MCO,Monaco,2006,134044.701161335,
MCO,Monaco,2007,169961.383945783,
MCO,Monaco,2008,185721.794154104,
MCO,Monaco,2009,154762.199426852,1.35459005832672
MCO,Monaco,2010,150725.194124207,1.31735002994537
MCO,Monaco,2011,169020.88783177,1.58989000320435
MCO,Monaco,2012,157515.899069445,1.78004002571106
MCO,Monaco,2013,177664.115616089,1.33440005779266
MCO,Monaco,2014,189422.21876884,1.02195000648499
MCO,Monaco,2015,166011.50913116,
MCO,Monaco,2016,170028.655717864,1.37092995643616
MCO,Monaco,2017,167517.059727856,1.45792996883392
MCO,Monaco,2018,185829.017960407,
MDA,Moldova,1995,593.766138282668,
MDA,Moldova,1996,575.319575954883,9.896639823913571
MDA,Moldova,1997,657.491190271709,
MDA,Moldova,1998,578.909766272913,
MDA,Moldova,1999,399.620770265718,4.6625599861145
MDA,Moldova,2000,440.672030653269,4.48639011383057
MDA,Moldova,2001,507.557658390849,4.84684991836548
MDA,Moldova,2002,570.9726454327511,5.4979100227356
MDA,Moldova,2003,682.525508823377,5.42489004135132
MDA,Moldova,2004,897.4499588103261,6.77103996276855
MDA,Moldova,2005,1034.70705816743,7.16270017623901
MDA,Moldova,2006,1183.37921117185,7.49899005889893
MDA,Moldova,2007,1531.68547618214,8.293370246887211
MDA,Moldova,2008,2111.20149504197,8.237270355224609
MDA,Moldova,2009,1899.01011658378,9.5097599029541
MDA,Moldova,2010,2437.52997842423,7.5922999382019
MDA,Moldova,2011,2942.25594861529,7.13638019561768
MDA,Moldova,2012,3045.73987422417,6.98338985443115
MDA,Moldova,2013,3322.0384362615,
MDA,Moldova,2014,3328.80144892125,6.26601982116699
MDA,Moldova,2015,2732.45711293733,
MDA,Moldova,2016,2880.43928129296,5.60844993591309
MDA,Moldova,2017,3509.69345025814,5.6184401512146
MDA,Moldova,2018,4233.99955588135,5.43973016738892
MDA,Moldova,2019,4498.52085021233,
MDG,Madagascar,1960,131.99303602155,
MDG,Madagascar,1961,133.847581549068,
MDG,Madagascar,1962,138.119849134424,
MDG,Madagascar,1963,138.407165710075,
MDG,Madagascar,1964,142.659339874214,
MDG,Madagascar,1965,144.484654967511,
MDG,Madagascar,1966,152.107820130995,
MDG,Madagascar,1967,157.476387051335,
MDG,Madagascar,1968,165.478455065697,
MDG,Madagascar,1969,165.011573016693,
MDG,Madagascar,1970,169.070560105029,
MDG,Madagascar,1971,177.498409996047,
MDG,Madagascar,1972,193.128554834597,3.21737003326416
MDG,Madagascar,1973,231.436185504653,2.71114993095398
MDG,Madagascar,1974,261.03534138606,2.67375993728638
MDG,Madagascar,1975,302.149467628563,2.51668000221252
MDG,Madagascar,1976,280.679038857192,3.25500988960266
MDG,Madagascar,1977,294.933988153902,5.05394983291626
MDG,Madagascar,1978,324.384495709068,
MDG,Madagascar,1979,408.937427733313,3.97032999992371
MDG,Madagascar,1980,596.774705437208,3.35711002349854
MDG,Madagascar,1981,530.503951174702,2.87990999221802
MDG,Madagascar,1982,518.1839401388499,2.32178997993469
MDG,Madagascar,1983,493.089063029355,1.98900997638702
MDG,Madagascar,1984,399.34460657736,2.20451998710632
MDG,Madagascar,1985,377.856589078261,2.07146000862122
MDG,Madagascar,1986,420.00960178537,
MDG,Madagascar,1987,301.744439325882,
MDG,Madagascar,1988,291.210914259367,
MDG,Madagascar,1989,281.811581515776,
MDG,Madagascar,1990,338.948121795874,
MDG,Madagascar,1991,272.524690864168,
MDG,Madagascar,1992,301.997035702953,
MDG,Madagascar,1993,320.564217731491,1.7754499912262
MDG,Madagascar,1994,269.560732533358,
MDG,Madagascar,1995,284.822792066456,
MDG,Madagascar,1996,354.741560702408,
MDG,Madagascar,1997,297.115184025681,1.53846001625061
MDG,Madagascar,1998,297.253671772121,1.58879005908966
MDG,Madagascar,1999,279.921341530714,2.40500998497009
MDG,Madagascar,2000,293.607157402594,2.4386899471283
MDG,Madagascar,2001,334.441638283939,2.707200050354
MDG,Madagascar,2002,319.216473953508,2.23179006576538
MDG,Madagascar,2003,368.797194249768,2.61094999313354
MDG,Madagascar,2004,284.48764641853,2.81261992454529
MDG,Madagascar,2005,319.537440228976,3.3096399307251
MDG,Madagascar,2006,338.751126492786,2.83097004890442
MDG,Madagascar,2007,438.655290070345,2.90274000167847
MDG,Madagascar,2008,536.351459479855,2.55433988571167
MDG,Madagascar,2009,467.539754891148,2.82512998580933
MDG,Madagascar,2010,471.959197029823,
MDG,Madagascar,2011,531.265571840383,2.38168001174927
MDG,Madagascar,2012,518.15295430212,2.34067010879517
MDG,Madagascar,2013,541.066199955123,1.77693998813629
MDG,Madagascar,2014,530.861345678745,2.3812301158905
MDG,Madagascar,2015,467.235399432808,2.21011996269226
MDG,Madagascar,2016,475.955417183065,2.68719005584717
MDG,Madagascar,2017,515.29272487784,
MDG,Madagascar,2018,527.501326141803,2.82548999786377
MDG,Madagascar,2019,522.21980923047,
MDV,Maldives,1980,268.294936305477,
MDV,Maldives,1981,273.351016662042,
MDV,Maldives,1982,282.222911808493,
MDV,Maldives,1983,328.123438154164,
MDV,Maldives,1984,598.870911125462,
MDV,Maldives,1985,670.87127883983,
MDV,Maldives,1986,723.0164365451531,
MDV,Maldives,1987,695.810333930411,
MDV,Maldives,1988,803.729906141568,
MDV,Maldives,1989,875.411751097356,
MDV,Maldives,1990,963.841785800205,
MDV,Maldives,1991,1064.05757834755,
MDV,Maldives,1992,1205.65195251928,
MDV,Maldives,1993,1328.60675722168,
MDV,Maldives,1994,1431.62334098536,
MDV,Maldives,1995,1569.96350410706,
MDV,Maldives,1996,1737.70011132066,
MDV,Maldives,1997,1926.2422297395,
MDV,Maldives,1998,2011.86939196912,
MDV,Maldives,1999,2154.22884618657,
MDV,Maldives,2000,2234.57986558466,
MDV,Maldives,2001,3039.33462296316,
MDV,Maldives,2002,3049.19761647393,5.79186010360718
MDV,Maldives,2003,3475.98330493454,5.32406997680664
MDV,Maldives,2004,3941.43113584887,4.66160011291504
MDV,Maldives,2005,3639.9665762434,5.0168399810791
MDV,Maldives,2006,4809.96311494807,4.64523983001709
MDV,Maldives,2007,5574.45187632955,4.41788005828857
MDV,Maldives,2008,6614.15914742089,4.470290184021
MDV,Maldives,2009,6636.41241602952,5.77493000030518
MDV,Maldives,2010,7076.66242320238,4.11746978759766
MDV,Maldives,2011,7291.42764039704,3.50659990310669
MDV,Maldives,2012,7265.61365556669,3.76038002967834
MDV,Maldives,2013,7928.45736514824,3.80012011528015
MDV,Maldives,2014,8499.36576172668,3.47045993804932
MDV,Maldives,2015,9033.390412987201,4.36654996871948
MDV,Maldives,2016,9209.288624771079,4.09970998764038
MDV,Maldives,2017,9540.63434888323,
MDV,Maldives,2018,10330.615614094,
MDV,Maldives,2019,10790.50023682,
MEA,Middle East & North Africa,1968,247.60505483837,
MEA,Middle East & North Africa,1969,267.972730442672,
MEA,Middle East & North Africa,1970,299.875530318982,
MEA,Middle East & North Africa,1971,336.463824205898,
MEA,Middle East & North Africa,1972,400.494677486898,
MEA,Middle East & North Africa,1973,523.55544476636,
MEA,Middle East & North Africa,1974,924.210986693334,
MEA,Middle East & North Africa,1975,981.084741589281,3.93450999259949
MEA,Middle East & North Africa,1976,1184.09533996561,
MEA,Middle East & North Africa,1977,1333.30728674858,4.98291993141174
MEA,Middle East & North Africa,1978,1374.94469750487,
MEA,Middle East & North Africa,1979,1742.09313277418,
MEA,Middle East & North Africa,1980,2174.13554828812,4.84019494056701
MEA,Middle East & North Africa,1981,2175.39485005289,5.27562499046326
MEA,Middle East & North Africa,1982,2108.65123443164,5.60830020904541
MEA,Middle East & North Africa,1983,2074.53730121609,5.33956003189087
MEA,Middle East & North Africa,1984,2035.90433870331,5.72720003128051
MEA,Middle East & North Africa,1985,2003.72322292016,
MEA,Middle East & North Africa,1986,1989.55594216567,5.40083980560303
MEA,Middle East & North Africa,1987,1774.94363959046,
MEA,Middle East & North Africa,1988,1712.20650956066,
MEA,Middle East & North Africa,1989,1714.08184554786,4.31710004806519
MEA,Middle East & North Africa,1990,2166.46520219089,
MEA,Middle East & North Africa,1991,2124.94669969191,
MEA,Middle East & North Africa,1992,2273.05857837536,
MEA,Middle East & North Africa,1993,2234.73652237577,4.56979489326477
MEA,Middle East & North Africa,1994,2277.23013823595,
MEA,Middle East & North Africa,1995,2477.79842633382,
MEA,Middle East & North Africa,1996,2747.97730542131,4.67156982421875
MEA,Middle East & North Africa,1997,2795.65946723704,
MEA,Middle East & North Africa,1998,2665.99903215292,
MEA,Middle East & North Africa,1999,2801.78244058113,
MEA,Middle East & North Africa,2000,3066.34666961378,
MEA,Middle East & North Africa,2001,3020.65228924191,6.20182991027832
MEA,Middle East & North Africa,2002,2953.13479104375,
MEA,Middle East & North Africa,2003,3265.22576688665,
MEA,Middle East & North Africa,2004,3738.42541742162,5.37147998809814
MEA,Middle East & North Africa,2005,4410.60121428951,
MEA,Middle East & North Africa,2006,5056.22760433771,4.28998994827271
MEA,Middle East & North Africa,2007,5868.75601709967,
MEA,Middle East & North Africa,2008,7177.97022412592,4.46613502502442
MEA,Middle East & North Africa,2009,6274.40239926594,
MEA,Middle East & North Africa,2010,7169.34465290674,
MEA,Middle East & North Africa,2011,8324.984473252511,
MEA,Middle East & North Africa,2012,8894.861578727119,
MEA,Middle East & North Africa,2013,8652.3475823771,
MEA,Middle East & North Africa,2014,8537.2588240188,
MEA,Middle East & North Africa,2015,7371.99833537827,
MEA,Middle East & North Africa,2016,7265.22114570915,
MEA,Middle East & North Africa,2017,7411.42312942984,
MEA,Middle East & North Africa,2018,8049.97955098301,
MEA,Middle East & North Africa,2019,8104.50188772468,
MEX,Mexico,1960,345.230559078387,
MEX,Mexico,1961,363.393205614651,
MEX,Mexico,1962,378.153485981788,
MEX,Mexico,1963,409.045609526074,
MEX,Mexico,1964,469.476114923357,
MEX,Mexico,1965,494.970373507499,
MEX,Mexico,1966,534.273737126381,
MEX,Mexico,1967,565.633408898776,
MEX,Mexico,1968,606.211120207949,
MEX,Mexico,1969,650.311714146196,
MEX,Mexico,1970,689.79492874498,
MEX,Mexico,1971,738.55837888546,
MEX,Mexico,1972,826.477365317422,
MEX,Mexico,1973,981.459104784661,
MEX,Mexico,1974,1242.09021425435,
MEX,Mexico,1975,1476.31306849272,
MEX,Mexico,1976,1453.67064806099,
MEX,Mexico,1977,1301.32472595091,
MEX,Mexico,1978,1589.27371416166,
MEX,Mexico,1979,2034.98900720827,
MEX,Mexico,1980,3027.37505014688,
MEX,Mexico,1981,3803.03087071089,
MEX,Mexico,1982,2597.98275663114,
MEX,Mexico,1983,2147.7197653152,
MEX,Mexico,1984,2478.21083598733,
MEX,Mexico,1985,2569.23974731455,
MEX,Mexico,1986,1733.91314982481,
MEX,Mexico,1987,1862.88620439437,
MEX,Mexico,1988,2247.98149701867,
MEX,Mexico,1989,2687.91481236523,2.28201007843018
MEX,Mexico,1990,3112.26870598472,2.32498002052307
MEX,Mexico,1991,3661.94787936145,2.54800009727478
MEX,Mexico,1992,4170.62328677871,3.00501990318298
MEX,Mexico,1993,5650.02628596643,
MEX,Mexico,1994,5854.41785748186,3.64708995819092
MEX,Mexico,1995,3928.22392568469,3.69255995750427
MEX,Mexico,1996,4412.11634488536,
MEX,Mexico,1997,5289.16798819206,
MEX,Mexico,1998,5481.18149744964,3.36528992652893
MEX,Mexico,1999,6157.19247526556,3.53536009788513
MEX,Mexico,2000,7157.81449985734,3.99243998527527
MEX,Mexico,2001,7544.56864813643,4.24104022979736
MEX,Mexico,2002,7593.13779293625,4.45495986938477
MEX,Mexico,2003,7075.36964299974,5.07257986068726
MEX,Mexico,2004,7484.48654193029,4.72670984268188
MEX,Mexico,2005,8277.671251496031,4.84568977355957
MEX,Mexico,2006,9068.294387012351,4.69992017745972
MEX,Mexico,2007,9642.68060504911,4.69050979614258
MEX,Mexico,2008,10016.5713043884,4.82006978988647
MEX,Mexico,2009,8002.97210649807,5.18794012069702
MEX,Mexico,2010,9271.398233246389,5.15922021865845
MEX,Mexico,2011,10203.4208543113,5.10564994812012
MEX,Mexico,2012,10241.7279153745,5.10309982299805
MEX,Mexico,2013,10725.1833166036,4.69605016708374
MEX,Mexico,2014,10922.3760488647,5.2606201171875
MEX,Mexico,2015,9605.95235103139,5.23523998260498
MEX,Mexico,2016,8739.756042809289,4.90949010848999
MEX,Mexico,2017,9278.41816833763,4.52281999588013
MEX,Mexico,2018,9673.443673606191,
MEX,Mexico,2019,9863.0726988757,
MHL,Marshall Islands,1981,972.62722227448,
MHL,Marshall Islands,1982,1047.70763322132,
MHL,Marshall Islands,1983,1196.62357763192,
MHL,Marshall Islands,1984,1234.89345405805,
MHL,Marshall Islands,1985,1144.67951895234,
MHL,Marshall Islands,1986,1392.38019447415,
MHL,Marshall Islands,1987,1493.44367249188,
MHL,Marshall Islands,1988,1603.52063153597,
MHL,Marshall Islands,1989,1588.78219118289,
MHL,Marshall Islands,1990,1660.12988936134,
MHL,Marshall Islands,1991,1704.54921080902,
MHL,Marshall Islands,1992,1849.18265813788,
MHL,Marshall Islands,1993,1995.96636631816,
MHL,Marshall Islands,1994,2152.16568754356,
MHL,Marshall Islands,1995,2382.82101591454,
MHL,Marshall Islands,1996,2193.77436526626,
MHL,Marshall Islands,1997,2194.36273538157,
MHL,Marshall Islands,1998,2229.71244737469,
MHL,Marshall Islands,1999,2267.34426749698,13.7318296432495
MHL,Marshall Islands,2000,2272.72279471164,
MHL,Marshall Islands,2001,2388.54964801058,
MHL,Marshall Islands,2002,2515.52797403093,8.20897960662842
MHL,Marshall Islands,2003,2458.0683178689,11.8198003768921
MHL,Marshall Islands,2004,2456.24495190543,
MHL,Marshall Islands,2005,2568.36114227804,
MHL,Marshall Islands,2006,2608.60544766618,
MHL,Marshall Islands,2007,2745.438975219,
MHL,Marshall Islands,2008,2726.09748282123,
MHL,Marshall Islands,2009,2698.17955555556,
MHL,Marshall Islands,2010,2876.994996984,
MHL,Marshall Islands,2011,3083.83187985353,
MHL,Marshall Islands,2012,3224.33838179029,
MHL,Marshall Islands,2013,3296.69816291405,
MHL,Marshall Islands,2014,3230.02326028787,
MHL,Marshall Islands,2015,3213.83728825363,
MHL,Marshall Islands,2016,3473.77500649519,
MHL,Marshall Islands,2017,3666.69537359193,
MHL,Marshall Islands,2018,3788.16359372058,
MIC,Middle income,1960,148.041026984463,
MIC,Middle income,1961,140.601477355874,
MIC,Middle income,1962,143.911184795293,
MIC,Middle income,1963,150.171855251793,
MIC,Middle income,1964,165.845597092346,
MIC,Middle income,1965,178.013773919374,
MIC,Middle income,1966,179.555725766656,
MIC,Middle income,1967,180.576348037661,
MIC,Middle income,1968,186.492487920754,
MIC,Middle income,1969,203.264984612783,
MIC,Middle income,1970,218.205003161501,
MIC,Middle income,1971,229.501758775617,
MIC,Middle income,1972,251.001483280947,
MIC,Middle income,1973,310.981605535289,
MIC,Middle income,1974,389.218997530439,
MIC,Middle income,1975,420.344799272291,
MIC,Middle income,1976,445.931330047546,
MIC,Middle income,1977,491.16027972534,
MIC,Middle income,1978,522.077065902918,
MIC,Middle income,1979,611.110945808584,
MIC,Middle income,1980,706.355280258466,
MIC,Middle income,1981,783.2026190867,
MIC,Middle income,1982,757.988004915661,
MIC,Middle income,1983,718.811039431267,
MIC,Middle income,1984,713.035761825215,
MIC,Middle income,1985,736.613891586392,
MIC,Middle income,1986,746.225061229693,
MIC,Middle income,1987,747.9782326139961,
MIC,Middle income,1988,790.9109301093901,
MIC,Middle income,1989,801.447528989839,
MIC,Middle income,1990,899.004877800994,
MIC,Middle income,1991,945.11633026025,
MIC,Middle income,1992,922.090218374341,
MIC,Middle income,1993,965.262573297,
MIC,Middle income,1994,1032.43246805589,
MIC,Middle income,1995,1136.9784324511,
MIC,Middle income,1996,1224.01595559468,
MIC,Middle income,1997,1276.87471774701,
MIC,Middle income,1998,1219.82911113921,
MIC,Middle income,1999,1174.56646179574,4.0852198600769
MIC,Middle income,2000,1264.56702620292,3.60743999481202
MIC,Middle income,2001,1263.79271179867,3.70852994918824
MIC,Middle income,2002,1271.40045869593,3.39690506458282
MIC,Middle income,2003,1413.96183409265,3.64597499370575
MIC,Middle income,2004,1657.42594580733,3.48652005195618
MIC,Middle income,2005,1951.82352469519,3.8992999792099
MIC,Middle income,2006,2292.90530223107,3.86626005172729
MIC,Middle income,2007,2803.42717795879,3.65498006343842
MIC,Middle income,2008,3325.11544936731,4.18591022491455
MIC,Middle income,2009,3212.84871631447,4.57174015045166
MIC,Middle income,2010,3866.19384501526,4.52456498146057
MIC,Middle income,2011,4517.71460820642,4.13754987716675
MIC,Middle income,2012,4770.00524510207,4.01585495471954
MIC,Middle income,2013,4991.39048128663,4.12402009963989
MIC,Middle income,2014,5121.33079419836,4.53462481498718
MIC,Middle income,2015,4804.48157801524,
MIC,Middle income,2016,4778.7628225434,4.08115005493164
MIC,Middle income,2017,5193.16390044498,4.39409494400025
MIC,Middle income,2018,5480.3092148448,
MIC,Middle income,2019,5575.44091508914,
MKD,North Macedonia,1990,2354.26346244494,
MKD,North Macedonia,1991,2477.68552392165,
MKD,North Macedonia,1992,1225.37314943187,4.73344993591309
MKD,North Macedonia,1993,1352.02572572147,4.63056993484497
MKD,North Macedonia,1994,1794.70989656028,4.52628993988037
MKD,North Macedonia,1995,2359.80033811007,4.27123022079468
MKD,North Macedonia,1996,2338.06831062022,4.30311012268066
MKD,North Macedonia,1997,1964.88289326878,
MKD,North Macedonia,1998,1866.85008983781,
MKD,North Macedonia,1999,1908.59260079329,
MKD,North Macedonia,2000,1854.14595610107,
MKD,North Macedonia,2001,1815.92009071121,
MKD,North Macedonia,2002,1961.20373553606,3.30014991760254
MKD,North Macedonia,2003,2408.80011005532,
MKD,North Macedonia,2004,2762.56035837584,
MKD,North Macedonia,2005,3037.75311030445,
MKD,North Macedonia,2006,3325.6358088571,
MKD,North Macedonia,2007,4036.20276983476,
MKD,North Macedonia,2008,4793.44366858209,
MKD,North Macedonia,2009,4544.00883488258,
MKD,North Macedonia,2010,4542.89971678317,
MKD,North Macedonia,2011,5063.78698606358,
MKD,North Macedonia,2012,4698.14129350594,
MKD,North Macedonia,2013,5210.67583028154,
MKD,North Macedonia,2014,5468.48086914212,
MKD,North Macedonia,2015,4840.27312286783,
MKD,North Macedonia,2016,5129.15896023703,
MKD,North Macedonia,2017,5430.87421029797,
MKD,North Macedonia,2018,6062.94260420864,
MKD,North Macedonia,2019,6093.14769049676,
MLI,Mali,1967,48.2798654834855,
MLI,Mali,1968,59.4675275565151,
MLI,Mali,1969,57.9918001150996,
MLI,Mali,1970,60.4756500013374,
MLI,Mali,1971,71.1547032389973,
MLI,Mali,1972,79.1574879222282,
MLI,Mali,1973,90.1001936661963,
MLI,Mali,1974,84.5976489245494,
MLI,Mali,1975,128.151031964373,
MLI,Mali,1976,142.37785666833,
MLI,Mali,1977,156.405949369652,
MLI,Mali,1978,178.990944499952,3.55959010124207
MLI,Mali,1979,229.346044930496,
MLI,Mali,1980,248.188933681431,3.47065997123718
MLI,Mali,1981,212.720113068273,3.44794011116028
MLI,Mali,1982,180.513461186088,3.27885007858276
MLI,Mali,1983,171.999588677702,
MLI,Mali,1984,160.228101522016,
MLI,Mali,1985,177.759916329217,
MLI,Mali,1986,232.892608455775,2.43536996841431
MLI,Mali,1987,259.311949059696,
MLI,Mali,1988,265.439013877581,
MLI,Mali,1989,262.967850392529,
MLI,Mali,1990,317.389306906928,
MLI,Mali,1991,315.456317277403,
MLI,Mali,1992,319.838029708742,
MLI,Mali,1993,310.138251539989,
MLI,Mali,1994,223.018023022011,
MLI,Mali,1995,282.341255036895,
MLI,Mali,1996,282.633000795618,
MLI,Mali,1997,267.18915875462,
MLI,Mali,1998,281.872630907954,2.64959001541138
MLI,Mali,1999,323.168638837574,2.23183989524841
MLI,Mali,2000,269.871137691703,2.97156000137329
MLI,Mali,2001,307.436920532829,2.65844988822937
MLI,Mali,2002,334.836520639048,2.8962299823761
MLI,Mali,2003,392.524758957184,3.80559992790222
MLI,Mali,2004,440.168441800791,3.85922002792358
MLI,Mali,2005,489.021068995931,3.52218008041382
MLI,Mali,2006,523.038603102408,
MLI,Mali,2007,596.690188823963,
MLI,Mali,2008,694.277650085098,3.403559923172
MLI,Mali,2009,698.898921861432,3.86904001235962
MLI,Mali,2010,710.274202175837,3.34388995170593
MLI,Mali,2011,837.603440597371,3.75423002243042
MLI,Mali,2012,778.619285773713,3.47949004173279
MLI,Mali,2013,805.032838043922,3.28465008735657
MLI,Mali,2014,848.302757966684,3.6480700969696
MLI,Mali,2015,751.478668644525,3.80150008201599
MLI,Mali,2016,780.387870004561,3.09609007835388
MLI,Mali,2017,830.557408816505,3.78730988502502
MLI,Mali,2018,900.110164506815,
MLI,Mali,2019,890.737285506382,
MLT,Malta,1970,828.421680335959,
MLT,Malta,1971,874.066335595898,6.15196990966797
MLT,Malta,1972,975.758800875955,5.54999017715454
MLT,Malta,1973,1143.62020309528,5.269700050354
MLT,Malta,1974,1245.36122490143,4.4931001663208
MLT,Malta,1975,1560.11215357522,4.42221021652222
MLT,Malta,1976,1726.55944845303,3.83189010620117
MLT,Malta,1977,2037.89733697812,3.89760994911194
MLT,Malta,1978,2558.74025532938,3.34882998466492
MLT,Malta,1979,3195.55258574769,3.15364003181458
MLT,Malta,1980,3948.40312614976,
MLT,Malta,1981,3898.24303743905,2.86532998085022
MLT,Malta,1982,3788.05063240646,2.85407996177673
MLT,Malta,1983,3527.04000013994,3.31469011306763
MLT,Malta,1984,3332.88535682256,3.07872009277344
MLT,Malta,1985,3322.4212829917,3.24833989143372
MLT,Malta,1986,4194.65393924832,3.10572004318237
MLT,Malta,1987,5083.6691392063,3.16531991958618
MLT,Malta,1988,5814.36477130523,3.33823990821838
MLT,Malta,1989,6040.60986225945,3.58874011039734
MLT,Malta,1990,7191.92360259617,3.83141994476318
MLT,Malta,1991,7558.27738257485,3.92030000686646
MLT,Malta,1992,8220.245517679399,4.31409978866577
MLT,Malta,1993,7296.31014355389,
MLT,Malta,1994,8000.51800452232,
MLT,Malta,1995,9114.358065213421,
MLT,Malta,1996,9397.80091834724,
MLT,Malta,1997,9679.882856977751,
MLT,Malta,1998,10183.6759897077,4.27743005752563
MLT,Malta,1999,10648.9888960115,
MLT,Malta,2000,10391.004315879,
MLT,Malta,2001,10346.5533651527,
MLT,Malta,2002,11281.1403073267,4.14625978469849
MLT,Malta,2003,13587.8092698066,
MLT,Malta,2004,15063.2051795658,4.47433996200562
MLT,Malta,2005,15857.6031575306,
MLT,Malta,2006,16671.5671992638,
MLT,Malta,2007,19375.569601363,5.98134994506836
MLT,Malta,2008,21928.7006740562,5.57061004638672
MLT,Malta,2009,20675.5825862064,5.17037010192871
MLT,Malta,2010,21107.3644349639,6.45488977432251
MLT,Malta,2011,22858.5860907173,7.79612016677856
MLT,Malta,2012,21916.4115923962,6.52242994308472
MLT,Malta,2013,23837.279991256,7.87614011764526
MLT,Malta,2014,26008.8277215807,7.20494985580444
MLT,Malta,2015,24002.5232912389,5.21635007858276
MLT,Malta,2016,25133.0456471795,5.2075400352478
MLT,Malta,2017,27239.0701049375,4.82437992095947
MLT,Malta,2018,30133.4661748731,
MLT,Malta,2019,29416.2306070084,
MMR,Myanmar,1972,,2.86509990692139
MMR,Myanmar,1973,,3.27380990982056
MMR,Myanmar,1975,,1.98739004135132
MMR,Myanmar,1976,,1.72618997097015
MMR,Myanmar,1977,,1.63782000541687
MMR,Myanmar,1978,,1.64365994930267
MMR,Myanmar,1995,,1.20247995853424
MMR,Myanmar,2000,190.606231910312,
MMR,Myanmar,2001,137.16832669199,
MMR,Myanmar,2002,142.082265230195,
MMR,Myanmar,2003,217.390418948114,
MMR,Myanmar,2004,217.594282612061,
MMR,Myanmar,2005,244.88234994012,
MMR,Myanmar,2006,294.163181308112,
MMR,Myanmar,2007,406.728689152252,
MMR,Myanmar,2008,638.149059869843,
MMR,Myanmar,2009,734.44600674882,
MMR,Myanmar,2010,979.051630004942,
MMR,Myanmar,2011,1176.24245336109,.787440001964569
MMR,Myanmar,2012,1165.79432896131,
MMR,Myanmar,2013,1162.33144011893,
MMR,Myanmar,2014,1251.82076450814,
MMR,Myanmar,2015,1287.43048657119,
MMR,Myanmar,2016,1266.54633814868,
MMR,Myanmar,2017,1291.54241301307,2.08768010139465
MMR,Myanmar,2018,1418.17762347196,1.92288994789124
MMR,Myanmar,2019,1407.81314341043,1.93208003044128
MNA,Middle East & North Africa (excluding high income),1977,,4.98291993141174
MNA,Middle East & North Africa (excluding high income),1980,,4.84019494056701
MNA,Middle East & North Africa (excluding high income),1982,,5.7051751613617
MNA,Middle East & North Africa (excluding high income),1989,,4.31710004806519
MNA,Middle East & North Africa (excluding high income),1993,1199.77364577672,
MNA,Middle East & North Africa (excluding high income),1994,1201.56425476381,
MNA,Middle East & North Africa (excluding high income),1995,1341.42610587614,
MNA,Middle East & North Africa (excluding high income),1996,1524.25417533854,4.18530988693237
MNA,Middle East & North Africa (excluding high income),1997,1535.57289765764,
MNA,Middle East & North Africa (excluding high income),1998,1530.05783982383,
MNA,Middle East & North Africa (excluding high income),1999,1589.19897447503,
MNA,Middle East & North Africa (excluding high income),2000,1617.71192178714,
MNA,Middle East & North Africa (excluding high income),2001,1644.6504157513,
MNA,Middle East & North Africa (excluding high income),2002,1568.85824161198,
MNA,Middle East & North Africa (excluding high income),2003,1739.2078306008,
MNA,Middle East & North Africa (excluding high income),2004,1980.9393566286,
MNA,Middle East & North Africa (excluding high income),2005,2293.03278719557,
MNA,Middle East & North Africa (excluding high income),2006,2617.81522966323,
MNA,Middle East & North Africa (excluding high income),2007,3179.4149908328,
MNA,Middle East & North Africa (excluding high income),2008,3867.51143104837,4.46613502502442
MNA,Middle East & North Africa (excluding high income),2009,3666.59789813565,
MNA,Middle East & North Africa (excluding high income),2010,4157.89881384807,
MNA,Middle East & North Africa (excluding high income),2011,4621.78958804168,
MNA,Middle East & North Africa (excluding high income),2012,5011.26830580966,
MNA,Middle East & North Africa (excluding high income),2013,4605.55067242475,
MNA,Middle East & North Africa (excluding high income),2014,4466.55648527284,
MNA,Middle East & North Africa (excluding high income),2015,3944.3492513893,
MNA,Middle East & North Africa (excluding high income),2016,3928.79258761764,
MNA,Middle East & North Africa (excluding high income),2017,3793.93201839617,
MNE,Montenegro,2000,1627.07263304394,
MNE,Montenegro,2001,1909.59870186179,
MNE,Montenegro,2002,2106.6350684523,
MNE,Montenegro,2003,2789.15906483509,
MNE,Montenegro,2004,3380.16512135859,
MNE,Montenegro,2005,3674.6179242797,
MNE,Montenegro,2006,4425.67887307803,
MNE,Montenegro,2007,5976.39414454596,
MNE,Montenegro,2008,7367.75190910882,
MNE,Montenegro,2009,6727.10776676969,
MNE,Montenegro,2010,6682.28115774575,
MNE,Montenegro,2011,7318.74469026724,
MNE,Montenegro,2012,6586.7212793222,
MNE,Montenegro,2013,7189.29328653737,
MNE,Montenegro,2014,7388.14779373126,
MNE,Montenegro,2015,6517.16375162528,
MNE,Montenegro,2016,7033.60489868635,
MNE,Montenegro,2017,7803.41113682269,
MNE,Montenegro,2018,8850.09273291116,
MNE,Montenegro,2019,8832.03683598629,
MNG,Mongolia,1981,1332.64056303091,
MNG,Mongolia,1982,1435.7670965977,
MNG,Mongolia,1983,1495.01574872825,
MNG,Mongolia,1984,1121.66416366931,
MNG,Mongolia,1985,1137.69035387727,
MNG,Mongolia,1986,1465.44766087641,
MNG,Mongolia,1987,1485.53889553366,
MNG,Mongolia,1988,1533.44430540369,
MNG,Mongolia,1989,1670.69052891368,
MNG,Mongolia,1990,1172.4430658221,
MNG,Mongolia,1991,1072.63631881436,
MNG,Mongolia,1992,587.303231720938,
MNG,Mongolia,1993,339.522087073079,
MNG,Mongolia,1994,405.974837837789,
MNG,Mongolia,1995,631.920090007225,
MNG,Mongolia,1996,580.910844127533,
MNG,Mongolia,1997,505.594473873314,3.948970079422
MNG,Mongolia,1998,477.334734061521,5.49302005767822
MNG,Mongolia,1999,444.995145107339,5.14565992355347
MNG,Mongolia,2000,474.216896516578,5.55037021636963
MNG,Mongolia,2001,524.055307892296,
MNG,Mongolia,2002,571.5926395287649,7.21078014373779
MNG,Mongolia,2003,646.193256289382,
MNG,Mongolia,2004,797.978685268444,4.32572984695435
MNG,Mongolia,2005,998.8313648108279,
MNG,Mongolia,2006,1334.21168135831,
MNG,Mongolia,2007,1632.72695225898,4.69013023376465
MNG,Mongolia,2008,2136.56321364601,
MNG,Mongolia,2009,1714.36054504148,5.14484977722168
MNG,Mongolia,2010,2643.29291416763,4.64510011672974
MNG,Mongolia,2011,3757.5586328813,4.60902976989746
MNG,Mongolia,2012,4351.8869200565,5.19520998001099
MNG,Mongolia,2013,4366.07590145025,4.94077014923096
MNG,Mongolia,2014,4158.52571473091,4.71484994888306
MNG,Mongolia,2015,3918.57917389554,4.17699003219604
MNG,Mongolia,2016,3660.15074616061,5.18061017990112
MNG,Mongolia,2017,3669.4175403988,4.08859014511108
MNG,Mongolia,2018,4134.98719823511,
MNG,Mongolia,2019,4295.23502487944,
MNP,Northern Mariana Islands,2002,21978.7743923314,
MNP,Northern Mariana Islands,2003,21381.6073308368,
MNP,Northern Mariana Islands,2004,21136.8479893792,
MNP,Northern Mariana Islands,2005,18764.8119981607,
MNP,Northern Mariana Islands,2006,17715.9013635876,
MNP,Northern Mariana Islands,2007,16986.9066806715,
MNP,Northern Mariana Islands,2008,17189.9313501144,
MNP,Northern Mariana Islands,2009,14669.7913014596,
MNP,Northern Mariana Islands,2010,14804.2467250931,
MNP,Northern Mariana Islands,2011,13571.0582833444,
MNP,Northern Mariana Islands,2012,13827.7696967465,
MNP,Northern Mariana Islands,2013,14274.2406542056,
MNP,Northern Mariana Islands,2014,15278.9078745141,
MNP,Northern Mariana Islands,2015,16690.5700968089,
MNP,Northern Mariana Islands,2016,22246.7430768136,
MNP,Northern Mariana Islands,2017,28305.222587603,
MNP,Northern Mariana Islands,2018,23258.6758552794,
MOZ,Mozambique,1991,277.934279761303,
MOZ,Mozambique,1992,191.582153407028,
MOZ,Mozambique,1993,190.552060981428,
MOZ,Mozambique,1994,186.848530380513,
MOZ,Mozambique,1995,187.357741017855,
MOZ,Mozambique,1996,260.857254995967,
MOZ,Mozambique,1997,303.511633776139,
MOZ,Mozambique,1998,333.842602685354,1.78144001960754
MOZ,Mozambique,1999,341.480915153908,2.81946992874146
MOZ,Mozambique,2000,313.568034141097,
MOZ,Mozambique,2001,291.46773901755,
MOZ,Mozambique,2002,299.683054089599,
MOZ,Mozambique,2003,323.522588695309,
MOZ,Mozambique,2004,381.156592740039,3.34514999389648
MOZ,Mozambique,2005,415.348291028051,4.01986980438232
MOZ,Mozambique,2006,434.034028823205,3.88306999206543
MOZ,Mozambique,2007,480.933520061827,
MOZ,Mozambique,2008,564.479487690857,
MOZ,Mozambique,2009,519.760404713804,
MOZ,Mozambique,2010,471.181692645893,
MOZ,Mozambique,2011,594.586466669704,
MOZ,Mozambique,2012,657.645337819668,5.67216014862061
MOZ,Mozambique,2013,664.0782118277669,6.1153302192688
MOZ,Mozambique,2014,673.969955508106,
MOZ,Mozambique,2015,589.859028149831,
MOZ,Mozambique,2016,428.926487995524,5.86503982543945
MOZ,Mozambique,2017,461.415094120589,5.50555992126465
MOZ,Mozambique,2018,498.957220208652,5.49984979629517
MOZ,Mozambique,2019,491.804723063735,
MRT,Mauritania,1961,181.837502747991,
MRT,Mauritania,1962,182.182700890959,
MRT,Mauritania,1963,181.092036332536,
MRT,Mauritania,1964,234.632132000008,
MRT,Mauritania,1965,258.989691498516,
MRT,Mauritania,1966,262.310460744234,
MRT,Mauritania,1967,269.840059679418,
MRT,Mauritania,1968,288.441801738717,
MRT,Mauritania,1969,265.165997661493,
MRT,Mauritania,1970,269.803550863248,
MRT,Mauritania,1971,283.977720350818,
MRT,Mauritania,1972,321.714022021075,
MRT,Mauritania,1973,393.282136409504,
MRT,Mauritania,1974,474.519940818428,
MRT,Mauritania,1975,528.618450764264,
MRT,Mauritania,1976,565.5799018735649,
MRT,Mauritania,1977,566.229903901346,
MRT,Mauritania,1978,553.759226755311,
MRT,Mauritania,1979,636.218746478733,
MRT,Mauritania,1980,680.1878758943,
MRT,Mauritania,1981,696.817047652566,
MRT,Mauritania,1982,678.710037545173,
MRT,Mauritania,1983,692.785693995046,
MRT,Mauritania,1984,620.760470650619,
MRT,Mauritania,1985,567.250735278351,
MRT,Mauritania,1986,648.546205480406,
MRT,Mauritania,1987,715.3376626141981,
MRT,Mauritania,1988,732.971231872042,
MRT,Mauritania,1989,731.948005021997,
MRT,Mauritania,1990,740.736535389412,
MRT,Mauritania,1991,1021.92691927828,
MRT,Mauritania,1992,1010.10303067717,
MRT,Mauritania,1993,840.265509769511,
MRT,Mauritania,1994,862.275751981844,
MRT,Mauritania,1995,904.0907235336809,
MRT,Mauritania,1996,898.512783261492,
MRT,Mauritania,1997,851.426927028888,1.58580005168915
MRT,Mauritania,1998,814.170661445182,
MRT,Mauritania,1999,775.271711426511,1.72203004360199
MRT,Mauritania,2000,676.567658401327,
MRT,Mauritania,2001,646.116310979754,2.10683989524841
MRT,Mauritania,2002,639.667122369694,2.27714991569519
MRT,Mauritania,2003,717.90037013724,2.36501002311707
MRT,Mauritania,2004,803.777642111225,1.9507999420166
MRT,Mauritania,2005,970.843644819879,
MRT,Mauritania,2006,1288.14429739368,1.95851004123688
MRT,Mauritania,2007,1351.45684195751,
MRT,Mauritania,2008,1558.88974344874,
MRT,Mauritania,2009,1392.46414374343,
MRT,Mauritania,2010,1610.92390847611,
MRT,Mauritania,2011,1879.77142715638,2.33102011680603
MRT,Mauritania,2012,1815.21942921145,2.15821003913879
MRT,Mauritania,2013,1892.09548717758,2.29354000091553
MRT,Mauritania,2014,1677.10816613189,
MRT,Mauritania,2015,1524.07288252212,
MRT,Mauritania,2016,1536.85414964338,1.94405996799469
MRT,Mauritania,2017,1578.11417355949,
MRT,Mauritania,2018,1600.87646860561,
MRT,Mauritania,2019,1677.91925268633,1.89546000957489
MUS,Mauritius,1976,776.644334137488,
MUS,Mauritius,1977,893.914952381185,4.44089984893799
MUS,Mauritius,1978,1087.69816067884,5.56596994400024
MUS,Mauritius,1979,1275.03582645064,
MUS,Mauritius,1980,1171.57608699789,
MUS,Mauritius,1981,1165.15841972823,5.05397987365723
MUS,Mauritius,1982,1086.53502506849,4.60377979278564
MUS,Mauritius,1983,1088.43640130411,4.45373010635376
MUS,Mauritius,1984,1027.99397497052,4.08681011199951
MUS,Mauritius,1985,1054.47483497012,3.96308994293213
MUS,Mauritius,1986,1422.55655164592,3.48357009887695
MUS,Mauritius,1987,1815.35140483779,3.05735993385315
MUS,Mauritius,1988,2046.04799825634,3.13144993782043
MUS,Mauritius,1989,2075.53816831518,3.51567006111145
MUS,Mauritius,1990,2506.17931226708,3.17034006118774
MUS,Mauritius,1991,2669.32770040611,3.50989007949829
MUS,Mauritius,1992,2973.20697742439,
MUS,Mauritius,1993,2973.79782099643,
MUS,Mauritius,1994,3197.33102367957,
MUS,Mauritius,1995,3599.55520192961,
MUS,Mauritius,1996,3899.43519244996,
MUS,Mauritius,1997,3646.63062599001,
MUS,Mauritius,1998,3593.23408089547,
MUS,Mauritius,1999,3695.93490909434,3.9397599697113
MUS,Mauritius,2000,3929.07549503364,3.76910996437073
MUS,Mauritius,2001,3856.62522686864,3.11486005783081
MUS,Mauritius,2002,4018.94889731864,3.06089997291565
MUS,Mauritius,2003,4793.71817900161,4.41583013534546
MUS,Mauritius,2004,5388.06578367365,4.31306982040405
MUS,Mauritius,2005,5282.90602155635,4.07819986343384
MUS,Mauritius,2006,5695.96932704928,3.69751000404358
MUS,Mauritius,2007,6574.65433811493,3.18540000915527
MUS,Mauritius,2008,8030.06300537304,3.06307005882263
MUS,Mauritius,2009,7318.12640972422,3.04731011390686
MUS,Mauritius,2010,8000.37643182154,3.55147004127502
MUS,Mauritius,2011,9197.02697152061,3.33207011222839
MUS,Mauritius,2012,9291.22761861899,3.41820001602173
MUS,Mauritius,2013,9637.002650009579,3.61578989028931
MUS,Mauritius,2014,10153.9382184867,4.91695022583008
MUS,Mauritius,2015,9260.447302506351,4.88667011260986
MUS,Mauritius,2016,9681.618566896739,5.01359987258911
MUS,Mauritius,2017,10484.9083620411,5.02312994003296
MUS,Mauritius,2018,11208.2273695738,4.83458995819092
MUS,Mauritius,2019,11203.5405848607,4.71934986114502
MWI,Malawi,1960,44.5238943299158,
MWI,Malawi,1961,46.581647315026,
MWI,Malawi,1962,47.6984336130766,
MWI,Malawi,1963,48.5055023341488,
MWI,Malawi,1964,48.2932015129298,
MWI,Malawi,1965,55.498278104464,
MWI,Malawi,1966,61.4076528823282,
MWI,Malawi,1967,62.0199851051839,
MWI,Malawi,1968,54.9163479339372,
MWI,Malawi,1969,58.0094165344442,
MWI,Malawi,1970,61.7655370220921,
MWI,Malawi,1971,75.66372335887679,4.40478992462158
MWI,Malawi,1972,81.8914715275572,3.38339996337891
MWI,Malawi,1973,87.2275751588033,3.33149003982544
MWI,Malawi,1974,104.797204851568,3.08709001541138
MWI,Malawi,1975,113.880036831285,2.70378994941711
MWI,Malawi,1976,120.872668361759,2.42231011390686
MWI,Malawi,1977,141.010400159752,
MWI,Malawi,1978,160.938738945292,
MWI,Malawi,1979,174.186476325163,
MWI,Malawi,1980,198.010933814276,
MWI,Malawi,1981,193.014905524503,
MWI,Malawi,1982,179.729959177697,
MWI,Malawi,1983,181.537642798174,
MWI,Malawi,1984,173.449698658548,
MWI,Malawi,1985,155.655784008284,
MWI,Malawi,1986,154.395311664904,3.19866991043091
MWI,Malawi,1987,145.322799488851,3.52507996559143
MWI,Malawi,1988,159.77466566626,3.17143988609314
MWI,Malawi,1989,175.219323094243,3.17635011672974
MWI,Malawi,1990,199.986342315353,3.27053999900818
MWI,Malawi,1991,229.527538999227,
MWI,Malawi,1992,185.785886618115,
MWI,Malawi,1993,213.240613073483,
MWI,Malawi,1994,121.264127633342,
MWI,Malawi,1995,141.954390617113,4.00885009765625
MWI,Malawi,1996,227.584770203676,5.38125991821289
MWI,Malawi,1997,259.450494129967,
MWI,Malawi,1998,165.895393540989,
MWI,Malawi,1999,163.614246758604,4.99490976333618
MWI,Malawi,2000,156.385718599912,5.24797010421753
MWI,Malawi,2001,150.148955764119,4.50897979736328
MWI,Malawi,2002,298.433384945159,
MWI,Malawi,2003,267.399056501788,3.21566009521484
MWI,Malawi,2004,282.567084599486,
MWI,Malawi,2005,289.555168920514,
MWI,Malawi,2006,308.16347571141,
MWI,Malawi,2007,332.259144361638,
MWI,Malawi,2008,387.605975305468,
MWI,Malawi,2009,438.212042916878,
MWI,Malawi,2010,478.668589704525,3.53979992866516
MWI,Malawi,2011,534.9512647216631,4.1526198387146
MWI,Malawi,2012,391.561832360636,
MWI,Malawi,2013,348.430269640572,5.41617012023926
MWI,Malawi,2014,371.269749625713,4.83983993530273
MWI,Malawi,2015,380.597033140938,5.60866022109985
MWI,Malawi,2016,315.777326372575,4.74856996536255
MWI,Malawi,2017,356.717573153369,4.03133010864258
MWI,Malawi,2018,381.258987601084,4.71483993530273
MWI,Malawi,2019,411.552340423602,
MYS,Malaysia,1960,234.938753415302,
MYS,Malaysia,1961,225.933513017345,
MYS,Malaysia,1962,230.260461298934,
MYS,Malaysia,1963,279.717634033771,
MYS,Malaysia,1964,289.008759338139,
MYS,Malaysia,1965,310.327925803759,
MYS,Malaysia,1966,321.094127654184,
MYS,Malaysia,1967,317.424084086877,
MYS,Malaysia,1968,323.402486662985,
MYS,Malaysia,1969,347.372962504739,
MYS,Malaysia,1970,357.656799363809,
MYS,Malaysia,1971,383.671506396376,4.55094003677368
MYS,Malaysia,1972,445.350157783169,
MYS,Malaysia,1973,661.02269101028,
MYS,Malaysia,1974,799.931844087895,
MYS,Malaysia,1975,764.56650431925,
MYS,Malaysia,1976,886.229972127925,
MYS,Malaysia,1977,1027.29299169321,
MYS,Malaysia,1978,1246.55773885714,
MYS,Malaysia,1979,1576.04927426969,5.08760976791382
MYS,Malaysia,1980,1774.74145448811,5.72619009017944
MYS,Malaysia,1981,1769.09965233453,6.69696998596191
MYS,Malaysia,1982,1852.25699601331,7.03278017044067
MYS,Malaysia,1983,2047.77111698224,
MYS,Malaysia,1984,2234.25749795714,5.66629981994629
MYS,Malaysia,1985,2000.14790090684,6.1111102104187
MYS,Malaysia,1986,1728.68534385348,7.24336004257202
MYS,Malaysia,1987,1947.80871003652,6.32600021362305
MYS,Malaysia,1988,2072.07829480022,
MYS,Malaysia,1989,2216.25044584351,
MYS,Malaysia,1990,2441.74199054895,
MYS,Malaysia,1991,2653.52674224908,
MYS,Malaysia,1992,3113.64633254193,5.11143016815186
MYS,Malaysia,1993,3433.16331604191,4.65463018417358
MYS,Malaysia,1994,3728.11197385963,4.70528984069824
MYS,Malaysia,1995,4329.70736419882,4.3425498008728
MYS,Malaysia,1996,4798.6131398692,4.91384983062744
MYS,Malaysia,1997,4637.86501599615,4.62037992477417
MYS,Malaysia,1998,3263.33385007244,
MYS,Malaysia,1999,3492.66935427227,5.68678998947144
MYS,Malaysia,2000,4043.66205143391,5.9716100692749
MYS,Malaysia,2001,3913.42872623909,7.48446989059448
MYS,Malaysia,2002,4165.72610363859,7.65792989730835
MYS,Malaysia,2003,4461.84768676805,7.50288009643555
MYS,Malaysia,2004,4952.2129750437,5.92389011383057
MYS,Malaysia,2005,5587.02564962339,
MYS,Malaysia,2006,6209.12450825631,4.48576021194458
MYS,Malaysia,2007,7243.45598744703,4.37253999710083
MYS,Malaysia,2008,8474.58682876228,3.95851993560791
MYS,Malaysia,2009,7292.49444727908,5.97418022155762
MYS,Malaysia,2010,9040.56625117172,4.96645021438599
MYS,Malaysia,2011,10399.372753345,5.76293992996216
MYS,Malaysia,2012,10817.4428742856,5.73902988433838
MYS,Malaysia,2013,10970.1232849014,5.48120021820068
MYS,Malaysia,2014,11319.0797572756,5.21263980865479
MYS,Malaysia,2015,9955.24212653611,4.89486980438232
MYS,Malaysia,2016,9817.74086096214,4.75191020965576
MYS,Malaysia,2017,10254.2340242588,4.67756986618042
MYS,Malaysia,2018,11373.2330025676,4.48125982284546
MYS,Malaysia,2019,11414.8376618668,4.16318988800049
NAC,North America,1960,2939.44833510733,
NAC,North America,1961,2991.59289655408,
NAC,North America,1962,3155.09753778967,
NAC,North America,1963,3283.1414530139,
NAC,North America,1964,3480.4269445669,
NAC,North America,1965,3729.96970360699,
NAC,North America,1966,4044.24721525732,
NAC,North America,1967,4231.86735083106,
NAC,North America,1968,4579.98225992378,
NAC,North America,1969,4912.48759451772,
NAC,North America,1970,5129.0918435392,
NAC,North America,1971,5504.81581714288,7.71018981933594
NAC,North America,1972,5997.48563393338,7.61540985107422
NAC,North America,1973,6640.80598952896,7.03749990463257
NAC,North America,1974,7206.8167979759,6.68963003158569
NAC,North America,1975,7773.08468986099,6.4429497718811
NAC,North America,1976,8613.028987146499,6.72099018096924
NAC,North America,1977,9400.46583703437,6.73353004455566
NAC,North America,1978,10424.5290836329,7.09767007827759
NAC,North America,1979,11515.4600331602,6.71474981307983
NAC,North America,1980,12437.7765039589,6.48467016220093
NAC,North America,1981,13816.0833181434,6.43061017990112
NAC,North America,1982,14242.8454584504,6.51913976669312
NAC,North America,1983,15336.6302303339,6.88043022155762
NAC,North America,1984,16803.6898806647,6.64404010772705
NAC,North America,1985,17833.0727412687,6.2128701210022
NAC,North America,1986,18619.663293275,6.04418992996216
NAC,North America,1987,19672.4594369746,6.32446002960205
NAC,North America,1988,21172.7533949837,6.17614984512329
NAC,North America,1989,22644.6565007219,6.09832000732422
NAC,North America,1990,23645.6143148159,5.9919900894165
NAC,North America,1991,24086.2164516831,6.88430023193359
NAC,North America,1992,24967.7063202998,6.77093982696533
NAC,North America,1993,25765.5415535035,7.70425987243652
NAC,North America,1994,26925.4615116209,6.68001985549927
NAC,North America,1995,27891.3874427558,6.32445001602173
NAC,North America,1996,29105.3208625103,
NAC,North America,1997,30510.8918784061,
NAC,North America,1998,31684.7732968703,5.51197004318237
NAC,North America,1999,33311.751183507,5.54994010925293
NAC,North America,2000,35147.8765944311,5.44199991226196
NAC,North America,2001,35822.8036141535,4.96956014633179
NAC,North America,2002,36666.2703231263,5.01072978973389
NAC,North America,2003,38391.0067491875,
NAC,North America,2004,40766.6732461524,
NAC,North America,2005,43349.0055952823,4.78214979171753
NAC,North America,2006,45724.2513613949,
NAC,North America,2007,47646.4388606104,4.78036022186279
NAC,North America,2008,48215.1117887716,4.63825988769531
NAC,North America,2009,46483.0250862199,4.85264015197754
NAC,North America,2010,48374.0945971237,5.36992979049683
NAC,North America,2011,50111.9822964196,5.27443981170654
NAC,North America,2012,51723.2256622493,
NAC,North America,2013,53077.2420776928,4.93104982376099
NAC,North America,2014,54637.8325905317,4.96174001693726
NAC,North America,2015,55502.6914987937,
NAC,North America,2016,56364.855162767,
NAC,North America,2017,58467.9738138988,
NAC,North America,2018,61163.8387741408,
NAC,North America,2019,63181.7957557198,
NAM,Namibia,1980,2289.906634306,
NAM,Namibia,1981,2078.51990669515,
NAM,Namibia,1982,1914.81469053482,
NAM,Namibia,1983,2027.15281687963,
NAM,Namibia,1984,1675.98991848247,
NAM,Namibia,1985,1340.32832839214,
NAM,Namibia,1986,1456.71608455865,
NAM,Namibia,1987,1784.56962120792,
NAM,Namibia,1988,1864.08172752842,
NAM,Namibia,1989,1826.48029337664,
NAM,Namibia,1990,1944.13762113919,
NAM,Namibia,1991,2027.00811337946,
NAM,Namibia,1992,2257.63239347207,
NAM,Namibia,1993,2069.62499572726,
NAM,Namibia,1994,2284.58081071167,
NAM,Namibia,1995,2421.87049032266,
NAM,Namibia,1996,2371.8846686715,
NAM,Namibia,1997,2416.11979021482,
NAM,Namibia,1998,2209.77214682477,
NAM,Namibia,1999,2165.1132250315,7.2175498008728
NAM,Namibia,2000,2136.44024281489,6.99139022827148
NAM,Namibia,2001,1906.29260427331,7.04744005203247
NAM,Namibia,2002,1769.1759103703,6.89919996261597
NAM,Namibia,2003,2560.77403635788,6.27487993240356
NAM,Namibia,2004,3396.91193228709,
NAM,Namibia,2005,3674.00220069668,
NAM,Namibia,2006,3974.52242536964,6.15645980834961
NAM,Namibia,2007,4356.24451175013,
NAM,Namibia,2008,4153.24793794677,6.48398017883301
NAM,Namibia,2009,4265.25874549596,
NAM,Namibia,2010,5318.00693967195,8.34961032867432
NAM,Namibia,2011,5723.32549028316,
NAM,Namibia,2012,5942.27378751117,
NAM,Namibia,2013,5377.72732693011,
NAM,Namibia,2014,5435.17191125163,
NAM,Namibia,2015,4869.37840629792,
NAM,Namibia,2016,4523.09126977999,
NAM,Namibia,2017,5303.30913333229,
NAM,Namibia,2018,5495.42883582824,
NAM,Namibia,2019,4957.4580058497,
NCL,New Caledonia,1965,1763.47506683766,
NCL,New Caledonia,1966,1756.21965306604,
NCL,New Caledonia,1967,1865.66599868404,
NCL,New Caledonia,1968,2165.90114607294,
NCL,New Caledonia,1969,2529.89263977581,
NCL,New Caledonia,1970,3203.71144556442,
NCL,New Caledonia,1971,3446.95279391748,
NCL,New Caledonia,1972,4031.01603874046,
NCL,New Caledonia,1973,4220.19350048583,
NCL,New Caledonia,1974,4865.65037488923,
NCL,New Caledonia,1975,6163.38011948249,
NCL,New Caledonia,1976,5957.54111677189,
NCL,New Caledonia,1977,6158.94673921865,
NCL,New Caledonia,1978,6152.78252887561,
NCL,New Caledonia,1979,7561.19227612515,
NCL,New Caledonia,1980,8443.107051813489,
NCL,New Caledonia,1981,6817.83252877901,
NCL,New Caledonia,1982,6208.78263416107,
NCL,New Caledonia,1983,5540.23497276739,
NCL,New Caledonia,1984,5249.0536002064,
NCL,New Caledonia,1985,5534.631412905,
NCL,New Caledonia,1986,7634.33440023159,
NCL,New Caledonia,1987,9271.7354036501,
NCL,New Caledonia,1988,12665.6632283397,
NCL,New Caledonia,1989,13092.2647265506,
NCL,New Caledonia,1990,14800.0286943521,
NCL,New Caledonia,1991,15133.1622384558,
NCL,New Caledonia,1992,16261.2969282208,
NCL,New Caledonia,1993,16640.8023536798,
NCL,New Caledonia,1994,16037.0252427091,
NCL,New Caledonia,1995,18721.0564384262,
NCL,New Caledonia,1996,18257.2150489301,
NCL,New Caledonia,1997,16341.5873485558,
NCL,New Caledonia,1998,15387.8695836451,
NCL,New Caledonia,1999,14611.8328032133,
NCL,New Caledonia,2000,12579.5951055864,
NER,Niger,1960,132.652162430184,
NER,Niger,1961,139.340163524689,
NER,Niger,1962,148.189159916588,
NER,Niger,1963,158.716279322984,
NER,Niger,1964,153.259676703514,
NER,Niger,1965,172.039722941032,
NER,Niger,1966,174.355172667014,
NER,Niger,1967,160.591675872632,
NER,Niger,1968,150.381141766491,
NER,Niger,1969,142.699119861665,
NER,Niger,1970,144.085125814056,
NER,Niger,1971,149.541912424304,1.0522700548172
NER,Niger,1972,155.776925132447,
NER,Niger,1973,193.055055426061,
NER,Niger,1974,203.566374704038,
NER,Niger,1975,202.25706198205,
NER,Niger,1976,199.531511599238,
NER,Niger,1977,235.188852527906,
NER,Niger,1978,313.899612992673,
NER,Niger,1979,362.495963830921,
NER,Niger,1980,418.854985976553,
NER,Niger,1981,352.205863015919,
NER,Niger,1982,318.058581549039,
NER,Niger,1983,276.183011371366,
NER,Niger,1984,217.469268406639,
NER,Niger,1985,208.297015420394,
NER,Niger,1986,267.471318224127,
NER,Niger,1987,304.683202282421,
NER,Niger,1988,302.096652143388,
NER,Niger,1989,280.141191890691,
NER,Niger,1990,440.577479000427,2.06030011177063
NER,Niger,1991,399.231537255952,2.29205989837646
NER,Niger,1992,398.189412464645,2.22656011581421
NER,Niger,1993,251.151075306942,2.04959988594055
NER,Niger,1994,212.389880552751,2.25468993186951
NER,Niger,1995,243.781423813979,2.31865000724792
NER,Niger,1996,245.980003555917,2.13401007652283
NER,Niger,1997,225.70079844939,
NER,Niger,1998,248.920955377236,
NER,Niger,1999,230.639296900393,2.58483004570007
NER,Niger,2000,197.524462944643,2.56264996528625
NER,Niger,2001,208.067662233051,2.28120994567871
NER,Niger,2002,227.136278746345,2.40162992477417
NER,Niger,2003,267.853288118922,1.93630003929138
NER,Niger,2004,285.095090736751,
NER,Niger,2005,321.089836161904,
NER,Niger,2006,335.341437858856,2.56341004371643
NER,Niger,2007,387.780891114689,3.03008008003235
NER,Niger,2008,473.414671646332,2.74129009246826
NER,Niger,2009,459.424173239709,3.35601997375488
NER,Niger,2010,473.299877491723,2.74470996856689
NER,Niger,2011,508.396568098584,3.10247993469238
NER,Niger,2012,526.3509655599501,3.20938992500305
NER,Niger,2013,548.892954823143,3.71428990364075
NER,Niger,2014,562.121844645643,5.12744998931885
NER,Niger,2015,483.339282202639,4.49467992782593
NER,Niger,2016,494.718713458115,2.99044990539551
NER,Niger,2017,516.888247180949,2.58165001869202
NER,Niger,2018,571.526992228733,3.54720997810364
NER,Niger,2019,554.6009686974249,
NGA,Nigeria,1960,92.9604697208495,
NGA,Nigeria,1961,96.9790447168249,
NGA,Nigeria,1962,104.387019664691,
NGA,Nigeria,1963,107.540568107286,
NGA,Nigeria,1964,113.168721218811,
NGA,Nigeria,1965,117.188632489861,
NGA,Nigeria,1966,124.30778281965,
NGA,Nigeria,1967,99.4060749620914,
NGA,Nigeria,1968,97.2017517761935,
NGA,Nigeria,1969,121.245364104108,
NGA,Nigeria,1970,224.10447665274,
NGA,Nigeria,1971,160.248750121877,
NGA,Nigeria,1972,209.226062612102,
NGA,Nigeria,1973,252.232651989906,
NGA,Nigeria,1974,402.849847004577,3.21017003059387
NGA,Nigeria,1975,438.331239972036,3.0636899471283
NGA,Nigeria,1976,556.702178980809,
NGA,Nigeria,1977,536.216226800066,
NGA,Nigeria,1978,527.311265382092,
NGA,Nigeria,1979,662.264053722371,
NGA,Nigeria,1980,874.40222581475,
NGA,Nigeria,1981,2180.19770752838,
NGA,Nigeria,1982,1843.90918592946,
NGA,Nigeria,1983,1222.62931954147,
NGA,Nigeria,1984,902.21587206704,
NGA,Nigeria,1985,882.519905916247,
NGA,Nigeria,1986,639.013100936552,
NGA,Nigeria,1987,598.264841746595,
NGA,Nigeria,1988,549.237475484711,
NGA,Nigeria,1989,474.232102255345,
NGA,Nigeria,1990,567.528672858345,
NGA,Nigeria,1991,502.914138918939,
NGA,Nigeria,1992,477.177614227591,
NGA,Nigeria,1993,270.223961455164,
NGA,Nigeria,1994,321.320677189217,
NGA,Nigeria,1995,408.181059950305,
NGA,Nigeria,1996,461.519577890223,
NGA,Nigeria,1997,479.983755645423,
NGA,Nigeria,1998,469.430564829332,
NGA,Nigeria,1999,497.841540513505,
NGA,Nigeria,2000,567.930736009565,
NGA,Nigeria,2001,590.381815034907,
NGA,Nigeria,2002,741.747511180463,
NGA,Nigeria,2003,795.3862467429871,
NGA,Nigeria,2004,1007.87432751604,
NGA,Nigeria,2005,1268.38344331693,
NGA,Nigeria,2006,1656.42475868056,
NGA,Nigeria,2007,1883.46131124932,
NGA,Nigeria,2008,2242.87188553694,
NGA,Nigeria,2009,1891.33537046421,
NGA,Nigeria,2010,2292.44515619082,
NGA,Nigeria,2011,2520.40416579378,
NGA,Nigeria,2012,2746.99178858383,
NGA,Nigeria,2013,2998.07284264118,
NGA,Nigeria,2014,3222.69353725587,
NGA,Nigeria,2015,2730.4303237015,
NGA,Nigeria,2016,2175.99967021858,
NGA,Nigeria,2017,1968.55958830544,
NGA,Nigeria,2018,2032.72970882575,
NGA,Nigeria,2019,2229.85869624463,
NIC,Nicaragua,1960,126.248381627432,
NIC,Nicaragua,1961,131.450221517895,
NIC,Nicaragua,1962,140.557420118239,
NIC,Nicaragua,1963,150.504122907552,
NIC,Nicaragua,1964,170.434586152145,
NIC,Nicaragua,1965,273.906438106491,
NIC,Nicaragua,1966,284.55828958675,
NIC,Nicaragua,1967,299.081616018531,
NIC,Nicaragua,1968,307.291756918733,
NIC,Nicaragua,1969,320.429327244699,
NIC,Nicaragua,1970,322.701635549622,2.03858995437622
NIC,Nicaragua,1971,333.114801000173,2.49202990531921
NIC,Nicaragua,1972,344.254204996926,
NIC,Nicaragua,1973,414.435841867526,
NIC,Nicaragua,1974,558.863695960688,
NIC,Nicaragua,1975,566.622568461043,
NIC,Nicaragua,1976,638.303711301624,
NIC,Nicaragua,1977,750.247969619526,
NIC,Nicaragua,1978,695.97851361486,
NIC,Nicaragua,1979,481.75846047925,2.82277989387512
NIC,Nicaragua,1980,670.4439225514579,3.26240992546082
NIC,Nicaragua,1981,728.627411253698,
NIC,Nicaragua,1982,713.481163968881,3.79268002510071
NIC,Nicaragua,1983,772.835231962076,
NIC,Nicaragua,1984,852.467074011411,5.97889995574951
NIC,Nicaragua,1985,718.685382184085,
NIC,Nicaragua,1986,754.803160991333,
NIC,Nicaragua,1987,985.048032859689,5.35174989700317
NIC,Nicaragua,1988,658.461402229056,
NIC,Nicaragua,1989,248.149686013707,
NIC,Nicaragua,1990,241.87647004145,
NIC,Nicaragua,1991,348.864768812434,
NIC,Nicaragua,1992,410.767572640424,2.98497009277344
NIC,Nicaragua,1993,393.603457518518,
NIC,Nicaragua,1994,847.374431849315,
NIC,Nicaragua,1995,890.005449052435,
NIC,Nicaragua,1996,908.632506474851,
NIC,Nicaragua,1997,909.335927059787,
NIC,Nicaragua,1998,943.921895595825,2.22585010528564
NIC,Nicaragua,1999,972.886988419743,2.92365002632141
NIC,Nicaragua,2000,1007.50142861723,3.00160002708435
NIC,Nicaragua,2001,1034.55158791486,
NIC,Nicaragua,2002,1000.93594760549,2.39101004600525
NIC,Nicaragua,2003,1005.73247343454,2.42200994491577
NIC,Nicaragua,2004,1080.2681122223,
NIC,Nicaragua,2005,1162.29011254959,
NIC,Nicaragua,2006,1226.6429742834,
NIC,Nicaragua,2007,1327.95969869275,
NIC,Nicaragua,2008,1499.25867804528,
NIC,Nicaragua,2009,1444.37252717198,
NIC,Nicaragua,2010,1503.87042323136,4.48422002792358
NIC,Nicaragua,2011,1655.80182373144,
NIC,Nicaragua,2012,1760.45438654986,
NIC,Nicaragua,2013,1811.63919333528,
NIC,Nicaragua,2014,1934.06950834664,4.08328008651733
NIC,Nicaragua,2015,2049.84968976149,4.07843017578125
NIC,Nicaragua,2016,2107.56717992428,4.08115005493164
NIC,Nicaragua,2017,2159.16307935984,4.35767984390259
NIC,Nicaragua,2018,2020.54702818624,
NIC,Nicaragua,2019,1912.90374537869,
NLD,Netherlands,1960,1068.78458723735,
NLD,Netherlands,1961,1159.39235716074,
NLD,Netherlands,1962,1240.67789437294,
NLD,Netherlands,1963,1328.03664879968,
NLD,Netherlands,1964,1541.94736519029,
NLD,Netherlands,1965,1708.09635648862,
NLD,Netherlands,1966,1835.80142351034,
NLD,Netherlands,1967,1991.36068565042,
NLD,Netherlands,1968,2185.24865888658,
NLD,Netherlands,1969,2642.95611830093,
NLD,Netherlands,1970,2927.0729581373,6.22114992141724
NLD,Netherlands,1971,3378.61478779405,6.32819986343384
NLD,Netherlands,1972,4104.45102978895,6.31849002838135
NLD,Netherlands,1973,5345.57547310289,5.84294986724854
NLD,Netherlands,1974,6440.97842611463,6.33588981628418
NLD,Netherlands,1975,7335.50898458204,6.37166023254395
NLD,Netherlands,1976,7925.68806831654,6.31229019165039
NLD,Netherlands,1977,9166.808221163859,6.1825098991394
NLD,Netherlands,1978,11179.3895839736,6.18442010879517
NLD,Netherlands,1979,12798.5432066175,6.09033012390137
NLD,Netherlands,1980,13791.8622639458,5.89279985427856
NLD,Netherlands,1981,11520.4478716306,5.74937009811401
NLD,Netherlands,1982,11072.6584776218,5.6950101852417
NLD,Netherlands,1983,10680.3590477666,5.50079011917114
NLD,Netherlands,1984,9977.160212067771,5.09010982513428
NLD,Netherlands,1985,9926.12998430174,5.4728798866272
NLD,Netherlands,1986,13783.8501214809,5.56155014038086
NLD,Netherlands,1987,16709.5596773838,5.89792013168335
NLD,Netherlands,1988,17744.5013769146,5.47145986557007
NLD,Netherlands,1989,17397.6916685628,
NLD,Netherlands,1990,21290.8603827045,5.22878980636597
NLD,Netherlands,1991,21732.2308013,5.16165018081665
NLD,Netherlands,1992,23904.0373902993,
NLD,Netherlands,1993,23122.4107901443,4.75660991668701
NLD,Netherlands,1994,24646.3143017558,4.66324996948242
NLD,Netherlands,1995,29258.1343486211,4.57887983322144
NLD,Netherlands,1996,29006.8094454171,4.49419021606445
NLD,Netherlands,1997,26700.5371335926,
NLD,Netherlands,1998,27885.8083823465,4.54056978225708
NLD,Netherlands,1999,28263.0967106802,4.50699996948242
NLD,Netherlands,2000,26149.41107829,4.58512020111084
NLD,Netherlands,2001,26873.2759335114,4.69964981079102
NLD,Netherlands,2002,29204.0398310254,4.80590009689331
NLD,Netherlands,2003,35672.2065978453,5.0404200553894
NLD,Netherlands,2004,40362.3947822685,5.06297016143799
NLD,Netherlands,2005,41979.0558457881,5.10939979553223
NLD,Netherlands,2006,44863.3506314287,5.04402017593384
NLD,Netherlands,2007,51733.4421317965,4.88682985305786
NLD,Netherlands,2008,57644.4799749353,5.02904987335205
NLD,Netherlands,2009,52514.0271165323,5.43156003952026
NLD,Netherlands,2010,50950.0343435181,5.48908996582031
NLD,Netherlands,2011,54159.3466126142,5.46303987503052
NLD,Netherlands,2012,50073.0056559308,5.4102201461792
NLD,Netherlands,2013,52184.0618504931,5.52655982971191
NLD,Netherlands,2014,52830.1742328055,5.458899974823
NLD,Netherlands,2015,45175.2318933798,5.34815979003906
NLD,Netherlands,2016,46007.8529206547,5.47959995269775
NLD,Netherlands,2017,48675.2223350213,5.17509984970093
NLD,Netherlands,2018,53048.0962104394,
NLD,Netherlands,2019,52447.8314391911,
NOR,Norway,1960,1441.75566002633,
NOR,Norway,1961,1560.3249311723,
NOR,Norway,1962,1667.2474297782,
NOR,Norway,1963,1775.58265544979,
NOR,Norway,1964,1937.88461385928,
NOR,Norway,1965,2164.46882336736,
NOR,Norway,1966,2317.19488382656,
NOR,Norway,1967,2514.04377214705,
NOR,Norway,1968,2662.11749153117,
NOR,Norway,1969,2875.23584396858,
NOR,Norway,1970,3306.21947607769,
NOR,Norway,1971,3736.34873749991,
NOR,Norway,1972,4413.57569168528,5.90405988693237
NOR,Norway,1973,5689.5888066967,5.89171981811523
NOR,Norway,1974,6811.52733653232,5.67365980148315
NOR,Norway,1975,8204.451511529791,5.55022001266479
NOR,Norway,1976,8927.20162734477,6.16359996795654
NOR,Norway,1977,10266.1206718698,5.97280979156494
NOR,Norway,1978,11462.6415912182,6.44434976577759
NOR,Norway,1979,13046.5372210653,
NOR,Norway,1980,15772.2409073814,5.78014993667603
NOR,Norway,1981,15512.5067043575,5.54364013671875
NOR,Norway,1982,15224.8939100982,5.6788501739502
NOR,Norway,1983,14927.5174766339,5.64629983901978
NOR,Norway,1984,14989.4857665906,5.42936992645264
NOR,Norway,1985,15753.5527652129,5.25567007064819
NOR,Norway,1986,18883.265802712,5.53983020782471
NOR,Norway,1987,22505.8977117052,5.78807020187378
NOR,Norway,1988,24207.281468963,5.86597013473511
NOR,Norway,1989,24281.0961405377,6.29986000061035
NOR,Norway,1990,28242.943738533,6.31037998199463
NOR,Norway,1991,28596.9330036444,6.37321996688843
NOR,Norway,1992,30523.9850558974,6.63613986968994
NOR,Norway,1993,27963.6652188271,7.67664003372192
NOR,Norway,1994,29315.8419070199,7.83043003082275
NOR,Norway,1995,34875.7043347536,7.69568014144897
NOR,Norway,1996,37321.9741993473,7.1380500793457
NOR,Norway,1997,36629.0309036621,7.30343008041382
NOR,Norway,1998,34788.3598518819,7.36077976226807
NOR,Norway,1999,36371.0509535576,6.96647977828979
NOR,Norway,2000,38131.4606116242,6.46726989746094
NOR,Norway,2001,38542.715099709,6.83062982559204
NOR,Norway,2002,43084.4724650717,7.43729019165039
NOR,Norway,2003,50134.8907734947,7.41635990142822
NOR,Norway,2004,57603.836021826,7.2982702255249
NOR,Norway,2005,66810.478520868,6.86506986618042
NOR,Norway,2006,74148.3200757187,6.3827600479126
NOR,Norway,2007,85139.9604469545,6.53439998626709
NOR,Norway,2008,96944.0956064873,6.2852201461792
NOR,Norway,2009,79977.6970817492,7.10337018966675
NOR,Norway,2010,87693.7900658099,6.74633979797363
NOR,Norway,2011,100600.562407589,6.4545202255249
NOR,Norway,2012,101524.141851985,7.37470006942749
NOR,Norway,2013,102913.450843674,7.48535013198853
NOR,Norway,2014,97019.1827527462,7.69504022598267
NOR,Norway,2015,74355.5158575643,7.5693302154541
NOR,Norway,2016,70459.18250410289,8.03055000305176
NOR,Norway,2017,75496.7540581998,7.91198015213013
NOR,Norway,2018,81734.4655736102,
NOR,Norway,2019,75419.63486880891,
NPL,Nepal,1960,50.3049875027919,
NPL,Nepal,1961,51.8112285436763,
NPL,Nepal,1962,55.0256994601707,
NPL,Nepal,1963,46.8614488384859,
NPL,Nepal,1964,46.0033654877321,
NPL,Nepal,1965,67.00747096980859,
NPL,Nepal,1966,81.16442963134391,
NPL,Nepal,1967,73.96788776271239,
NPL,Nepal,1968,66.5488999419359,
NPL,Nepal,1969,66.63836267896799,
NPL,Nepal,1970,71.7186030144516,
NPL,Nepal,1971,71.6298897227323,
NPL,Nepal,1972,81.3865859346929,
NPL,Nepal,1973,75.63695485392689,
NPL,Nepal,1974,92.7522223287054,
NPL,Nepal,1975,117.417729309036,
NPL,Nepal,1976,105.892784722432,
NPL,Nepal,1977,98.54200039120261,
NPL,Nepal,1978,111.806707280971,
NPL,Nepal,1979,126.133335409154,
NPL,Nepal,1980,129.586074169654,
NPL,Nepal,1981,148.080253673998,
NPL,Nepal,1982,152.289669755426,
NPL,Nepal,1983,151.992610182449,
NPL,Nepal,1984,156.650682285876,
NPL,Nepal,1985,155.407864460647,
NPL,Nepal,1986,165.361867558457,
NPL,Nepal,1987,167.799982645133,
NPL,Nepal,1988,193.499669428707,
NPL,Nepal,1989,191.120780796517,
NPL,Nepal,1990,191.878904234015,
NPL,Nepal,1991,202.080609959459,
NPL,Nepal,1992,170.586668349779,
NPL,Nepal,1993,178.625970342407,
NPL,Nepal,1994,193.279505015758,
NPL,Nepal,1995,203.980809002282,
NPL,Nepal,1996,204.685755187214,
NPL,Nepal,1997,217.78795301415,
NPL,Nepal,1998,210.611487810509,2.89287996292114
NPL,Nepal,1999,214.106766990624,2.89331007003784
NPL,Nepal,2000,229.4902871214,2.9751501083374
NPL,Nepal,2001,246.725628999885,3.70837998390198
NPL,Nepal,2002,244.720823729325,3.15283989906311
NPL,Nepal,2003,252.40243228149,3.11435008049011
NPL,Nepal,2004,286.157593788411,3.17194008827209
NPL,Nepal,2005,315.805629997361,3.3646399974823
NPL,Nepal,2006,346.945251393727,3.60536003112793
NPL,Nepal,2007,391.380131359361,3.51721000671387
NPL,Nepal,2008,470.455547251206,3.8051700592041
NPL,Nepal,2009,478.173181617538,4.6637601852417
NPL,Nepal,2010,592.401097450929,3.63172006607056
NPL,Nepal,2011,699.429337677581,3.84261989593506
NPL,Nepal,2012,698.466479416086,3.76116991043091
NPL,Nepal,2013,715.923743046061,3.47464990615845
NPL,Nepal,2014,743.413381296219,3.99302005767822
NPL,Nepal,2015,792.552890593381,3.70358991622925
NPL,Nepal,2016,777.147595512165,4.44098997116089
NPL,Nepal,2017,911.444266521258,5.51837015151978
NPL,Nepal,2018,1038.65164702443,5.10206985473633
NPL,Nepal,2019,1071.05076056552,
NRU,Nauru,2007,,4.24615001678467
NRU,Nauru,2010,4754.0750016078,
NRU,Nauru,2011,6568.10258231227,
NRU,Nauru,2012,9429.63337725871,
NRU,Nauru,2013,9101.91698033437,
NRU,Nauru,2014,8829.356718860479,
NRU,Nauru,2015,6956.25380055393,
NRU,Nauru,2016,7670.11640425255,
NRU,Nauru,2017,8510.86840824456,
NRU,Nauru,2018,9762.38930182711,
NRU,Nauru,2019,9396.981966810719,
NZL,New Zealand,1960,2312.94999239859,
NZL,New Zealand,1961,2343.29221317425,
NZL,New Zealand,1962,2448.62863326468,
NZL,New Zealand,1963,2622.2202714036,
NZL,New Zealand,1964,2813.54697563939,
NZL,New Zealand,1965,2151.29492695315,
NZL,New Zealand,1966,2191.31254193959,
NZL,New Zealand,1967,2188.39913862561,
NZL,New Zealand,1968,1885.15615175625,
NZL,New Zealand,1969,2077.89554302301,
NZL,New Zealand,1970,2311.02760516672,
NZL,New Zealand,1971,2772.9185969396,
NZL,New Zealand,1972,3294.64894268304,
NZL,New Zealand,1973,4323.19653458655,4.75323009490967
NZL,New Zealand,1974,4610.57042634013,4.7467999458313
NZL,New Zealand,1975,4171.76973967475,5.16753005981445
NZL,New Zealand,1976,4373.84099791231,5.45474004745483
NZL,New Zealand,1977,4950.58820538927,4.45267009735107
NZL,New Zealand,1978,5936.98526036423,4.53252983093262
NZL,New Zealand,1979,6668.1386662247,4.46765995025635
NZL,New Zealand,1980,7467.16803773805,4.23264980316162
NZL,New Zealand,1981,7813.88754336067,4.44054985046387
NZL,New Zealand,1982,7656.47573238963,4.5327000617981
NZL,New Zealand,1983,7598.31203875006,
NZL,New Zealand,1984,6713.76013104154,4.04568004608154
NZL,New Zealand,1985,7600.56524172937,3.54629993438721
NZL,New Zealand,1986,9427.55394035348,3.43031001091003
NZL,New Zealand,1987,12330.9168305483,3.91739010810852
NZL,New Zealand,1988,13759.1556295922,4.4258599281311
NZL,New Zealand,1989,13312.3855858113,4.81824016571045
NZL,New Zealand,1990,13663.0216184298,
NZL,New Zealand,1991,12230.0734548834,
NZL,New Zealand,1992,11793.1392416214,
NZL,New Zealand,1993,13094.3454502639,
NZL,New Zealand,1994,15280.3127842922,5.92605018615723
NZL,New Zealand,1995,17400.4201848172,5.74212980270386
NZL,New Zealand,1996,18794.436039393,6.38371992111206
NZL,New Zealand,1997,17474.187029724,6.15721988677979
NZL,New Zealand,1998,14738.4455703918,
NZL,New Zealand,1999,15322.2238340267,6.6362099647522
NZL,New Zealand,2000,13641.1027183822,
NZL,New Zealand,2001,13882.8568268586,6.56049013137817
NZL,New Zealand,2002,16874.1874918196,6.40699005126953
NZL,New Zealand,2003,21913.7081719961,6.43753004074097
NZL,New Zealand,2004,25420.234882944,6.51203012466431
NZL,New Zealand,2005,27751.0654708859,6.27896022796631
NZL,New Zealand,2006,26671.3294177179,5.95276021957397
NZL,New Zealand,2007,32511.126663932,5.91593980789185
NZL,New Zealand,2008,31290.2537245347,5.50616979598999
NZL,New Zealand,2009,28205.732843583,6.28067016601563
NZL,New Zealand,2010,33700.126039246,7.00128984451294
NZL,New Zealand,2011,38437.543157275,6.93487977981567
NZL,New Zealand,2012,39982.7543013783,7.15062999725342
NZL,New Zealand,2013,42962.9882149803,6.69997978210449
NZL,New Zealand,2014,44553.2822108385,6.34444999694824
NZL,New Zealand,2015,38615.9951849093,6.33738994598389
NZL,New Zealand,2016,40105.6133867135,6.43335008621216
NZL,New Zealand,2017,42849.426324701,6.28366994857788
NZL,New Zealand,2018,42949.9305849512,
NZL,New Zealand,2019,42084.3533748088,
OED,OECD members,1960,1329.45522775597,
OED,OECD members,1961,1376.17519945944,
OED,OECD members,1962,1465.0407707717,
OED,OECD members,1963,1557.67582324743,
OED,OECD members,1964,1679.6789061127,
OED,OECD members,1965,1799.61500632348,
OED,OECD members,1966,1951.20413315455,
OED,OECD members,1967,2070.37138837281,
OED,OECD members,1968,2222.40511896603,
OED,OECD members,1969,2414.81402240155,
OED,OECD members,1970,2607.07770976138,
OED,OECD members,1971,2855.12516941694,
OED,OECD members,1972,3277.17368274199,
OED,OECD members,1973,3924.34958062402,
OED,OECD members,1974,4352.67328353933,4.5691249370575
OED,OECD members,1975,4824.63441533719,5.08060002326966
OED,OECD members,1976,5179.69091290575,5.03957509994507
OED,OECD members,1977,5784.44120518826,
OED,OECD members,1978,6894.59818000254,4.89441013336182
OED,OECD members,1979,7887.94010255063,4.79690980911255
OED,OECD members,1980,8680.320179863949,5.06941986083985
OED,OECD members,1981,8759.81655905327,4.98935008049012
OED,OECD members,1982,8556.85785795907,5.25271511077881
OED,OECD members,1983,8766.243225232271,
OED,OECD members,1984,9093.01374205775,
OED,OECD members,1985,9499.21024827347,
OED,OECD members,1986,11413.811209049,4.85229015350342
OED,OECD members,1987,13115.5964616174,4.8466899394989
OED,OECD members,1988,14670.4416832984,4.56874513626098
OED,OECD members,1989,15222.8202786515,4.70738983154297
OED,OECD members,1990,17001.6710410448,4.55900001525879
OED,OECD members,1991,17824.6943150453,4.79478979110718
OED,OECD members,1992,18996.7235664773,4.99963998794556
OED,OECD members,1993,19088.046360576,5.10943984985352
OED,OECD members,1994,20237.9372860863,5.05530023574829
OED,OECD members,1995,22139.3902435904,4.80209016799927
OED,OECD members,1996,22159.3879487025,5.065110206604
OED,OECD members,1997,21667.2431471795,
OED,OECD members,1998,21736.9437597221,4.46187019348145
OED,OECD members,1999,22658.4617577878,4.53894996643066
OED,OECD members,2000,22976.9168598402,4.78140020370483
OED,OECD members,2001,22603.7472371178,4.96468496322632
OED,OECD members,2002,23405.5616327248,5.17923021316528
OED,OECD members,2003,26000.1385470355,5.09151005744934
OED,OECD members,2004,28737.0083821649,4.96186494827271
OED,OECD members,2005,30183.4630980604,4.93913984298706
OED,OECD members,2006,31617.0998406408,4.86410999298096
OED,OECD members,2007,34347.4289359768,4.71224021911621
OED,OECD members,2008,36112.3551809529,4.9334499835968
OED,OECD members,2009,33569.3012858539,5.43156003952026
OED,OECD members,2010,34983.4873923862,5.39120984077454
OED,OECD members,2011,37434.5200220514,5.11449003219604
OED,OECD members,2012,37184.8134999025,4.99497509002686
OED,OECD members,2013,37447.5045647114,5.13511013984681
OED,OECD members,2014,37980.4861126146,5.14438509941101
OED,OECD members,2015,35605.2391932836,5.10685014724731
OED,OECD members,2016,36030.9131925758,5.00711011886597
OED,OECD members,2017,37370.0489908713,4.99449515342712
OED,OECD members,2018,39261.4095108162,
OED,OECD members,2019,39399.0492287395,
OMN,Oman,1965,101.258693092966,
OMN,Oman,1966,105.557673860105,
OMN,Oman,1967,162.324568548806,
OMN,Oman,1968,277.908005221838,
OMN,Oman,1969,342.473055255137,
OMN,Oman,1970,354.077698366538,
OMN,Oman,1971,401.90046450981,
OMN,Oman,1972,472.523427194698,
OMN,Oman,1973,598.565442443523,
OMN,Oman,1974,1954.88779201975,
OMN,Oman,1975,2377.08329527303,
OMN,Oman,1976,2760.53553532786,
OMN,Oman,1977,2803.3940829517,
OMN,Oman,1978,2653.27657142688,
OMN,Oman,1979,3419.28451349315,
OMN,Oman,1980,5181.80826362499,
OMN,Oman,1981,5947.24673050225,
OMN,Oman,1982,5855.86779409177,
OMN,Oman,1983,5828.09305414958,
OMN,Oman,1984,6164.17542926455,
OMN,Oman,1985,6677.37612537943,
OMN,Oman,1986,4691.19435000266,3.79282999038696
OMN,Oman,1987,4822.12575688714,3.65626001358032
OMN,Oman,1988,4997.4172520034,3.38988995552063
OMN,Oman,1989,5382.72943463736,2.97824001312256
OMN,Oman,1990,6448.12768493202,2.83892011642456
OMN,Oman,1991,5988.84469730897,2.98794007301331
OMN,Oman,1992,6278.64299338458,3.12258005142212
OMN,Oman,1993,6029.18962193969,3.50821995735168
OMN,Oman,1994,6013.1918665293,3.4444899559021
OMN,Oman,1995,6261.73606140883,3.41325998306274
OMN,Oman,1996,6830.63331610464,3.18452000617981
OMN,Oman,1997,7039.61185021821,3.3568000793457
OMN,Oman,1998,6254.9839652677,4.11233997344971
OMN,Oman,1999,6967.10292077771,4.00594997406006
OMN,Oman,2000,8601.25416998664,3.20023989677429
OMN,Oman,2001,8475.964135650789,4.02030992507935
OMN,Oman,2002,8626.984097041641,4.32506990432739
OMN,Oman,2003,9066.347497635499,3.89697003364563
OMN,Oman,2004,10126.1161041706,4.02837991714478
OMN,Oman,2005,12377.06807379,3.51722002029419
OMN,Oman,2006,14420.51705717,3.85933995246887
OMN,Oman,2007,15838.4656056123,
OMN,Oman,2008,22139.6404093693,
OMN,Oman,2009,16823.7716507022,4.1877498626709
OMN,Oman,2010,18756.979252001,
OMN,Oman,2011,20921.1459820841,
OMN,Oman,2012,21902.5813563661,
OMN,Oman,2013,20926.5540495711,4.9701099395752
OMN,Oman,2014,20131.9167222582,
OMN,Oman,2015,16028.7513645532,
OMN,Oman,2016,14618.8753761098,
OMN,Oman,2017,15130.9437443942,
OMN,Oman,2018,16414.8880173692,
OMN,Oman,2019,15474.0324753635,
OSS,Other small states,1970,285.922633626315,
OSS,Other small states,1971,332.554087862916,4.64155006408691
OSS,Other small states,1972,394.527729407986,4.5265097618103
OSS,Other small states,1973,559.891092559849,4.8665599822998
OSS,Other small states,1974,1011.13275789159,4.23424005508423
OSS,Other small states,1975,1105.43098852212,
OSS,Other small states,1976,1346.04864110176,
OSS,Other small states,1977,1484.53857732649,
OSS,Other small states,1978,1603.79496978986,
OSS,Other small states,1979,2037.56686512326,
OSS,Other small states,1980,2766.01210346774,
OSS,Other small states,1981,2716.82740189815,
OSS,Other small states,1982,2509.16669568594,
OSS,Other small states,1983,2314.04811578192,7.27533507347108
OSS,Other small states,1984,2274.31997288016,5.55166006088257
OSS,Other small states,1985,2107.27272173982,5.65072011947632
OSS,Other small states,1986,2078.85653960113,
OSS,Other small states,1987,2402.3105206148,
OSS,Other small states,1988,2629.15930841358,6.15111017227173
OSS,Other small states,1989,2684.67009074085,
OSS,Other small states,1990,3139.304257816,
OSS,Other small states,1991,3162.95053718007,
OSS,Other small states,1992,3385.06835996625,
OSS,Other small states,1993,3166.03102014004,
OSS,Other small states,1994,3250.83272465416,
OSS,Other small states,1995,3656.33222420686,
OSS,Other small states,1996,3787.7368284524,
OSS,Other small states,1997,3873.84944632037,
OSS,Other small states,1998,3727.10021892083,
OSS,Other small states,1999,3939.64930124981,5.24617004394531
OSS,Other small states,2000,4363.71197646032,5.33242988586426
OSS,Other small states,2001,4268.06490508686,5.03142499923706
OSS,Other small states,2002,4528.32340078265,4.9360899925232
OSS,Other small states,2003,5539.43064107934,5.54397010803222
OSS,Other small states,2004,6745.47868839767,5.13947987556458
OSS,Other small states,2005,8000.60110860808,6.28667020797729
OSS,Other small states,2006,9167.812012207671,6.24336481094361
OSS,Other small states,2007,10943.394393427,
OSS,Other small states,2008,13026.7964050072,5.98067998886108
OSS,Other small states,2009,10900.4763074447,6.19893503189087
OSS,Other small states,2010,12366.3372572519,5.00652003288269
OSS,Other small states,2011,14891.4121127329,4.01223993301392
OSS,Other small states,2012,15211.5769773084,3.21580004692078
OSS,Other small states,2013,15541.8964812381,3.61578989028931
OSS,Other small states,2014,15741.3397887968,4.91695022583008
OSS,Other small states,2015,12793.9310514073,
OSS,Other small states,2016,12385.063691733,
OSS,Other small states,2017,13404.4097361322,5.02312994003296
OSS,Other small states,2018,14632.3985928237,
OSS,Other small states,2019,13981.5837843025,
PAK,Pakistan,1960,83.337945930404,
PAK,Pakistan,1961,89.4090301435254,
PAK,Pakistan,1962,91.3192003573489,
PAK,Pakistan,1963,95.7033619926917,
PAK,Pakistan,1964,104.880217633675,
PAK,Pakistan,1965,116.44672466593,
PAK,Pakistan,1966,125.546977601333,
PAK,Pakistan,1967,139.118459515819,
PAK,Pakistan,1968,145.945688598704,
PAK,Pakistan,1969,153.416980204744,
PAK,Pakistan,1970,172.465672007683,
PAK,Pakistan,1971,178.555107594663,1.65421998500824
PAK,Pakistan,1972,153.384027134313,1.56881999969482
PAK,Pakistan,1973,101.164652646824,1.83042001724243
PAK,Pakistan,1974,137.10892973546,1.88065004348755
PAK,Pakistan,1975,168.08037976103,1.98008000850677
PAK,Pakistan,1976,191.301078593852,2.23794007301331
PAK,Pakistan,1977,213.168699520144,2.14983010292053
PAK,Pakistan,1978,243.335824840804,2.20418000221252
PAK,Pakistan,1979,260.562323218585,2.19807004928589
PAK,Pakistan,1980,303.050971096438,2.13094997406006
PAK,Pakistan,1981,348.29506932535,1.97245001792908
PAK,Pakistan,1982,368.277364003498,2.01366996765137
PAK,Pakistan,1983,332.521050664625,1.99576997756958
PAK,Pakistan,1984,349.182058051683,2.06984996795654
PAK,Pakistan,1985,337.828514191027,2.43543004989624
PAK,Pakistan,1986,335.020148276853,2.67812991142273
PAK,Pakistan,1987,339.332279379518,2.97745990753174
PAK,Pakistan,1988,379.454516734982,
PAK,Pakistan,1989,384.364279739562,2.36382007598877
PAK,Pakistan,1990,371.678557270582,2.51680994033813
PAK,Pakistan,1991,411.859464991027,2.56676006317139
PAK,Pakistan,1992,429.14690219221,2.54967999458313
PAK,Pakistan,1993,442.492238414979,2.38644003868103
PAK,Pakistan,1994,434.465411372552,2.58930993080139
PAK,Pakistan,1995,489.88181401706,2.79531002044678
PAK,Pakistan,1996,497.216143153388,2.81057000160217
PAK,Pakistan,1997,476.38123120309,3.02230000495911
PAK,Pakistan,1998,461.216736136457,
PAK,Pakistan,1999,454.276125443022,2.61149001121521
PAK,Pakistan,2000,576.195600593124,1.83782005310059
PAK,Pakistan,2001,544.494273782261,
PAK,Pakistan,2002,534.303882822,
PAK,Pakistan,2003,599.3763227104,
PAK,Pakistan,2004,687.836417052676,1.76759004592896
PAK,Pakistan,2005,748.922584598993,2.04972004890442
PAK,Pakistan,2006,836.86052111605,2.39550995826721
PAK,Pakistan,2007,908.095090591223,2.63527011871338
PAK,Pakistan,2008,990.846599619906,2.74622988700867
PAK,Pakistan,2009,957.995680750104,2.59078001976013
PAK,Pakistan,2010,987.409723043923,2.28687000274658
PAK,Pakistan,2011,1164.97612914872,2.22175002098084
PAK,Pakistan,2012,1198.10900052752,2.13628005981445
PAK,Pakistan,2013,1208.90431029644,2.49343991279602
PAK,Pakistan,2014,1251.16410422834,2.46592998504639
PAK,Pakistan,2015,1356.66775582649,2.6500198841095
PAK,Pakistan,2016,1368.45432627629,3.00291991233826
PAK,Pakistan,2017,1464.99330546855,2.89951992034912
PAK,Pakistan,2018,1482.30566684338,
PAK,Pakistan,2019,1284.70204090039,
PAN,Panama,1960,474.094017901195,
PAN,Panama,1961,513.254757679848,
PAN,Panama,1962,542.327283735111,
PAN,Panama,1963,583.413445433772,
PAN,Panama,1964,608.100484905561,
PAN,Panama,1965,648.437068572737,
PAN,Panama,1966,686.07193453889,
PAN,Panama,1967,742.11353649131,
PAN,Panama,1968,775.6430925879069,
PAN,Panama,1969,827.173326307619,
PAN,Panama,1970,889.2382930128319,4.04328012466431
PAN,Panama,1971,974.9369999097941,3.35391998291016
PAN,Panama,1972,1040.81096109208,3.9828200340271
PAN,Panama,1973,1157.62128511044,3.48574995994568
PAN,Panama,1974,1287.95647460293,3.81979990005493
PAN,Panama,1975,1395.47938329232,4.15451002120972
PAN,Panama,1976,1444.75543994016,4.31272983551025
PAN,Panama,1977,1489.96729785613,4.28096008300781
PAN,Panama,1978,1721.77737069789,3.60597991943359
PAN,Panama,1979,1918.16078670163,3.64254999160767
PAN,Panama,1980,2332.12874282217,3.53567004203796
PAN,Panama,1981,2577.73753918491,3.43179988861084
PAN,Panama,1982,2782.27772106375,3.41850996017456
PAN,Panama,1983,2791.77509355,3.55090999603271
PAN,Panama,1984,2849.06044025664,3.46870994567871
PAN,Panama,1985,2947.69022724846,3.52146005630493
PAN,Panama,1986,2996.62076261847,3.34574007987976
PAN,Panama,1987,2945.16297539883,3.87012004852295
PAN,Panama,1988,2492.14958850369,
PAN,Panama,1989,2446.22889892065,
PAN,Panama,1990,2603.84662236786,
PAN,Panama,1991,2803.94159131678,
PAN,Panama,1992,3122.08125610939,
PAN,Panama,1993,3339.91945481788,
PAN,Panama,1994,3489.15240622983,3.47054004669189
PAN,Panama,1995,3494.51601434918,3.94780993461609
PAN,Panama,1996,3529.85222210421,4.09431982040405
PAN,Panama,1997,3741.2794643705,3.84711003303528
PAN,Panama,1998,3974.66703475859,
PAN,Panama,1999,4082.61595667199,4.56723022460938
PAN,Panama,2000,4060.32449292618,4.75968980789185
PAN,Panama,2001,4046.41998052853,4.10587978363037
PAN,Panama,2002,4126.24155814134,4.19163990020752
PAN,Panama,2003,4267.30332484899,4.16870021820068
PAN,Panama,2004,4592.15261354224,3.5786600112915
PAN,Panama,2005,4916.91499382773,
PAN,Panama,2006,5348.89529216615,
PAN,Panama,2007,6166.18072053682,
PAN,Panama,2008,7154.274496019,3.50229001045227
PAN,Panama,2009,7576.14046655482,
PAN,Panama,2010,8082.02845866252,
PAN,Panama,2011,9358.251474511009,3.15900993347168
PAN,Panama,2012,10722.2836326295,
PAN,Panama,2013,11889.1276274385,
PAN,Panama,2014,12796.0700430496,
PAN,Panama,2015,13630.3079737945,
PAN,Panama,2016,14343.9636291397,
PAN,Panama,2017,15150.345612161,
PAN,Panama,2018,15592.573678922,
PAN,Panama,2019,15731.0160348471,
PER,Peru,1960,253.264821576031,
PER,Peru,1961,277.56871029727,
PER,Peru,1962,305.761531584626,
PER,Peru,1963,325.51619203538,
PER,Peru,1964,382.743662202326,
PER,Peru,1965,441.182488676124,
PER,Peru,1966,507.530784676561,
PER,Peru,1967,500.873041431676,
PER,Peru,1968,450.401644289414,
PER,Peru,1969,490.41337896726,
PER,Peru,1970,552.17956357821,
PER,Peru,1971,599.115568667793,
PER,Peru,1972,646.142498141636,
PER,Peru,1973,752.223487235835,3.39172005653381
PER,Peru,1974,922.846803931905,
PER,Peru,1975,1094.16167893149,
PER,Peru,1976,1006.89060728775,
PER,Peru,1977,899.2556287856791,
PER,Peru,1978,748.992272468667,
PER,Peru,1979,932.746890751079,
PER,Peru,1980,1033.4187493134,
PER,Peru,1981,1203.70667576213,
PER,Peru,1982,1182.73124855474,
PER,Peru,1983,919.168612573363,
PER,Peru,1984,910.9674658396671,
PER,Peru,1985,836.946044979566,
PER,Peru,1986,753.531567066446,
PER,Peru,1987,1000.53236896773,
PER,Peru,1988,729.876302841478,
PER,Peru,1989,1040.96225503466,
PER,Peru,1990,1196.58685819634,
PER,Peru,1991,1524.77087446984,
PER,Peru,1992,1566.0115521124,
PER,Peru,1993,1488.0332488251,
PER,Peru,1994,1881.73711870139,
PER,Peru,1995,2194.01796964931,
PER,Peru,1996,2232.07590594091,3.11879992485046
PER,Peru,1997,2306.43880126561,
PER,Peru,1998,2163.12003133288,3.27817988395691
PER,Peru,1999,1924.48656696521,3.44133996963501
PER,Peru,2000,1955.58800627896,3.22802996635437
PER,Peru,2001,1941.47563173441,3.03712010383606
PER,Peru,2002,2021.23974003736,2.82056999206543
PER,Peru,2003,2145.64318305231,2.93779993057251
PER,Peru,2004,2417.03550061566,2.95787000656128
PER,Peru,2005,2729.49868238345,2.83903002738953
PER,Peru,2006,3154.33123689413,2.65281009674072
PER,Peru,2007,3606.07043477475,2.62940001487732
PER,Peru,2008,4220.61696939508,2.8677499294281
PER,Peru,2009,4196.31279301889,3.13994002342224
PER,Peru,2010,5082.35475666351,2.86730003356934
PER,Peru,2011,5869.32307961474,2.6635000705719
PER,Peru,2012,6528.97221785312,2.92276000976563
PER,Peru,2013,6756.75276926556,3.29729008674622
PER,Peru,2014,6672.8802554854,3.69599008560181
PER,Peru,2015,6229.10169612596,3.96933007240295
PER,Peru,2016,6204.99726003927,3.81316995620728
PER,Peru,2017,6710.50802896038,3.93130993843079
PER,Peru,2018,6941.23584763012,3.72316002845764
PER,Peru,2019,6977.69578355382,3.8472900390625
PHL,Philippines,1960,254.45894522833,
PHL,Philippines,1961,267.18288754574,
PHL,Philippines,1962,156.703873111588,
PHL,Philippines,1963,168.040977551675,
PHL,Philippines,1964,175.955791801275,
PHL,Philippines,1965,187.136888470552,
PHL,Philippines,1966,199.956782333536,
PHL,Philippines,1967,207.443970075251,
PHL,Philippines,1968,224.635581421285,
PHL,Philippines,1969,241.710917533292,
PHL,Philippines,1970,186.774680619178,
PHL,Philippines,1971,201.041277450971,
PHL,Philippines,1972,211.412202857582,
PHL,Philippines,1973,258.384691251309,
PHL,Philippines,1974,343.290524950222,
PHL,Philippines,1975,360.753339195302,
PHL,Philippines,1976,402.801211918835,
PHL,Philippines,1977,450.340841678267,
PHL,Philippines,1978,506.398833236726,
PHL,Philippines,1979,596.837201660971,
PHL,Philippines,1980,685.22146089321,1.7177300453186
PHL,Philippines,1981,732.367752062095,
PHL,Philippines,1982,742.453390103904,2.07492995262146
PHL,Philippines,1983,646.039360999624,1.68606996536255
PHL,Philippines,1984,594.5533362590641,
PHL,Philippines,1985,566.261998740258,
PHL,Philippines,1986,535.703504727506,1.7262099981308
PHL,Philippines,1987,579.7015315145979,
PHL,Philippines,1988,644.364993185107,
PHL,Philippines,1989,705.579097222292,
PHL,Philippines,1990,715.913712086446,
PHL,Philippines,1991,715.7468201413481,
PHL,Philippines,1992,814.768539154196,
PHL,Philippines,1993,816.412324363983,
PHL,Philippines,1994,939.918637934209,
PHL,Philippines,1995,1062.13306455336,3.04225993156433
PHL,Philippines,1996,1160.30968118199,3.36286997795105
PHL,Philippines,1997,1127.52654850335,3.51715993881226
PHL,Philippines,1998,966.989169031383,3.81449007987976
PHL,Philippines,1999,1087.37815648062,
PHL,Philippines,2000,1072.80906433929,3.16440010070801
PHL,Philippines,2001,990.563896173926,2.92463994026184
PHL,Philippines,2002,1036.1593134493,2.89222002029419
PHL,Philippines,2003,1048.00819194296,2.93517994880676
PHL,Philippines,2004,1121.4896323006,2.46983003616333
PHL,Philippines,2005,1244.34904099492,2.32806992530823
PHL,Philippines,2006,1452.43865554733,2.42579007148743
PHL,Philippines,2007,1744.64031267874,2.48517990112305
PHL,Philippines,2008,1991.23154166581,2.58282995223999
PHL,Philippines,2009,1905.89471052597,2.53777003288269
PHL,Philippines,2010,2217.47400856616,
PHL,Philippines,2011,2450.73365615789,
PHL,Philippines,2012,2694.30547297894,
PHL,Philippines,2013,2871.43090178415,
PHL,Philippines,2014,2959.64845212051,
PHL,Philippines,2015,3001.04037106857,
PHL,Philippines,2016,3073.65361496958,
PHL,Philippines,2017,3123.23422944951,
PHL,Philippines,2018,3252.09232412664,
PHL,Philippines,2019,3485.08421836621,
PLW,Palau,2000,7647.92986129286,8.0280704498291
PLW,Palau,2001,8085.06654286599,7.71560001373291
PLW,Palau,2002,8302.011508886289,7.52929019927979
PLW,Palau,2003,7762.22424150639,
PLW,Palau,2004,8299.49665274073,
PLW,Palau,2005,9325.554825337451,
PLW,Palau,2006,9673.945752302971,
PLW,Palau,2007,10159.2180812193,
PLW,Palau,2008,10587.2754491018,
PLW,Palau,2009,10028.4003281378,
PLW,Palau,2010,10219.9275967697,
PLW,Palau,2011,10884.4125105664,
PLW,Palau,2012,11967.3072562358,
PLW,Palau,2013,12688.1972054981,
PLW,Palau,2014,13794.7917848633,
PLW,Palau,2015,15871.8426266629,
PLW,Palau,2016,16932.3328631876,
PLW,Palau,2017,16078.2681940701,
PLW,Palau,2018,15859.4348578768,
PNG,Papua New Guinea,1960,102.17661342363,
PNG,Papua New Guinea,1961,106.585000660639,
PNG,Papua New Guinea,1962,111.600322247381,
PNG,Papua New Guinea,1963,115.66399218076,
PNG,Papua New Guinea,1964,125.424845499566,
PNG,Papua New Guinea,1965,138.470409970135,
PNG,Papua New Guinea,1966,153.946228250083,
PNG,Papua New Guinea,1967,170.095312754953,
PNG,Papua New Guinea,1968,182.622448896944,
PNG,Papua New Guinea,1969,202.749406490117,
PNG,Papua New Guinea,1970,231.947201080349,
PNG,Papua New Guinea,1971,251.871581190835,
PNG,Papua New Guinea,1972,294.297850763155,5.24715995788574
PNG,Papua New Guinea,1973,434.599348164778,
PNG,Papua New Guinea,1974,479.047530743755,
PNG,Papua New Guinea,1975,432.042974273629,
PNG,Papua New Guinea,1976,469.545613837979,
PNG,Papua New Guinea,1977,496.804581207725,7.38970994949341
PNG,Papua New Guinea,1978,574.850137824173,
PNG,Papua New Guinea,1979,659.446808420228,
PNG,Papua New Guinea,1980,712.919870995878,
PNG,Papua New Guinea,1981,681.024406796712,
PNG,Papua New Guinea,1982,628.524785578928,
PNG,Papua New Guinea,1983,661.887593934743,
PNG,Papua New Guinea,1984,641.9905710918071,
PNG,Papua New Guinea,1985,593.814083227415,
PNG,Papua New Guinea,1986,632.517472403311,
PNG,Papua New Guinea,1987,732.394220262818,
PNG,Papua New Guinea,1988,831.03215458931,
PNG,Papua New Guinea,1989,786.879800068638,
PNG,Papua New Guinea,1990,697.539572978224,
PNG,Papua New Guinea,1991,801.472286273567,
PNG,Papua New Guinea,1992,905.248980774846,
PNG,Papua New Guinea,1993,1005.15235874141,
PNG,Papua New Guinea,1994,1086.29181258907,
PNG,Papua New Guinea,1995,893.77363601456,
PNG,Papua New Guinea,1996,970.0923023144539,
PNG,Papua New Guinea,1997,906.359589110732,
PNG,Papua New Guinea,1998,678.897275558617,
PNG,Papua New Guinea,1999,608.282062737094,
PNG,Papua New Guinea,2000,602.186902266008,
PNG,Papua New Guinea,2001,515.684607768824,
PNG,Papua New Guinea,2002,491.834308148948,
PNG,Papua New Guinea,2003,568.246439882367,
PNG,Papua New Guinea,2004,618.036897690386,
PNG,Papua New Guinea,2005,749.186396205756,
PNG,Papua New Guinea,2006,1256.97889113323,
PNG,Papua New Guinea,2007,1401.94718173894,
PNG,Papua New Guinea,2008,1672.95078393202,
PNG,Papua New Guinea,2009,1626.31239929579,
PNG,Papua New Guinea,2010,1949.35251838561,
PNG,Papua New Guinea,2011,2406.90967879579,
PNG,Papua New Guinea,2012,2790.67666914736,
PNG,Papua New Guinea,2013,2729.89190578265,
PNG,Papua New Guinea,2014,2920.78372080202,
PNG,Papua New Guinea,2015,2679.34558781427,
PNG,Papua New Guinea,2016,2509.6314572831,
PNG,Papua New Guinea,2017,2695.2518833116,1.96493005752563
PNG,Papua New Guinea,2018,2720.3852453824,1.9308899641037
PNG,Papua New Guinea,2019,2845.18018574842,
POL,Poland,1990,1731.20953112388,
POL,Poland,1991,2235.54108862521,3.89144992828369
POL,Poland,1992,2459.02068468253,4.1879301071167
POL,Poland,1993,2497.19524116689,4.1827597618103
POL,Poland,1994,2874.8253108452,
POL,Poland,1995,3682.79121526652,4.33500003814697
POL,Poland,1996,4140.98354114142,6.2671799659729
POL,Poland,1997,4116.92624282821,
POL,Poland,1998,4510.41311705999,4.95043992996216
POL,Poland,1999,4389.97641534208,4.60028982162476
POL,Poland,2000,4492.72760355938,4.99361991882324
POL,Poland,2001,4981.1986188017,5.32975006103516
POL,Poland,2002,5196.93292103894,5.39797019958496
POL,Poland,2003,5693.37776322597,5.33218002319336
POL,Poland,2004,6681.17881781198,5.35574007034302
POL,Poland,2005,8020.96316435897,5.42611980438232
POL,Poland,2006,9038.654807308119,5.20578002929688
POL,Poland,2007,11255.379833753,4.86837005615234
POL,Poland,2008,14001.3815599165,5.04047012329102
POL,Poland,2009,11527.5344226464,4.9891300201416
POL,Poland,2010,12599.5335818707,5.06842994689941
POL,Poland,2011,13893.509259001,4.82011985778809
POL,Poland,2012,13145.5392627865,4.81181001663208
POL,Poland,2013,13781.0626053813,4.940110206604
POL,Poland,2014,14347.9145754456,4.90918016433716
POL,Poland,2015,12572.4266045561,4.81226015090942
POL,Poland,2016,12431.8158916231,4.63922023773193
POL,Poland,2017,13861.3093648235,4.55956983566284
POL,Poland,2018,15460.6442805468,
POL,Poland,2019,15595.2270334259,
PRE,Pre-demographic dividend,1960,59.8561283247613,
PRE,Pre-demographic dividend,1961,60.5038333198149,
PRE,Pre-demographic dividend,1962,64.572811103766,
PRE,Pre-demographic dividend,1963,73.51106290955769,
PRE,Pre-demographic dividend,1964,66.8720859459289,
PRE,Pre-demographic dividend,1965,73.5524988276015,
PRE,Pre-demographic dividend,1966,78.83736677082589,
PRE,Pre-demographic dividend,1967,72.59508145252479,
PRE,Pre-demographic dividend,1968,74.6350358667317,
PRE,Pre-demographic dividend,1969,82.5080192514708,
PRE,Pre-demographic dividend,1970,98.2108601469925,
PRE,Pre-demographic dividend,1971,93.57620351789311,
PRE,Pre-demographic dividend,1972,105.773841774595,
PRE,Pre-demographic dividend,1973,126.335696027484,
PRE,Pre-demographic dividend,1974,175.000531400332,
PRE,Pre-demographic dividend,1975,193.84067487015,
PRE,Pre-demographic dividend,1976,221.385430650829,
PRE,Pre-demographic dividend,1977,237.240821140466,
PRE,Pre-demographic dividend,1978,255.938156760119,
PRE,Pre-demographic dividend,1979,314.043103343956,
PRE,Pre-demographic dividend,1980,375.179781381343,
PRE,Pre-demographic dividend,1981,511.836225413642,
PRE,Pre-demographic dividend,1982,466.961909477079,
PRE,Pre-demographic dividend,1983,362.258709423505,
PRE,Pre-demographic dividend,1984,322.006384051996,
PRE,Pre-demographic dividend,1985,323.128191624018,
PRE,Pre-demographic dividend,1986,304.166724084893,
PRE,Pre-demographic dividend,1987,328.295034326715,
PRE,Pre-demographic dividend,1988,325.727184064197,
PRE,Pre-demographic dividend,1989,310.476480287059,
PRE,Pre-demographic dividend,1990,477.108891146137,
PRE,Pre-demographic dividend,1991,449.471064075619,
PRE,Pre-demographic dividend,1992,405.694117451141,
PRE,Pre-demographic dividend,1993,345.171393235268,
PRE,Pre-demographic dividend,1994,316.161747122662,
PRE,Pre-demographic dividend,1995,365.267433105703,
PRE,Pre-demographic dividend,1996,391.880394157328,
PRE,Pre-demographic dividend,1997,401.468688795892,
PRE,Pre-demographic dividend,1998,402.640995276748,
PRE,Pre-demographic dividend,1999,400.313512190442,2.58483004570007
PRE,Pre-demographic dividend,2000,442.738651865496,2.57802498340607
PRE,Pre-demographic dividend,2001,425.786143140649,2.65844988822937
PRE,Pre-demographic dividend,2002,491.461043922669,2.6793200969696
PRE,Pre-demographic dividend,2003,544.0369148599769,
PRE,Pre-demographic dividend,2004,644.674087107633,3.02925992012024
PRE,Pre-demographic dividend,2005,780.25013039314,2.88717007637024
PRE,Pre-demographic dividend,2006,960.270215662758,
PRE,Pre-demographic dividend,2007,1129.47228995754,
PRE,Pre-demographic dividend,2008,1383.06508825397,2.67623507976532
PRE,Pre-demographic dividend,2009,1220.21760881748,
PRE,Pre-demographic dividend,2010,1396.88720924211,3.45038497447967
PRE,Pre-demographic dividend,2011,1575.22106561097,2.93462491035462
PRE,Pre-demographic dividend,2012,1678.43249469713,3.04071497917175
PRE,Pre-demographic dividend,2013,1791.26548997004,3.28465008735657
PRE,Pre-demographic dividend,2014,1856.52600548538,3.6480700969696
PRE,Pre-demographic dividend,2015,1589.45339244249,3.67008996009827
PRE,Pre-demographic dividend,2016,1398.96941473081,3.07816004753113
PRE,Pre-demographic dividend,2017,1414.80084279035,4.03133010864258
PRE,Pre-demographic dividend,2018,1449.03451071747,3.69643998146057
PRE,Pre-demographic dividend,2019,1472.38540164517,
PRI,Puerto Rico,1960,717.514843087362,
PRI,Puerto Rico,1961,777.215027407341,
PRI,Puerto Rico,1962,854.74480496849,
PRI,Puerto Rico,1963,931.751665981242,
PRI,Puerto Rico,1964,1006.43444609497,
PRI,Puerto Rico,1965,1110.83269082498,
PRI,Puerto Rico,1966,1207.81182440348,
PRI,Puerto Rico,1967,1335.27411162524,
PRI,Puerto Rico,1968,1480.69317642251,
PRI,Puerto Rico,1969,1661.86688523369,
PRI,Puerto Rico,1970,1852.35467255335,
PRI,Puerto Rico,1971,2044.31990558216,7.2505202293396
PRI,Puerto Rico,1972,2246.4767135113,7.21458005905151
PRI,Puerto Rico,1973,2432.41421904928,6.47992992401123
PRI,Puerto Rico,1974,2614.50094053038,7.28690004348755
PRI,Puerto Rico,1975,2738.24315297261,6.22974014282227
PRI,Puerto Rico,1976,2946.46195251152,7.14049005508423
PRI,Puerto Rico,1977,3208.77135614128,6.38756990432739
PRI,Puerto Rico,1978,3567.7526290007,6.68102979660034
PRI,Puerto Rico,1979,4024.50942019287,
PRI,Puerto Rico,1980,4502.8384279476,
PRI,Puerto Rico,1981,4920.72293674859,
PRI,Puerto Rico,1982,5115.00851423346,
PRI,Puerto Rico,1983,5217.72272856039,
PRI,Puerto Rico,1984,5730.11700890201,
PRI,Puerto Rico,1985,6008.05448623038,
PRI,Puerto Rico,1986,6455.18446107614,
PRI,Puerto Rico,1987,6980.49014338219,
PRI,Puerto Rico,1988,7595.44465611829,
PRI,Puerto Rico,1989,8033.08944133042,
PRI,Puerto Rico,1990,8652.50749222505,
PRI,Puerto Rico,1991,9064.018517114861,
PRI,Puerto Rico,1992,9659.338899959161,
PRI,Puerto Rico,1993,10212.2767630564,
PRI,Puerto Rico,1994,10876.4188239898,
PRI,Puerto Rico,1995,11579.1849969985,
PRI,Puerto Rico,1996,12173.163688986,
PRI,Puerto Rico,1997,12817.6449621352,
PRI,Puerto Rico,1998,14304.4049868015,
PRI,Puerto Rico,1999,15220.9913420267,
PRI,Puerto Rico,2000,16192.1269719638,
PRI,Puerto Rico,2001,18123.1987019918,
PRI,Puerto Rico,2002,18731.4593897378,
PRI,Puerto Rico,2003,19557.1202492358,
PRI,Puerto Rico,2004,20988.9923326534,
PRI,Puerto Rico,2005,21959.322696986,
PRI,Puerto Rico,2006,22935.9411586313,
PRI,Puerto Rico,2007,23664.8823485096,
PRI,Puerto Rico,2008,24898.3345857045,
PRI,Puerto Rico,2009,25768.7258883384,
PRI,Puerto Rico,2010,26435.74878578,
PRI,Puerto Rico,2011,27278.8830499205,
PRI,Puerto Rico,2012,27944.7338937424,
PRI,Puerto Rico,2013,28513.1657351067,6.48108005523682
PRI,Puerto Rico,2014,28981.4573305866,6.07265996932983
PRI,Puerto Rico,2015,29763.4883013861,
PRI,Puerto Rico,2016,30627.1634017011,
PRI,Puerto Rico,2017,31108.7527508912,
PRI,Puerto Rico,2018,31621.8934700005,
PRI,Puerto Rico,2019,32873.7192730424,
PRT,Portugal,1960,360.499298506858,
PRT,Portugal,1961,382.729946994368,
PRT,Portugal,1962,407.852843612372,
PRT,Portugal,1963,432.511729575075,
PRT,Portugal,1964,468.781081635443,
PRT,Portugal,1965,520.910659367884,
PRT,Portugal,1966,575.007680668221,
PRT,Portugal,1967,646.82272006084,
PRT,Portugal,1968,719.08049185329,
PRT,Portugal,1969,795.759371391099,
PRT,Portugal,1970,934.082075760236,
PRT,Portugal,1971,1064.53803961354,
PRT,Portugal,1972,1302.26618184672,
PRT,Portugal,1973,1747.98932473981,1.63391995429993
PRT,Portugal,1974,2000.41788511942,1.93535995483398
PRT,Portugal,1975,2127.63759350952,3.06245994567871
PRT,Portugal,1976,2173.28421777555,3.07873010635376
PRT,Portugal,1977,2267.37122479059,
PRT,Portugal,1978,2457.31312098827,2.90048003196716
PRT,Portugal,1979,2755.62453285973,2.69930005073547
PRT,Portugal,1980,3368.3668334281,3.06743001937866
PRT,Portugal,1981,3245.9751144832,3.18575000762939
PRT,Portugal,1982,3079.94954089111,3.32909989356995
PRT,Portugal,1983,2735.49106580047,3.23281002044678
PRT,Portugal,1984,2522.74753100674,3.14253997802734
PRT,Portugal,1985,2705.19294328131,3.26249003410339
PRT,Portugal,1986,3861.9485001653,3.04924988746643
PRT,Portugal,1987,4803.86602452833,3.15797996520996
PRT,Portugal,1988,5623.69704152219,3.38753008842468
PRT,Portugal,1989,6056.38105317089,3.47523999214172
PRT,Portugal,1990,7884.61794530424,3.56972002983093
PRT,Portugal,1991,8958.98538874788,4.07133007049561
PRT,Portugal,1992,10810.5665676462,4.33747005462646
PRT,Portugal,1993,9534.656363730801,4.84095001220703
PRT,Portugal,1994,9977.319872795089,4.67129993438721
PRT,Portugal,1995,11781.3618502221,4.61330986022949
PRT,Portugal,1996,12185.0914010629,5.065110206604
PRT,Portugal,1997,11575.5071124358,
PRT,Portugal,1998,12199.206385024,
PRT,Portugal,1999,12471.0793640754,5.0468602180481
PRT,Portugal,2000,11497.7534604525,5.16384983062744
PRT,Portugal,2001,11724.6114954602,5.33713006973267
PRT,Portugal,2002,12875.3207922585,5.25871992111206
PRT,Portugal,2003,15762.9757897367,5.28152990341187
PRT,Portugal,2004,18031.0004215768,5.04638004302979
PRT,Portugal,2005,18773.1253616354,5.07394981384277
PRT,Portugal,2006,19822.8460287336,4.90767002105713
PRT,Portugal,2007,22782.0946224629,4.92147016525269
PRT,Portugal,2008,24847.545135091,4.69609022140503
PRT,Portugal,2009,23059.7974457294,5.56314992904663
PRT,Portugal,2010,22498.6908586557,5.41248989105225
PRT,Portugal,2011,23186.9131283278,5.12333011627197
PRT,Portugal,2012,20564.8898617969,4.94940996170044
PRT,Portugal,2013,21647.0418118869,5.2709698677063
PRT,Portugal,2014,22074.3007634216,5.12400007247925
PRT,Portugal,2015,19242.3664710981,4.88554000854492
PRT,Portugal,2016,19978.401214968,
PRT,Portugal,2017,21490.429863104,5.0156102180481
PRT,Portugal,2018,23461.5718628115,
PRT,Portugal,2019,23145.0408172828,
PRY,Paraguay,1965,204.20111236046,
PRY,Paraguay,1966,208.849386320012,
PRY,Paraguay,1967,215.0668034347,
PRY,Paraguay,1968,220.096641538652,
PRY,Paraguay,1969,230.502433414844,
PRY,Paraguay,1970,240.269921245433,2.10519003868103
PRY,Paraguay,1971,262.068103793616,2.26543998718262
PRY,Paraguay,1972,296.108618333639,
PRY,Paraguay,1973,374.341537512017,
PRY,Paraguay,1974,489.5622006311,
PRY,Paraguay,1975,541.486971178997,
PRY,Paraguay,1976,593.6545330234831,
PRY,Paraguay,1977,712.658029860807,
PRY,Paraguay,1978,849.52458576965,
PRY,Paraguay,1979,1103.91525365622,
PRY,Paraguay,1980,1398.05517670602,
PRY,Paraguay,1981,1718.50507224633,
PRY,Paraguay,1982,1608.71978156613,
PRY,Paraguay,1983,1635.63254405104,
PRY,Paraguay,1984,1260.74485703139,
PRY,Paraguay,1985,892.889480163704,1.39584994316101
PRY,Paraguay,1986,984.383055346008,
PRY,Paraguay,1987,1020.37927664161,
PRY,Paraguay,1988,1063.47395715443,
PRY,Paraguay,1989,1156.92743822364,
PRY,Paraguay,1990,1376.16467314413,1.04070997238159
PRY,Paraguay,1991,1611.40097590379,
PRY,Paraguay,1992,1610.21333355391,
PRY,Paraguay,1993,1591.37310975103,
PRY,Paraguay,1994,1686.84600113489,
PRY,Paraguay,1995,1897.09636155578,
PRY,Paraguay,1996,2002.68591835969,
PRY,Paraguay,1997,1993.80278066684,
PRY,Paraguay,1998,1812.99402201687,4.19833993911743
PRY,Paraguay,1999,1694.11023601353,4.23087978363037
PRY,Paraguay,2000,1663.60525171951,4.2302098274231
PRY,Paraguay,2001,1565.05371192641,3.83357000350952
PRY,Paraguay,2002,1300.85142610263,3.40773010253906
PRY,Paraguay,2003,1365.41641811806,3.3827600479126
PRY,Paraguay,2004,1679.49717143909,2.86989998817444
PRY,Paraguay,2005,1843.63379108317,
PRY,Paraguay,2006,2271.09003761933,
PRY,Paraguay,2007,2976.82550327827,2.73951005935669
PRY,Paraguay,2008,4041.58387643025,
PRY,Paraguay,2009,3624.57105807169,
PRY,Paraguay,2010,4355.93493867734,2.77293992042542
PRY,Paraguay,2011,5322.96375987671,3.69727993011475
PRY,Paraguay,2012,5183.08287691315,3.66754007339478
PRY,Paraguay,2013,5926.83286284344,
PRY,Paraguay,2014,6102.94323272326,
PRY,Paraguay,2015,5406.70385708338,
PRY,Paraguay,2016,5319.41021789703,3.43833994865417
PRY,Paraguay,2017,5680.58076826353,
PRY,Paraguay,2018,5805.67561638869,
PRY,Paraguay,2019,5414.79913793258,
PSE,West Bank and Gaza,1994,1201.58154213882,
PSE,West Bank and Gaza,1995,1326.56285737146,
PSE,West Bank and Gaza,1996,1317.46675131385,
PSE,West Bank and Gaza,1997,1389.16497137651,
PSE,West Bank and Gaza,1998,1465.04605685868,
PSE,West Bank and Gaza,1999,1499.49217657019,
PSE,West Bank and Gaza,2000,1476.17185000238,
PSE,West Bank and Gaza,2001,1335.55319529359,
PSE,West Bank and Gaza,2002,1156.21747345769,
PSE,West Bank and Gaza,2003,1257.69857009689,
PSE,West Bank and Gaza,2004,1337.56572430673,
PSE,West Bank and Gaza,2005,1455.18787518115,
PSE,West Bank and Gaza,2006,1441.46170046742,
PSE,West Bank and Gaza,2007,1575.56340027289,
PSE,West Bank and Gaza,2008,1857.89051544595,
PSE,West Bank and Gaza,2009,1970.18296337398,
PSE,West Bank and Gaza,2010,2354.12598671847,6.72547006607056
PSE,West Bank and Gaza,2011,2695.19385339015,5.70270013809204
PSE,West Bank and Gaza,2012,2834.02152463393,5.13267993927002
PSE,West Bank and Gaza,2013,3060.3123893102,5.30249977111816
PSE,West Bank and Gaza,2014,3046.82179844817,
PSE,West Bank and Gaza,2015,2967.85174651975,5.14135980606079
PSE,West Bank and Gaza,2016,3074.29115236515,5.7177300453186
PSE,West Bank and Gaza,2017,3254.48588658763,5.2523398399353
PSE,West Bank and Gaza,2018,3198.86664447405,
PSS,Pacific island small states,1975,888.046911631558,
PSS,Pacific island small states,1976,872.399448150005,
PSS,Pacific island small states,1977,891.858290085736,
PSS,Pacific island small states,1978,1013.31490857771,
PSS,Pacific island small states,1979,1215.54615152194,
PSS,Pacific island small states,1980,1361.14580585443,
PSS,Pacific island small states,1981,1371.58290170436,
PSS,Pacific island small states,1982,1308.57124649121,
PSS,Pacific island small states,1983,1224.54276525109,
PSS,Pacific island small states,1984,1314.22529202953,
PSS,Pacific island small states,1985,1221.20322116023,
PSS,Pacific island small states,1986,1305.2262176695,
PSS,Pacific island small states,1987,1265.45740082992,
PSS,Pacific island small states,1988,1310.12169999474,
PSS,Pacific island small states,1989,1351.29105371479,
PSS,Pacific island small states,1990,1435.46285028619,
PSS,Pacific island small states,1991,1501.58571185889,
PSS,Pacific island small states,1992,1624.12434312671,
PSS,Pacific island small states,1993,1688.80715836255,
PSS,Pacific island small states,1994,1915.57585645466,
PSS,Pacific island small states,1995,2033.92557157083,
PSS,Pacific island small states,1996,2149.66204603685,
PSS,Pacific island small states,1997,2118.83431648226,
PSS,Pacific island small states,1998,1787.87567365268,
PSS,Pacific island small states,1999,1933.53806879038,
PSS,Pacific island small states,2000,1765.11409929919,
PSS,Pacific island small states,2001,1710.63836972525,
PSS,Pacific island small states,2002,1779.13849921631,
PSS,Pacific island small states,2003,2058.55830737557,
PSS,Pacific island small states,2004,2348.48143809391,
PSS,Pacific island small states,2005,2551.17555616796,
PSS,Pacific island small states,2006,2647.04409866901,
PSS,Pacific island small states,2007,2879.02692776107,
PSS,Pacific island small states,2008,3032.33664136516,
PSS,Pacific island small states,2009,2652.47960435499,
PSS,Pacific island small states,2010,2905.02252028699,
PSS,Pacific island small states,2011,3401.31860974582,
PSS,Pacific island small states,2012,3568.80296036922,
PSS,Pacific island small states,2013,3654.82660315204,
PSS,Pacific island small states,2014,3919.67305283497,
PSS,Pacific island small states,2015,3776.19942145241,
PSS,Pacific island small states,2016,3899.58062674065,
PSS,Pacific island small states,2017,4132.18527007284,
PSS,Pacific island small states,2018,4223.95841619381,
PSS,Pacific island small states,2019,4192.97376136243,
PST,Post-demographic dividend,1960,1381.44194527008,
PST,Post-demographic dividend,1961,1440.00527094413,
PST,Post-demographic dividend,1962,1535.88643078261,
PST,Post-demographic dividend,1963,1634.80705432704,
PST,Post-demographic dividend,1964,1763.06316553691,
PST,Post-demographic dividend,1965,1894.40951564629,
PST,Post-demographic dividend,1966,2056.6990019561,
PST,Post-demographic dividend,1967,2186.97843311612,
PST,Post-demographic dividend,1968,2352.7311239315,
PST,Post-demographic dividend,1969,2560.69619541784,
PST,Post-demographic dividend,1970,2773.9660784432,
PST,Post-demographic dividend,1971,3048.70764535318,
PST,Post-demographic dividend,1972,3506.23995954452,
PST,Post-demographic dividend,1973,4205.23867040344,
PST,Post-demographic dividend,1974,4655.53391550281,4.24204015731812
PST,Post-demographic dividend,1975,5174.59641285394,4.85111498832702
PST,Post-demographic dividend,1976,5574.89938263788,4.72892498970032
PST,Post-demographic dividend,1977,6254.91209605035,
PST,Post-demographic dividend,1978,7480.21386397181,4.53252983093262
PST,Post-demographic dividend,1979,8536.688264558759,4.79690980911255
PST,Post-demographic dividend,1980,9384.60235919833,5.03884482383728
PST,Post-demographic dividend,1981,9427.85950177932,4.83336019515991
PST,Post-demographic dividend,1982,9330.130693959851,5.04606008529663
PST,Post-demographic dividend,1983,9629.65036366686,
PST,Post-demographic dividend,1984,10012.2538096237,
PST,Post-demographic dividend,1985,10488.7980069099,
PST,Post-demographic dividend,1986,12744.0866978398,
PST,Post-demographic dividend,1987,14692.8734982941,4.62343978881836
PST,Post-demographic dividend,1988,16455.9172773004,4.54472017288208
PST,Post-demographic dividend,1989,17081.2578356736,
PST,Post-demographic dividend,1990,19050.7986644625,
PST,Post-demographic dividend,1991,19956.8768541331,5.10321998596191
PST,Post-demographic dividend,1992,21270.2648434708,
PST,Post-demographic dividend,1993,21271.9704635667,5.31215500831604
PST,Post-demographic dividend,1994,22644.4675688148,5.08848023414612
PST,Post-demographic dividend,1995,24982.4401173622,4.84337496757508
PST,Post-demographic dividend,1996,24972.9021211727,4.84371995925903
PST,Post-demographic dividend,1997,24371.218874801,
PST,Post-demographic dividend,1998,24368.3495506776,4.46187019348145
PST,Post-demographic dividend,1999,25458.7754708402,4.89023017883301
PST,Post-demographic dividend,2000,25755.2405687832,4.86840009689331
PST,Post-demographic dividend,2001,25398.3297715918,4.94540977478028
PST,Post-demographic dividend,2002,26354.2771716295,5.17923021316528
PST,Post-demographic dividend,2003,29410.4893992688,5.19501996040345
PST,Post-demographic dividend,2004,32511.3860616429,5.16915988922119
PST,Post-demographic dividend,2005,34054.5729781257,5.10939979553223
PST,Post-demographic dividend,2006,35653.0062360168,4.98531007766724
PST,Post-demographic dividend,2007,38685.960175871,4.88682985305786
PST,Post-demographic dividend,2008,40642.3672257449,4.86799001693726
PST,Post-demographic dividend,2009,38101.4788782215,5.08582019805908
PST,Post-demographic dividend,2010,39558.9085419305,5.36992979049683
PST,Post-demographic dividend,2011,42364.2257585388,5.12333011627197
PST,Post-demographic dividend,2012,42149.3538180757,4.95658016204834
PST,Post-demographic dividend,2013,42388.8578810151,5.04048013687134
PST,Post-demographic dividend,2014,43064.3204187252,5.14438509941101
PST,Post-demographic dividend,2015,40584.2609627683,5.20592021942138
PST,Post-demographic dividend,2016,41289.5814414088,5.05725502967834
PST,Post-demographic dividend,2017,42879.591169801,5.06993007659912
PST,Post-demographic dividend,2018,45243.533434324,
PST,Post-demographic dividend,2019,45530.2481525472,
PYF,French Polynesia,1965,1889.32329034642,
PYF,French Polynesia,1966,2229.8219014155,
PYF,French Polynesia,1967,2209.95418900095,
PYF,French Polynesia,1968,2511.95134885139,
PYF,French Polynesia,1969,2274.32856077794,
PYF,French Polynesia,1970,2299.0723491307,
PYF,French Polynesia,1971,2593.18334067658,
PYF,French Polynesia,1972,2751.12508162042,
PYF,French Polynesia,1973,3516.33687243851,
PYF,French Polynesia,1974,4375.35836944149,
PYF,French Polynesia,1975,5260.26041400557,
PYF,French Polynesia,1976,5402.37215577326,
PYF,French Polynesia,1977,5670.0801868281,
PYF,French Polynesia,1978,6969.74080558668,
PYF,French Polynesia,1979,8168.77508735287,
PYF,French Polynesia,1980,8885.47056894563,
PYF,French Polynesia,1981,8103.5046272101,
PYF,French Polynesia,1982,7907.69058387052,
PYF,French Polynesia,1983,7977.82805950276,
PYF,French Polynesia,1984,8005.80208523018,
PYF,French Polynesia,1985,8514.129363877901,
PYF,French Polynesia,1986,12658.4132248253,
PYF,French Polynesia,1987,13630.3174355212,
PYF,French Polynesia,1988,14050.970008417,
PYF,French Polynesia,1989,13470.1650118288,
PYF,French Polynesia,1990,15913.5904795552,
PYF,French Polynesia,1991,16038.0491930106,
PYF,French Polynesia,1992,17169.1240331399,
PYF,French Polynesia,1993,17539.7138267404,
PYF,French Polynesia,1994,16444.07868181,
PYF,French Polynesia,1995,18261.8268633935,
PYF,French Polynesia,1996,17788.1490529454,
PYF,French Polynesia,1997,15723.213314789,
PYF,French Polynesia,1998,16302.4605837944,
PYF,French Polynesia,1999,16073.9987922195,
PYF,French Polynesia,2000,14323.820820245,
QAT,Qatar,1970,2755.73261675495,
QAT,Qatar,1971,3246.6886985278,3.00027990341187
QAT,Qatar,1972,3910.03785992701,2.69144010543823
QAT,Qatar,1973,5583.42149044517,2.86783003807068
QAT,Qatar,1974,15631.9984080357,
QAT,Qatar,1975,15292.0157824871,
QAT,Qatar,1976,18905.6091790258,1.74697005748749
QAT,Qatar,1977,19842.1448883848,1.97005999088287
QAT,Qatar,1978,21109.556150793,2.77696990966797
QAT,Qatar,1979,27455.1487199653,
QAT,Qatar,1980,35008.8297429296,
QAT,Qatar,1981,34926.1406347737,
QAT,Qatar,1982,27402.5640246071,
QAT,Qatar,1983,20909.9801093167,
QAT,Qatar,1984,19645.3146586178,
QAT,Qatar,1985,16590.6237861467,
QAT,Qatar,1986,12704.3343655389,
QAT,Qatar,1987,12901.7043343062,
QAT,Qatar,1988,13611.6297899416,
QAT,Qatar,1989,14052.5289434731,
QAT,Qatar,1990,15454.0823281296,
QAT,Qatar,1991,14124.2928298717,
QAT,Qatar,1992,15434.4593375316,
QAT,Qatar,1993,14270.9737672887,
QAT,Qatar,1994,14544.0916399872,
QAT,Qatar,1995,15849.7200813762,
QAT,Qatar,1996,17337.4218651437,
QAT,Qatar,1997,21104.7242969818,
QAT,Qatar,1998,18593.5489164818,3.57767009735107
QAT,Qatar,1999,21723.6999628948,4.34530019760132
QAT,Qatar,2000,29976.117039047,3.72598004341125
QAT,Qatar,2001,28517.2672052928,3.20019006729126
QAT,Qatar,2002,30214.8590095562,3.84656000137329
QAT,Qatar,2003,34517.7550921858,3.37393999099731
QAT,Qatar,2004,42124.8290055486,3.46258997917175
QAT,Qatar,2005,51455.5941945775,3.97187995910645
QAT,Qatar,2006,59530.1535400938,
QAT,Qatar,2007,65421.7527679693,
QAT,Qatar,2008,80234.47007134921,4.22755002975464
QAT,Qatar,2009,59094.4449369175,3.41315007209778
QAT,Qatar,2010,67403.16029781059,4.53965997695923
QAT,Qatar,2011,82409.58033454711,4.01223993301392
QAT,Qatar,2012,85076.1479273998,3.50744009017944
QAT,Qatar,2013,85050.9109716822,4.07384014129639
QAT,Qatar,2014,83858.5283798723,3.60535001754761
QAT,Qatar,2015,63039.0165548075,
QAT,Qatar,2016,57163.0609918357,
QAT,Qatar,2017,61264.3964777979,2.86383008956909
QAT,Qatar,2018,68793.78443726141,
QAT,Qatar,2019,64781.7331974169,2.69534993171692
ROU,Romania,1987,1673.83836389995,
ROU,Romania,1988,1769.88993114409,
ROU,Romania,1989,1817.90210089083,
ROU,Romania,1990,1680.70562287227,
ROU,Romania,1991,1260.74904545125,
ROU,Romania,1992,1102.10378473246,
ROU,Romania,1993,1158.13251591344,
ROU,Romania,1994,1323.10432504932,
ROU,Romania,1995,1650.27648080037,
ROU,Romania,1996,1633.01064354117,3.24121999740601
ROU,Romania,1997,1577.32335708773,
ROU,Romania,1998,1852.46730900412,
ROU,Romania,1999,1599.88953304677,
ROU,Romania,2000,1659.90763954548,2.86862993240356
ROU,Romania,2001,1825.17980455979,3.26628994941711
ROU,Romania,2002,2119.88267323918,3.5041298866272
ROU,Romania,2003,2679.41190951209,3.54397010803223
ROU,Romania,2004,3494.94451718304,3.31273007392883
ROU,Romania,2005,4617.92901643258,3.50039005279541
ROU,Romania,2006,5757.4964285719,4.30650997161865
ROU,Romania,2007,8360.16632132485,4.14953994750977
ROU,Romania,2008,10435.0439841037,4.0971999168396
ROU,Romania,2009,8548.118672186391,4.00213003158569
ROU,Romania,2010,8209.9194562169,3.49537992477417
ROU,Romania,2011,9104.99562203019,3.05942988395691
ROU,Romania,2012,8535.0468756267,2.95409989356995
ROU,Romania,2013,9555.244217331399,3.04938006401062
ROU,Romania,2014,10026.9735781794,3.12642002105713
ROU,Romania,2015,8977.43738227167,3.10676002502441
ROU,Romania,2016,9567.129344847441,2.97410988807678
ROU,Romania,2017,10807.7953907179,3.09539008140564
ROU,Romania,2018,12408.5964891293,
ROU,Romania,2019,12919.5296441908,
RUS,Russian Federation,1988,3777.2353728423,
RUS,Russian Federation,1989,3428.76215270861,
RUS,Russian Federation,1990,3492.7103142473,
RUS,Russian Federation,1991,3490.45250498822,
RUS,Russian Federation,1992,3098.80263930177,
RUS,Russian Federation,1993,2930.67020113494,
RUS,Russian Federation,1994,2662.10403424087,
RUS,Russian Federation,1995,2665.77986699982,
RUS,Russian Federation,1996,2643.92919598833,
RUS,Russian Federation,1997,2737.57202398929,
RUS,Russian Federation,1998,1834.86184283035,
RUS,Russian Federation,1999,1330.75723561155,
RUS,Russian Federation,2000,1771.59405905827,2.93979001045227
RUS,Russian Federation,2001,2100.35251171829,3.10601997375488
RUS,Russian Federation,2002,2377.52957748244,3.83502006530762
RUS,Russian Federation,2003,2975.12535330125,3.67853999137878
RUS,Russian Federation,2004,4102.36483299792,3.54786992073059
RUS,Russian Federation,2005,5323.46308263384,3.77192997932434
RUS,Russian Federation,2006,6920.18912483291,3.86626005172729
RUS,Russian Federation,2007,9101.255049056719,
RUS,Russian Federation,2008,11635.2729337888,4.10174989700317
RUS,Russian Federation,2009,8562.813277165151,
RUS,Russian Federation,2010,10674.9957825675,
RUS,Russian Federation,2011,14311.0843159612,
RUS,Russian Federation,2012,15420.8745413273,3.79310011863709
RUS,Russian Federation,2013,15974.6446270517,3.76382994651794
RUS,Russian Federation,2014,14095.648742954,4.01387977600098
RUS,Russian Federation,2015,9313.01362484996,3.83402991294861
RUS,Russian Federation,2016,8704.898413295939,3.76044011116028
RUS,Russian Federation,2017,10720.3325853448,4.68990993499756
RUS,Russian Federation,2018,11370.8134559314,
RUS,Russian Federation,2019,11584.9953826104,
RWA,Rwanda,1960,40.5371146164542,
RWA,Rwanda,1961,40.6893902428856,
RWA,Rwanda,1962,40.9441953581732,
RWA,Rwanda,1963,41.2182703847693,
RWA,Rwanda,1964,41.083814461693,
RWA,Rwanda,1965,45.9893538340384,
RWA,Rwanda,1966,37.4887828887568,
RWA,Rwanda,1967,46.6427698014701,
RWA,Rwanda,1968,48.7840445028292,
RWA,Rwanda,1969,51.7946092993676,
RWA,Rwanda,1970,58.5251674181699,
RWA,Rwanda,1971,57.5890717111598,
RWA,Rwanda,1972,61.8118867504512,
RWA,Rwanda,1973,70.8030541409854,
RWA,Rwanda,1974,72.894419808368,
RWA,Rwanda,1975,131.019889023481,
RWA,Rwanda,1976,141.531010923414,
RWA,Rwanda,1977,160.384346154697,2.15020990371704
RWA,Rwanda,1978,188.184756891559,2.23247003555298
RWA,Rwanda,1979,222.813214570619,2.44127988815308
RWA,Rwanda,1980,243.48716901516,2.66633009910584
RWA,Rwanda,1981,264.026285045658,4.39297008514404
RWA,Rwanda,1982,255.637244489871,
RWA,Rwanda,1983,260.005855913253,
RWA,Rwanda,1984,268.923458954038,
RWA,Rwanda,1985,279.104646426906,
RWA,Rwanda,1986,301.79798401721,
RWA,Rwanda,1987,318.206406294038,3.50577998161316
RWA,Rwanda,1988,337.955604965166,3.33534002304077
RWA,Rwanda,1989,330.497030418501,3.7466299533844
RWA,Rwanda,1990,349.873357553015,
RWA,Rwanda,1991,269.850156694848,
RWA,Rwanda,1992,302.738411795672,
RWA,Rwanda,1993,314.751354319277,
RWA,Rwanda,1994,126.954722923157,
RWA,Rwanda,1995,221.628736244043,
RWA,Rwanda,1996,229.886958507161,
RWA,Rwanda,1997,288.409167322081,
RWA,Rwanda,1998,285.710191847827,
RWA,Rwanda,1999,242.314065680986,4.57848978042603
RWA,Rwanda,2000,218.680162740555,4.0951099395752
RWA,Rwanda,2001,203.456871452234,5.66606998443604
RWA,Rwanda,2002,199.067329815645,
RWA,Rwanda,2003,215.748981535709,
RWA,Rwanda,2004,240.649293629715,
RWA,Rwanda,2005,291.996686244083,
RWA,Rwanda,2006,368.248892864394,
RWA,Rwanda,2007,440.330180877078,3.97233009338379
RWA,Rwanda,2008,545.755100548481,3.48989009857178
RWA,Rwanda,2009,582.057276797353,
RWA,Rwanda,2010,612.343699051263,4.61529016494751
RWA,Rwanda,2011,671.509939994776,4.36721992492676
RWA,Rwanda,2012,728.6972971253711,4.40365982055664
RWA,Rwanda,2013,726.180156859823,4.72194004058838
RWA,Rwanda,2014,747.000511564279,4.17978000640869
RWA,Rwanda,2015,754.906789007641,3.63233995437622
RWA,Rwanda,2016,748.504418148739,3.4193000793457
RWA,Rwanda,2017,772.318471775428,3.11083006858826
RWA,Rwanda,2018,782.6181409048791,3.07375001907349
RWA,Rwanda,2019,801.656186978807,
SAS,South Asia,1960,82.3478337183473,
SAS,South Asia,1961,86.04862373465259,
SAS,South Asia,1962,89.9139856127421,
SAS,South Asia,1963,98.9815019707149,
SAS,South Asia,1964,110.877920204979,
SAS,South Asia,1965,116.487941359023,
SAS,South Asia,1966,95.8023780653227,
SAS,South Asia,1967,103.06568335751,
SAS,South Asia,1968,105.617529974276,
SAS,South Asia,1969,113.511735669913,
SAS,South Asia,1970,120.132343722295,
SAS,South Asia,1971,124.911136894442,
SAS,South Asia,1972,122.749766878848,
SAS,South Asia,1973,137.161781330652,1.83042001724243
SAS,South Asia,1974,162.380352246644,
SAS,South Asia,1975,169.818579603363,1.98008000850677
SAS,South Asia,1976,161.910085551381,
SAS,South Asia,1977,183.119603632452,
SAS,South Asia,1978,203.491066905323,
SAS,South Asia,1979,222.574788171672,1.96894001960755
SAS,South Asia,1980,262.085002062005,1.98593997955322
SAS,South Asia,1981,271.322598707037,1.94081002473831
SAS,South Asia,1982,274.142364284104,1.8718249797821
SAS,South Asia,1983,283.441614670789,1.99576997756958
SAS,South Asia,1984,275.597568562932,2.06984996795654
SAS,South Asia,1985,292.818241536622,2.43543004989624
SAS,South Asia,1986,303.094179889549,2.67812991142273
SAS,South Asia,1987,328.996027069148,2.64433002471924
SAS,South Asia,1988,345.668227944326,
SAS,South Asia,1989,341.152485146999,
SAS,South Asia,1990,359.242473790481,2.41092991828918
SAS,South Asia,1991,312.66614791277,2.56676006317139
SAS,South Asia,1992,324.91631936334,
SAS,South Asia,1993,315.006141410442,
SAS,South Asia,1994,349.873087832579,
SAS,South Asia,1995,380.363746770312,
SAS,South Asia,1996,407.761702554035,
SAS,South Asia,1997,419.330284331461,3.02230000495911
SAS,South Asia,1998,416.993017128227,3.05141997337341
SAS,South Asia,1999,438.325296822955,2.75240004062653
SAS,South Asia,2000,453.237604423192,2.55011510848999
SAS,South Asia,2001,455.858136497817,
SAS,South Asia,2002,469.712181469426,
SAS,South Asia,2003,538.711136357217,3.11435008049011
SAS,South Asia,2004,613.94779740106,2.55604004859924
SAS,South Asia,2005,691.692614432554,3.18875002861023
SAS,South Asia,2006,774.863793599491,2.76917994022369
SAS,South Asia,2007,959.305136187905,2.63527011871338
SAS,South Asia,2008,959.461197097627,2.74622988700867
SAS,South Asia,2009,1041.99439395548,2.59078001976013
SAS,South Asia,2010,1257.49943946437,3.377690076828
SAS,South Asia,2011,1367.31313793749,2.84187996387482
SAS,South Asia,2012,1364.41640319999,2.38984990119934
SAS,South Asia,2013,1381.85662659774,2.97394990921021
SAS,South Asia,2014,1494.42076537038,3.08057498931885
SAS,South Asia,2015,1541.80368581438,2.95290994644165
SAS,South Asia,2016,1651.08946256258,3.44919991493225
SAS,South Asia,2017,1866.88606656608,3.47919487953186
SAS,South Asia,2018,1899.60923323667,
SAS,South Asia,2019,1959.91716548699,
SAU,Saudi Arabia,1968,777.2664070031771,
SAU,Saudi Arabia,1969,801.045454430012,
SAU,Saudi Arabia,1970,921.345944098883,
SAU,Saudi Arabia,1971,1177.72394957458,
SAU,Saudi Arabia,1972,1511.68510075167,
SAU,Saudi Arabia,1973,2226.99085494998,
SAU,Saudi Arabia,1974,6437.41608181505,
SAU,Saudi Arabia,1975,6304.11919056932,
SAU,Saudi Arabia,1976,8202.77748659664,
SAU,Saudi Arabia,1977,9038.863152322019,
SAU,Saudi Arabia,1978,9282.64812016929,
SAU,Saudi Arabia,1979,12241.2529961725,
SAU,Saudi Arabia,1980,16977.9854027123,
SAU,Saudi Arabia,1981,17871.9760670563,3.89024996757507
SAU,Saudi Arabia,1982,13944.9510845432,4.14254999160767
SAU,Saudi Arabia,1983,11039.2464137768,5.97797012329102
SAU,Saudi Arabia,1984,9632.53539871598,6.10957002639771
SAU,Saudi Arabia,1985,7919.65103523189,
SAU,Saudi Arabia,1986,6304.25420932151,6.25535011291504
SAU,Saudi Arabia,1987,5932.28664478082,
SAU,Saudi Arabia,1988,5856.37654568536,
SAU,Saudi Arabia,1989,6085.96015248777,
SAU,Saudi Arabia,1990,7246.01636663312,
SAU,Saudi Arabia,1991,7883.24573806222,5.77945995330811
SAU,Saudi Arabia,1992,7932.09093781844,5.14462995529175
SAU,Saudi Arabia,1993,7485.54133445379,5.99928998947144
SAU,Saudi Arabia,1994,7421.29123101861,6.34382009506226
SAU,Saudi Arabia,1995,7690.57752212035,5.69247007369995
SAU,Saudi Arabia,1996,8335.80386648065,4.94374990463257
SAU,Saudi Arabia,1997,8551.67429649764,4.37707996368408
SAU,Saudi Arabia,1998,7419.16001897357,8.28131008148193
SAU,Saudi Arabia,1999,8007.95978039,7.07226991653442
SAU,Saudi Arabia,2000,9171.33014480091,5.90982007980347
SAU,Saudi Arabia,2001,8684.647400702859,7.71887016296387
SAU,Saudi Arabia,2002,8695.400072450229,7.63688993453979
SAU,Saudi Arabia,2003,9609.96697474024,7.10509014129639
SAU,Saudi Arabia,2004,11185.1333681643,6.27747011184692
SAU,Saudi Arabia,2005,13791.4462936446,5.43092012405396
SAU,Saudi Arabia,2006,15384.7401519267,5.89117002487183
SAU,Saudi Arabia,2007,16516.6236201086,
SAU,Saudi Arabia,2008,20078.2577898075,5.13781023025513
SAU,Saudi Arabia,2009,16113.1424853358,
SAU,Saudi Arabia,2010,19262.5476811757,
SAU,Saudi Arabia,2011,23745.8016143404,
SAU,Saudi Arabia,2012,25243.3586984024,
SAU,Saudi Arabia,2013,24844.7443709487,
SAU,Saudi Arabia,2014,24463.9031638501,
SAU,Saudi Arabia,2015,20627.9327820675,
SAU,Saudi Arabia,2016,19879.2975304177,
SAU,Saudi Arabia,2017,20803.7425657324,
SAU,Saudi Arabia,2018,23338.9634581127,
SAU,Saudi Arabia,2019,23139.7986561214,
SDN,Sudan,1960,125.85985110863,
SDN,Sudan,1961,133.082208643336,
SDN,Sudan,1962,140.72511070274,
SDN,Sudan,1963,139.309902858509,
SDN,Sudan,1964,139.223302743664,
SDN,Sudan,1965,141.081952960678,
SDN,Sudan,1966,140.685895589836,
SDN,Sudan,1967,147.997579788729,
SDN,Sudan,1968,150.022652341943,
SDN,Sudan,1969,160.384112095056,
SDN,Sudan,1970,176.954053794033,
SDN,Sudan,1971,187.076875917599,
SDN,Sudan,1972,196.910890374747,
SDN,Sudan,1973,236.617142025316,
SDN,Sudan,1974,294.985023491593,
SDN,Sudan,1975,348.009819621127,
SDN,Sudan,1976,419.930817510918,
SDN,Sudan,1977,506.659835141132,
SDN,Sudan,1978,431.812327117443,
SDN,Sudan,1979,491.577318122651,
SDN,Sudan,1980,392.414785874211,
SDN,Sudan,1981,509.130522584499,
SDN,Sudan,1982,453.796293299545,
SDN,Sudan,1983,390.781222878965,
SDN,Sudan,1984,445.948353389413,
SDN,Sudan,1985,552.974447400777,
SDN,Sudan,1986,683.067580278749,
SDN,Sudan,1987,849.612116941326,
SDN,Sudan,1988,632.335505920282,
SDN,Sudan,1989,611.948520735642,
SDN,Sudan,1990,483.952592007859,
SDN,Sudan,1991,432.479097906362,
SDN,Sudan,1992,260.510243874105,
SDN,Sudan,1993,320.485516533776,
SDN,Sudan,1994,449.710693665473,
SDN,Sudan,1995,473.413389891928,
SDN,Sudan,1996,300.564930338891,
SDN,Sudan,1997,378.954675595447,
SDN,Sudan,1998,355.152430863791,
SDN,Sudan,1999,328.068592591845,
SDN,Sudan,2000,366.172807593807,1.01217997074127
SDN,Sudan,2001,383.015998737117,
SDN,Sudan,2002,418.251841315996,1.42644000053406
SDN,Sudan,2003,484.844735148119,
SDN,Sudan,2004,573.306926117939,1.6298999786377
SDN,Sudan,2005,689.209556966579,1.56307005882263
SDN,Sudan,2006,905.309744891891,1.96301996707916
SDN,Sudan,2007,1128.41034965442,
SDN,Sudan,2008,1304.5330505517,2.20143008232117
SDN,Sudan,2009,1163.79695168321,2.21867990493774
SDN,Sudan,2010,1401.47747416771,
SDN,Sudan,2011,1437.7732945888,
SDN,Sudan,2012,1457.89458202637,
SDN,Sudan,2013,1557.22831003842,
SDN,Sudan,2014,1709.99960541964,
SDN,Sudan,2015,1909.73875450207,
SDN,Sudan,2016,1299.26119456743,
SDN,Sudan,2017,1111.86844893858,
SDN,Sudan,2018,623.867252394076,
SDN,Sudan,2019,441.505603374484,
SEN,Senegal,1960,312.993743681806,
SEN,Senegal,1961,321.36143463126,
SEN,Senegal,1962,320.50125501419,
SEN,Senegal,1963,322.300733288525,
SEN,Senegal,1964,332.081340858427,
SEN,Senegal,1965,328.56343685215,
SEN,Senegal,1966,329.053139717693,
SEN,Senegal,1967,319.639679548659,
SEN,Senegal,1968,326.196121572044,
SEN,Senegal,1969,301.267311594755,
SEN,Senegal,1970,304.734305328959,
SEN,Senegal,1971,305.307489770704,
SEN,Senegal,1972,358.367371767004,
SEN,Senegal,1973,399.808709659103,
SEN,Senegal,1974,437.615825659089,
SEN,Senegal,1975,574.133229492047,
SEN,Senegal,1976,567.443804360695,
SEN,Senegal,1977,567.024677966506,
SEN,Senegal,1978,618.155555118805,
SEN,Senegal,1979,751.025758440173,
SEN,Senegal,1980,794.361333880088,
SEN,Senegal,1981,700.589925342714,
SEN,Senegal,1982,666.14763893692,
SEN,Senegal,1983,576.732360178295,
SEN,Senegal,1984,545.626259014388,
SEN,Senegal,1985,579.48801296747,
SEN,Senegal,1986,795.1590438131429,
SEN,Senegal,1987,928.0997778251329,
SEN,Senegal,1988,890.558357521626,
SEN,Senegal,1989,851.616218947494,
SEN,Senegal,1990,961.573946470954,
SEN,Senegal,1991,916.930763144774,
SEN,Senegal,1992,951.428527821963,
SEN,Senegal,1993,873.883090461082,
SEN,Senegal,1994,580.117707218758,
SEN,Senegal,1995,710.7245101633069,
SEN,Senegal,1996,719.543347439523,
SEN,Senegal,1997,647.829366037871,
SEN,Senegal,1998,681.2600725797261,2.52794003486633
SEN,Senegal,1999,680.57235043481,2.48935008049011
SEN,Senegal,2000,604.654066013211,2.49411988258362
SEN,Senegal,2001,615.2684717237061,2.60248994827271
SEN,Senegal,2002,656.622707739447,2.6793200969696
SEN,Senegal,2003,823.721145085384,2.77210998535156
SEN,Senegal,2004,940.551691829693,3.04487991333008
SEN,Senegal,2005,993.932041095639,4.05773019790649
SEN,Senegal,2006,1040.90399425621,3.76968002319336
SEN,Senegal,2007,1222.3729182258,
SEN,Senegal,2008,1411.92933206154,3.98678994178772
SEN,Senegal,2009,1317.23568742745,4.87013006210327
SEN,Senegal,2010,1280.22546972155,5.18251991271973
SEN,Senegal,2011,1373.52078902067,4.87895011901855
SEN,Senegal,2012,1329.98137880303,4.7331600189209
SEN,Senegal,2013,1376.06981577192,5.6725001335144
SEN,Senegal,2014,1396.65822533925,5.72021007537842
SEN,Senegal,2015,1219.24866243037,5.45637989044189
SEN,Senegal,2016,1269.90210810516,5.11309003829956
SEN,Senegal,2017,1361.69958778497,4.62496995925903
SEN,Senegal,2018,1465.59100640191,4.83328008651733
SEN,Senegal,2019,1446.83096499408,
SGP,Singapore,1960,428.058980027396,
SGP,Singapore,1961,449.151071278746,
SGP,Singapore,1962,472.085824452565,
SGP,Singapore,1963,511.205575252773,
SGP,Singapore,1964,485.533858206574,
SGP,Singapore,1965,516.5353033390101,
SGP,Singapore,1966,566.807677554886,
SGP,Singapore,1967,626.033527685697,
SGP,Singapore,1968,708.606066462846,
SGP,Singapore,1969,812.682796852012,
SGP,Singapore,1970,925.80391294265,
SGP,Singapore,1971,1071.41154035538,3.10976004600525
SGP,Singapore,1972,1264.37510720987,2.86826992034912
SGP,Singapore,1973,1685.45979632163,2.48882007598877
SGP,Singapore,1974,2341.70551423633,2.38852000236511
SGP,Singapore,1975,2489.91157517591,2.43949007987976
SGP,Singapore,1976,2758.94038028476,2.69238996505737
SGP,Singapore,1977,2846.33598832854,2.4507999420166
SGP,Singapore,1978,3193.90565722355,2.29099988937378
SGP,Singapore,1979,3900.53355310873,2.24924993515015
SGP,Singapore,1980,4928.13911785754,2.55966997146606
SGP,Singapore,1981,5596.58597723068,2.58365988731384
SGP,Singapore,1982,6077.63424070933,3.26776003837585
SGP,Singapore,1983,6633.23667366491,3.94772005081177
SGP,Singapore,1984,7228.31758410647,
SGP,Singapore,1985,7001.7667477117,
SGP,Singapore,1986,6799.93036332671,
SGP,Singapore,1987,7539.02930212443,
SGP,Singapore,1988,8914.44122574729,3.65207004547119
SGP,Singapore,1989,10394.5389962406,
SGP,Singapore,1990,11861.7561591366,
SGP,Singapore,1991,14502.3799938606,
SGP,Singapore,1992,16135.9136525986,
SGP,Singapore,1993,18290.0282372282,
SGP,Singapore,1994,21553.0308996263,
SGP,Singapore,1995,24914.411255678,
SGP,Singapore,1996,26233.6288964795,
SGP,Singapore,1997,26375.9719503189,
SGP,Singapore,1998,21829.2998697666,
SGP,Singapore,1999,21796.0844360572,
SGP,Singapore,2000,23852.3270285975,3.32130002975464
SGP,Singapore,2001,21700.0200458315,3.54249000549316
SGP,Singapore,2002,22159.6888632741,3.87853002548218
SGP,Singapore,2003,23730.1524496489,3.98194003105164
SGP,Singapore,2004,27608.5373712744,3.65276002883911
SGP,Singapore,2005,29961.2632774569,3.19596004486084
SGP,Singapore,2006,33769.1541633501,2.85911989212036
SGP,Singapore,2007,39432.9383493761,2.9467499256134
SGP,Singapore,2008,40007.469261214,2.76460003852844
SGP,Singapore,2009,38927.2068817715,3.01012992858887
SGP,Singapore,2010,47236.9602345421,3.08044004440308
SGP,Singapore,2011,53890.4287270504,3.03077006340027
SGP,Singapore,2012,55546.4885386921,3.07085990905762
SGP,Singapore,2013,56967.4257940383,2.85435009002686
SGP,Singapore,2014,57562.5307937678,
SGP,Singapore,2015,55646.6187469505,
SGP,Singapore,2016,56828.2953471601,
SGP,Singapore,2017,60913.745333494,
SGP,Singapore,2018,66188.7793961798,
SGP,Singapore,2019,65233.2824392302,
SLB,Solomon Islands,1967,173.43823525509,
SLB,Solomon Islands,1968,187.377004145121,
SLB,Solomon Islands,1969,184.760133036498,
SLB,Solomon Islands,1971,301.253492503629,3.40000009536743
SLB,Solomon Islands,1972,235.330289133936,
SLB,Solomon Islands,1973,308.257487764075,
SLB,Solomon Islands,1974,453.792813991583,
SLB,Solomon Islands,1975,385.813468726263,
SLB,Solomon Islands,1976,414.254846268604,
SLB,Solomon Islands,1977,448.059258525295,
SLB,Solomon Islands,1978,515.674260722402,
SLB,Solomon Islands,1979,678.828791295073,
SLB,Solomon Islands,1980,731.807765466032,
SLB,Solomon Islands,1981,785.614423242294,
SLB,Solomon Islands,1982,764.651596734997,
SLB,Solomon Islands,1983,707.967102036953,
SLB,Solomon Islands,1984,962.38787373179,
SLB,Solomon Islands,1985,857.892008346499,
SLB,Solomon Islands,1986,755.774411762421,
SLB,Solomon Islands,1987,831.757589171578,
SLB,Solomon Islands,1988,1053.26700062882,
SLB,Solomon Islands,1989,1095.67240252377,
SLB,Solomon Islands,1990,970.016054620333,
SLB,Solomon Islands,1991,998.675386914427,2.75381994247437
SLB,Solomon Islands,1992,1147.8296555943,
SLB,Solomon Islands,1993,1210.36346019223,
SLB,Solomon Islands,1994,1330.6095622507,
SLB,Solomon Islands,1995,1445.48166119145,
SLB,Solomon Islands,1996,1529.44133534527,
SLB,Solomon Islands,1997,1494.52894036953,
SLB,Solomon Islands,1998,1206.00319958931,2.24870991706848
SLB,Solomon Islands,1999,1200.77416122316,
SLB,Solomon Islands,2000,1054.38824573508,
SLB,Solomon Islands,2001,944.614034082747,
SLB,Solomon Islands,2002,784.64982718644,
SLB,Solomon Islands,2003,744.352554630394,
SLB,Solomon Islands,2004,818.058867255192,
SLB,Solomon Islands,2005,880.812991375656,
SLB,Solomon Islands,2006,949.337600133404,
SLB,Solomon Islands,2007,1048.65001454843,9.87994956970215
SLB,Solomon Islands,2008,1208.33861780089,8.800919532775881
SLB,Solomon Islands,2009,1160.30164763159,8.97325992584229
SLB,Solomon Islands,2010,1290.39878585913,9.860630035400391
SLB,Solomon Islands,2011,1722.41812107591,
SLB,Solomon Islands,2012,1913.23201256373,
SLB,Solomon Islands,2013,1977.45140452319,
SLB,Solomon Islands,2014,1996.78118438995,
SLB,Solomon Islands,2015,1914.46792975705,
SLB,Solomon Islands,2016,1986.41623627442,
SLB,Solomon Islands,2017,2059.04542370076,
SLB,Solomon Islands,2018,2137.69070046201,
SLB,Solomon Islands,2019,2127.53850760272,
SLE,Sierra Leone,1960,138.938759825547,
SLE,Sierra Leone,1961,139.363984451848,
SLE,Sierra Leone,1962,143.472047660379,
SLE,Sierra Leone,1963,143.620721012556,
SLE,Sierra Leone,1964,150.749215337115,
SLE,Sierra Leone,1965,143.280892237902,
SLE,Sierra Leone,1966,147.155936368812,
SLE,Sierra Leone,1967,134.317094660702,
SLE,Sierra Leone,1968,124.757033586749,
SLE,Sierra Leone,1969,151.740571020182,
SLE,Sierra Leone,1970,158.261429602906,
SLE,Sierra Leone,1971,149.907395326258,
SLE,Sierra Leone,1972,163.012944182625,
SLE,Sierra Leone,1973,197.446725957202,
SLE,Sierra Leone,1974,218.079341858889,
SLE,Sierra Leone,1975,223.675158097828,
SLE,Sierra Leone,1976,191.741509142629,
SLE,Sierra Leone,1977,218.19145650953,
SLE,Sierra Leone,1978,296.44432782265,
SLE,Sierra Leone,1979,334.804099250502,
SLE,Sierra Leone,1980,324.830299269393,
SLE,Sierra Leone,1981,321.823429166968,
SLE,Sierra Leone,1982,365.903865047213,
SLE,Sierra Leone,1983,274.902310884155,
SLE,Sierra Leone,1984,293.315961923038,
SLE,Sierra Leone,1985,225.182777078098,
SLE,Sierra Leone,1986,125.152126511172,
SLE,Sierra Leone,1987,173.670776050688,
SLE,Sierra Leone,1988,253.831332125315,
SLE,Sierra Leone,1989,219.294086822424,
SLE,Sierra Leone,1990,150.389032266233,
SLE,Sierra Leone,1991,179.361334048072,
SLE,Sierra Leone,1992,156.40321179475,
SLE,Sierra Leone,1993,177.59759101367,
SLE,Sierra Leone,1994,211.592477724123,
SLE,Sierra Leone,1995,202.315854783582,
SLE,Sierra Leone,1996,218.366586401519,
SLE,Sierra Leone,1997,196.115110259243,
SLE,Sierra Leone,1998,153.458527020908,
SLE,Sierra Leone,1999,150.006290115412,
SLE,Sierra Leone,2000,138.698692243778,4.94936990737915
SLE,Sierra Leone,2001,229.375514781377,3.43271994590759
SLE,Sierra Leone,2002,252.396210279162,3.54527997970581
SLE,Sierra Leone,2003,266.447110343097,3.26061010360718
SLE,Sierra Leone,2004,266.569567539112,3.10713005065918
SLE,Sierra Leone,2005,292.349325247085,2.7969799041748
SLE,Sierra Leone,2006,323.389184871498,
SLE,Sierra Leone,2007,360.372141808683,2.55851006507874
SLE,Sierra Leone,2008,408.48074207499,2.41317009925842
SLE,Sierra Leone,2009,391.201005316528,2.7781400680542
SLE,Sierra Leone,2010,401.835001366837,2.58863997459412
SLE,Sierra Leone,2011,448.337525527861,2.66890001296997
SLE,Sierra Leone,2012,566.378656937493,2.87204003334045
SLE,Sierra Leone,2013,716.835304734774,2.37981009483337
SLE,Sierra Leone,2014,714.700712388696,2.66291999816895
SLE,Sierra Leone,2015,588.228452702849,
SLE,Sierra Leone,2016,501.415712857832,3.06023001670837
SLE,Sierra Leone,2017,499.38070781976,4.63576984405518
SLE,Sierra Leone,2018,533.991184258936,6.98963022232056
SLE,Sierra Leone,2019,504.46254336648,7.70228004455566
SLV,El Salvador,1965,274.175002569258,
SLV,El Salvador,1966,282.189904406622,
SLV,El Salvador,1967,288.187075391239,
SLV,El Salvador,1968,290.025602994465,
SLV,El Salvador,1969,293.387623370139,
SLV,El Salvador,1970,308.439702178125,
SLV,El Salvador,1971,314.615765960161,
SLV,El Salvador,1972,326.769854697414,
SLV,El Salvador,1973,363.829910677123,
SLV,El Salvador,1974,410.288996271175,
SLV,El Salvador,1975,453.492124085251,.904510021209717
SLV,El Salvador,1976,548.152796631997,
SLV,El Salvador,1977,678.038164711978,
SLV,El Salvador,1978,706.616139653352,
SLV,El Salvador,1979,767.798903556072,
SLV,El Salvador,1980,778.448178598142,
SLV,El Salvador,1981,736.590673166517,
SLV,El Salvador,1982,717.543738918957,
SLV,El Salvador,1983,729.738862232267,
SLV,El Salvador,1984,751.725947360263,
SLV,El Salvador,1985,769.802951583888,
SLV,El Salvador,1986,753.980380366293,
SLV,El Salvador,1987,781.059082548386,
SLV,El Salvador,1988,816.219823839522,
SLV,El Salvador,1989,840.7133058826651,
SLV,El Salvador,1990,914.130927454167,
SLV,El Salvador,1991,983.180031889496,
SLV,El Salvador,1992,1073.31104515,
SLV,El Salvador,1993,1216.70106258527,
SLV,El Salvador,1994,1380.7076298666,
SLV,El Salvador,1995,1585.10945883523,
SLV,El Salvador,1996,1684.78598536575,
SLV,El Salvador,1997,1778.8375757272,
SLV,El Salvador,1998,1886.35964030967,2.54725003242493
SLV,El Salvador,1999,1930.62349290298,2.56260991096497
SLV,El Salvador,2000,2001.53800924467,2.83868002891541
SLV,El Salvador,2001,2072.29984244997,
SLV,El Salvador,2002,2124.10288862918,3.242840051651
SLV,El Salvador,2003,2209.49650796945,3.13467001914978
SLV,El Salvador,2004,2278.43184290573,
SLV,El Salvador,2005,2428.56951188864,3.17785000801086
SLV,El Salvador,2006,2631.82041514301,3.49298000335693
SLV,El Salvador,2007,2786.15792171718,3.60984992980957
SLV,El Salvador,2008,2933.39567537172,4.45810985565186
SLV,El Salvador,2009,2858.47963017276,4.65950012207031
SLV,El Salvador,2010,2983.24270784904,4.04806995391846
SLV,El Salvador,2011,3266.04587535311,3.89849996566772
SLV,El Salvador,2012,3428.38473639383,3.71247005462646
SLV,El Salvador,2013,3509.53149262616,3.80149006843567
SLV,El Salvador,2014,3589.04219262897,3.82416009902954
SLV,El Salvador,2015,3705.57794598177,3.90987992286682
SLV,El Salvador,2016,3805.99366628473,3.82523989677429
SLV,El Salvador,2017,3910.25719295906,3.7252299785614
SLV,El Salvador,2018,4067.65944881154,3.59242010116577
SLV,El Salvador,2019,4187.2500311069,
SMR,San Marino,1999,40858.3038340435,
SMR,San Marino,2000,36601.8275523984,
SMR,San Marino,2001,38739.1586025034,
SMR,San Marino,2002,41464.7464336905,
SMR,San Marino,2003,51268.3341788181,
SMR,San Marino,2004,59562.8887353144,
SMR,San Marino,2005,60900.5432888271,
SMR,San Marino,2006,64248.0506989351,
SMR,San Marino,2007,72709.7968797872,
SMR,San Marino,2008,78643.5506479242,
SMR,San Marino,2009,66722.69930755541,
SMR,San Marino,2010,60239.3407070333,2.62883996963501
SMR,San Marino,2011,57286.6550002958,2.70296001434326
SMR,San Marino,2012,49985.349570181,
SMR,San Marino,2013,51572.5681707239,
SMR,San Marino,2014,50806.5343783866,
SMR,San Marino,2015,42650.3172583365,
SMR,San Marino,2016,43842.3855205602,
SMR,San Marino,2017,45394.2010273704,3.37033009529114
SMR,San Marino,2018,48481.0133042107,3.59285998344421
SOM,Somalia,1960,65.47959731667279,
SOM,Somalia,1961,68.10656638280069,
SOM,Somalia,1962,70.8129750586869,
SOM,Somalia,1963,73.60722932331009,
SOM,Somalia,1964,76.4804494358627,
SOM,Somalia,1965,79.428968473361,
SOM,Somalia,1966,81.8712704963359,
SOM,Somalia,1967,84.1988080694839,
SOM,Somalia,1968,86.55013873411271,
SOM,Somalia,1969,90.45792280696899,
SOM,Somalia,1970,93.6547076855086,
SOM,Somalia,1971,95.3536138874198,
SOM,Somalia,1972,119.818275507383,1.18468999862671
SOM,Somalia,1973,144.344675828195,1.27727997303009
SOM,Somalia,1974,128.703198260335,
SOM,Somalia,1975,183.195034427561,
SOM,Somalia,1976,188.661113014056,
SOM,Somalia,1977,103.818457859417,
SOM,Somalia,1978,105.113353068187,
SOM,Somalia,1979,100.194196961881,
SOM,Somalia,1980,96.0961279957105,
SOM,Somalia,1981,107.37216000333,
SOM,Somalia,1982,117.193464465289,
SOM,Somalia,1983,110.884884500343,
SOM,Somalia,1984,119.174781292654,
SOM,Somalia,1985,131.817383898435,
SOM,Somalia,1986,138.096111852811,
SOM,Somalia,1987,147.151348306562,
SOM,Somalia,1988,148.216502760214,
SOM,Somalia,1989,153.140817729991,
SOM,Somalia,1990,126.924920542559,
SRB,Serbia,1995,2207.45430261745,
SRB,Serbia,1996,2864.0871715307,
SRB,Serbia,1997,3380.04364292,
SRB,Serbia,1998,2571.17271041453,
SRB,Serbia,1999,2571.30517677075,
SRB,Serbia,2000,914.785509260555,
SRB,Serbia,2001,1727.28119565526,
SRB,Serbia,2002,2283.84668494941,
SRB,Serbia,2003,3005.42635224484,
SRB,Serbia,2004,3502.80315340635,
SRB,Serbia,2005,3720.47915467431,
SRB,Serbia,2006,4382.61727851692,
SRB,Serbia,2007,5848.47640545105,4.20983982086182
SRB,Serbia,2008,7101.04014116862,4.44199991226196
SRB,Serbia,2009,6169.11419477823,4.48398017883301
SRB,Serbia,2010,5735.42285659849,4.32780981063843
SRB,Serbia,2011,6809.15980400146,4.2383599281311
SRB,Serbia,2012,6015.94522756969,4.16420984268188
SRB,Serbia,2013,6755.07351070594,
SRB,Serbia,2014,6600.0566499116,3.92698001861572
SRB,Serbia,2015,5585.1178082606,3.78902006149292
SRB,Serbia,2016,5756.38119351044,3.64026999473572
SRB,Serbia,2017,6284.19280376523,3.71509003639221
SRB,Serbia,2018,7246.19198607054,3.58539009094238
SRB,Serbia,2019,7402.35455862041,
SSA,Sub-Saharan Africa (excluding high income),1960,131.452950816032,
SSA,Sub-Saharan Africa (excluding high income),1961,133.46253121626,
SSA,Sub-Saharan Africa (excluding high income),1962,141.227540340402,
SSA,Sub-Saharan Africa (excluding high income),1963,157.973217268287,
SSA,Sub-Saharan Africa (excluding high income),1964,150.586399155452,
SSA,Sub-Saharan Africa (excluding high income),1965,163.646369236189,
SSA,Sub-Saharan Africa (excluding high income),1966,172.278270054411,
SSA,Sub-Saharan Africa (excluding high income),1967,166.103519947927,
SSA,Sub-Saharan Africa (excluding high income),1968,173.229819343174,
SSA,Sub-Saharan Africa (excluding high income),1969,193.263065757411,
SSA,Sub-Saharan Africa (excluding high income),1970,221.381960420852,
SSA,Sub-Saharan Africa (excluding high income),1971,219.371126675727,
SSA,Sub-Saharan Africa (excluding high income),1972,240.926038912235,
SSA,Sub-Saharan Africa (excluding high income),1973,299.781986039073,
SSA,Sub-Saharan Africa (excluding high income),1974,381.38073116364,
SSA,Sub-Saharan Africa (excluding high income),1975,408.865681720665,
SSA,Sub-Saharan Africa (excluding high income),1976,431.805307518485,
SSA,Sub-Saharan Africa (excluding high income),1977,461.046038503721,
SSA,Sub-Saharan Africa (excluding high income),1978,494.917854998549,
SSA,Sub-Saharan Africa (excluding high income),1979,578.890641202134,
SSA,Sub-Saharan Africa (excluding high income),1980,710.523214911539,
SSA,Sub-Saharan Africa (excluding high income),1981,966.359870453287,
SSA,Sub-Saharan Africa (excluding high income),1982,863.650184153227,
SSA,Sub-Saharan Africa (excluding high income),1983,730.492049607576,
SSA,Sub-Saharan Africa (excluding high income),1984,620.0594811810309,
SSA,Sub-Saharan Africa (excluding high income),1985,569.375191084858,
SSA,Sub-Saharan Africa (excluding high income),1986,567.279958607522,
SSA,Sub-Saharan Africa (excluding high income),1987,628.748459435219,
SSA,Sub-Saharan Africa (excluding high income),1988,629.169708384739,
SSA,Sub-Saharan Africa (excluding high income),1989,607.791559022134,
SSA,Sub-Saharan Africa (excluding high income),1990,663.3773532137,
SSA,Sub-Saharan Africa (excluding high income),1991,654.207135811602,
SSA,Sub-Saharan Africa (excluding high income),1992,627.277586206577,
SSA,Sub-Saharan Africa (excluding high income),1993,568.194347159254,
SSA,Sub-Saharan Africa (excluding high income),1994,543.719487850683,
SSA,Sub-Saharan Africa (excluding high income),1995,607.215401302813,
SSA,Sub-Saharan Africa (excluding high income),1996,610.8964609819,
SSA,Sub-Saharan Africa (excluding high income),1997,618.807547503082,
SSA,Sub-Saharan Africa (excluding high income),1998,581.497257781936,
SSA,Sub-Saharan Africa (excluding high income),1999,572.797894964507,3.22785997390747
SSA,Sub-Saharan Africa (excluding high income),2000,594.230298719844,2.64670991897583
SSA,Sub-Saharan Africa (excluding high income),2001,552.305349180745,3.55069994926453
SSA,Sub-Saharan Africa (excluding high income),2002,586.803365303805,3.10662496089935
SSA,Sub-Saharan Africa (excluding high income),2003,716.631598689712,
SSA,Sub-Saharan Africa (excluding high income),2004,869.741253785181,3.10838007926941
SSA,Sub-Saharan Africa (excluding high income),2005,1006.80301539065,3.41591000556946
SSA,Sub-Saharan Africa (excluding high income),2006,1165.86031964618,3.43500995635986
SSA,Sub-Saharan Africa (excluding high income),2007,1317.73023185072,
SSA,Sub-Saharan Africa (excluding high income),2008,1470.06544803835,3.3444299697876
SSA,Sub-Saharan Africa (excluding high income),2009,1363.49384979256,3.86788010597229
SSA,Sub-Saharan Africa (excluding high income),2010,1578.62752040559,3.52101492881775
SSA,Sub-Saharan Africa (excluding high income),2011,1733.95578110555,3.10247993469238
SSA,Sub-Saharan Africa (excluding high income),2012,1770.1596372002,3.47949004173279
SSA,Sub-Saharan Africa (excluding high income),2013,1838.05574353651,3.30608010292053
SSA,Sub-Saharan Africa (excluding high income),2014,1873.49181691514,4.01719999313354
SSA,Sub-Saharan Africa (excluding high income),2015,1662.58802761865,3.80150008201599
SSA,Sub-Saharan Africa (excluding high income),2016,1492.85111898339,3.09609007835388
SSA,Sub-Saharan Africa (excluding high income),2017,1548.8015400679,3.91740500926972
SSA,Sub-Saharan Africa (excluding high income),2018,1576.77661522188,3.98943996429443
SSA,Sub-Saharan Africa (excluding high income),2019,1573.01368789166,
SSD,South Sudan,2008,1669.49241411244,
SSD,South Sudan,2009,1337.88208418369,
SSD,South Sudan,2010,1535.70818396841,
SSD,South Sudan,2011,1516.40391483427,.962890028953552
SSD,South Sudan,2012,1179.73982772896,
SSD,South Sudan,2013,1779.4693342398,1.02450001239777
SSD,South Sudan,2014,1322.8202385055,1.23246002197266
SSD,South Sudan,2015,1119.65133267823,1.46555995941162
SSD,South Sudan,2016,,1.54390001296997
SSF,Sub-Saharan Africa,1960,131.710995616071,
SSF,Sub-Saharan Africa,1961,133.71664291099,
SSF,Sub-Saharan Africa,1962,141.494765199184,
SSF,Sub-Saharan Africa,1963,158.268493458476,
SSF,Sub-Saharan Africa,1964,150.876008006998,
SSF,Sub-Saharan Africa,1965,163.955335745913,
SSF,Sub-Saharan Africa,1966,172.603809683958,
SSF,Sub-Saharan Africa,1967,166.421640821981,
SSF,Sub-Saharan Africa,1968,173.558147070151,
SSF,Sub-Saharan Africa,1969,193.626323372499,
SSF,Sub-Saharan Africa,1970,221.800631331076,
SSF,Sub-Saharan Africa,1971,219.804792873724,
SSF,Sub-Saharan Africa,1972,241.431634515327,
SSF,Sub-Saharan Africa,1973,300.413791618444,
SSF,Sub-Saharan Africa,1974,382.180291666855,
SSF,Sub-Saharan Africa,1975,409.737287805015,
SSF,Sub-Saharan Africa,1976,432.731495850896,
SSF,Sub-Saharan Africa,1977,462.242008091978,
SSF,Sub-Saharan Africa,1978,496.591935949201,
SSF,Sub-Saharan Africa,1979,580.907358762174,
SSF,Sub-Saharan Africa,1980,711.829374087143,
SSF,Sub-Saharan Africa,1981,966.8309479837141,
SSF,Sub-Saharan Africa,1982,864.195497593192,
SSF,Sub-Saharan Africa,1983,731.418384142875,
SSF,Sub-Saharan Africa,1984,621.147426612376,
SSF,Sub-Saharan Africa,1985,570.685669412317,
SSF,Sub-Saharan Africa,1986,569.526054756312,
SSF,Sub-Saharan Africa,1987,631.766858801846,
SSF,Sub-Saharan Africa,1988,632.709862994407,
SSF,Sub-Saharan Africa,1989,611.413189205878,
SSF,Sub-Saharan Africa,1990,667.8260940174021,
SSF,Sub-Saharan Africa,1991,658.9470845603259,
SSF,Sub-Saharan Africa,1992,632.7375601722269,
SSF,Sub-Saharan Africa,1993,573.769182337852,
SSF,Sub-Saharan Africa,1994,549.731096002883,
SSF,Sub-Saharan Africa,1995,613.794027599827,
SSF,Sub-Saharan Africa,1996,617.918073933607,
SSF,Sub-Saharan Africa,1997,625.323773039696,
SSF,Sub-Saharan Africa,1998,587.952411380854,
SSF,Sub-Saharan Africa,1999,579.383012363789,3.32265496253967
SSF,Sub-Saharan Africa,2000,601.063872141828,2.80913496017456
SSF,Sub-Saharan Africa,2001,558.9731758865991,3.43271994590759
SSF,Sub-Saharan Africa,2002,593.658948640076,3.06089997291565
SSF,Sub-Saharan Africa,2003,724.436366351841,
SSF,Sub-Saharan Africa,2004,878.273114053591,3.10963010787964
SSF,Sub-Saharan Africa,2005,1014.83239214841,3.52218008041382
SSF,Sub-Saharan Africa,2006,1174.20457412191,3.56625998020172
SSF,Sub-Saharan Africa,2007,1327.0104103726,
SSF,Sub-Saharan Africa,2008,1481.00179155169,3.2853000164032
SSF,Sub-Saharan Africa,2009,1373.13746570894,3.61195003986359
SSF,Sub-Saharan Africa,2010,1588.81797741095,3.53979992866516
SSF,Sub-Saharan Africa,2011,1745.44305673761,3.21727502346039
SSF,Sub-Saharan Africa,2012,1781.43313604747,3.44884502887726
SSF,Sub-Saharan Africa,2013,1849.69360950361,3.3275101184845
SSF,Sub-Saharan Africa,2014,1885.47256318323,4.03524994850159
SSF,Sub-Saharan Africa,2015,1673.44929052822,4.14809000492096
SSF,Sub-Saharan Africa,2016,1504.23840871572,3.25769507884979
SSF,Sub-Saharan Africa,2017,1560.8873467415,4.03133010864258
SSF,Sub-Saharan Africa,2018,1589.42515617081,4.30376505851746
SSF,Sub-Saharan Africa,2019,1585.43646774798,
SST,Small states,1970,462.607009508852,
SST,Small states,1971,511.098499412537,
SST,Small states,1972,591.45971923791,
SST,Small states,1973,723.867813563029,4.24899995326995
SST,Small states,1974,1104.36437239008,4.24160504341125
SST,Small states,1975,1234.56583187363,
SST,Small states,1976,1384.12066477022,
SST,Small states,1977,1543.72832148986,
SST,Small states,1978,1629.87969873041,
SST,Small states,1979,1984.90510416413,
SST,Small states,1980,2588.76929414858,
SST,Small states,1981,2621.53336747802,
SST,Small states,1982,2555.37981688099,
SST,Small states,1983,2421.67278658644,5.76660013198853
SST,Small states,1984,2353.41069537124,5.71278500556946
SST,Small states,1985,2219.9089038897,5.65072011947632
SST,Small states,1986,2133.83077368131,
SST,Small states,1987,2387.86075515458,
SST,Small states,1988,2578.82075909918,5.04598510265351
SST,Small states,1989,2631.66675267684,4.69192504882813
SST,Small states,1990,2986.76509949898,4.21664500236512
SST,Small states,1991,2993.87381460507,
SST,Small states,1992,3134.75457114112,
SST,Small states,1993,3041.9041521215,
SST,Small states,1994,3146.3204393539,
SST,Small states,1995,3506.90462111411,3.55854988098145
SST,Small states,1996,3674.61087955168,
SST,Small states,1997,3876.37761484338,
SST,Small states,1998,3812.79848246069,
SST,Small states,1999,4026.6442266314,4.5929650068283
SST,Small states,2000,4386.87577185771,4.98346996307373
SST,Small states,2001,4340.84211577861,5.03142499923706
SST,Small states,2002,4579.50145384837,4.90804982185364
SST,Small states,2003,5396.70661721099,4.8435001373291
SST,Small states,2004,6394.59829782513,4.87734985351563
SST,Small states,2005,7485.46302150003,5.54991507530212
SST,Small states,2006,8512.416732766251,
SST,Small states,2007,10004.6693394263,
SST,Small states,2008,11784.9698422133,6.19131994247437
SST,Small states,2009,9878.892170627019,6.19848012924194
SST,Small states,2010,11122.8030135803,5.47338008880615
SST,Small states,2011,13171.1359583868,4.49108004570008
SST,Small states,2012,13484.6668560084,3.41820001602173
SST,Small states,2013,13774.4921831261,3.84481501579285
SST,Small states,2014,13965.96172728,5.14201521873474
SST,Small states,2015,11707.5184818596,
SST,Small states,2016,11311.7329004564,
SST,Small states,2017,12135.8377896016,5.14187502861023
SST,Small states,2018,13158.7022004688,
SST,Small states,2019,12730.944488417,
STP,Sao Tome and Principe,2001,524.687994785979,
STP,Sao Tome and Principe,2002,577.64015656774,2.72058010101318
STP,Sao Tome and Principe,2003,678.6928395789949,3.24692988395691
STP,Sao Tome and Principe,2004,745.3154518892439,3.23470997810364
STP,Sao Tome and Principe,2005,866.5049956388031,4.85645008087158
STP,Sao Tome and Principe,2006,883.069731483083,4.27118015289307
STP,Sao Tome and Principe,2007,896.85161204896,6.28682994842529
STP,Sao Tome and Principe,2008,1098.76806096801,5.5544900894165
STP,Sao Tome and Principe,2009,1067.91412455968,10.6779003143311
STP,Sao Tome and Principe,2010,1094.71071732287,9.65147018432617
STP,Sao Tome and Principe,2011,1263.86802227704,
STP,Sao Tome and Principe,2012,1340.52770210677,6.33950996398926
STP,Sao Tome and Principe,2013,1577.01827831712,5.93969011306763
STP,Sao Tome and Principe,2014,1782.79805936252,3.74883008003235
STP,Sao Tome and Principe,2015,1595.86463222251,3.86450004577637
STP,Sao Tome and Principe,2016,1710.13089783903,5.17306995391846
STP,Sao Tome and Principe,2017,1811.0128258881,5.08415985107422
STP,Sao Tome and Principe,2018,2001.1369778051,5.14906978607178
STP,Sao Tome and Principe,2019,1994.90646719089,
SUR,Suriname,1960,346.161996171896,
SUR,Suriname,1961,363.954635775017,
SUR,Suriname,1962,382.204379802234,
SUR,Suriname,1963,403.754483934771,
SUR,Suriname,1964,419.645923751834,
SUR,Suriname,1965,468.632195928691,
SUR,Suriname,1966,562.902548512825,
SUR,Suriname,1967,634.8156244606801,
SUR,Suriname,1968,676.903660075726,
SUR,Suriname,1969,714.15801416489,
SUR,Suriname,1970,747.150960370287,
SUR,Suriname,1971,815.196784712217,
SUR,Suriname,1972,847.904497604014,
SUR,Suriname,1973,930.216625789567,
SUR,Suriname,1974,1133.22476200483,
SUR,Suriname,1975,1295.84161502787,
SUR,Suriname,1976,1412.19657329314,
SUR,Suriname,1977,1793.60787789487,
SUR,Suriname,1978,2053.90129545182,
SUR,Suriname,1979,2180.77131024642,
SUR,Suriname,1980,2211.28785961243,
SUR,Suriname,1981,2468.46391572237,
SUR,Suriname,1982,2535.18785326388,
SUR,Suriname,1983,2438.7483576058,
SUR,Suriname,1984,2368.85612214963,
SUR,Suriname,1985,2368.17691068202,
SUR,Suriname,1986,2381.46148500561,
SUR,Suriname,1987,2571.92871033522,
SUR,Suriname,1988,2985.48913420815,
SUR,Suriname,1989,1366.4580631351,
SUR,Suriname,1990,958.614698100541,
SUR,Suriname,1991,1084.97475817484,
SUR,Suriname,1992,961.833331352296,
SUR,Suriname,1993,1001.71648221469,
SUR,Suriname,1994,1391.60096370631,
SUR,Suriname,1995,1565.21202336887,
SUR,Suriname,1996,1921.87971192646,
SUR,Suriname,1997,2039.85480919762,
SUR,Suriname,1998,2415.77884048705,
SUR,Suriname,1999,1904.42471861882,
SUR,Suriname,2000,2012.26028656387,
SUR,Suriname,2001,1750.55837080141,
SUR,Suriname,2002,2267.72106563212,
SUR,Suriname,2003,2611.35608621247,
SUR,Suriname,2004,3006.18932222207,
SUR,Suriname,2005,3590.62661631518,
SUR,Suriname,2006,5197.7170468316,
SUR,Suriname,2007,5744.75972670722,
SUR,Suriname,2008,6831.97041053749,
SUR,Suriname,2009,7408.3891106583,
SUR,Suriname,2010,8255.7968587048,
SUR,Suriname,2011,8263.172923053829,
SUR,Suriname,2012,9201.008785300561,
SUR,Suriname,2013,9402.23313695562,
SUR,Suriname,2014,9472.007599514271,
SUR,Suriname,2015,8561.97417855142,
SUR,Suriname,2016,5539.06887190094,
SUR,Suriname,2017,5626.79581590317,
SUR,Suriname,2018,6003.723065571,
SUR,Suriname,2019,6854.90656148409,
SVK,Slovak Republic,1990,2405.53513644795,
SVK,Slovak Republic,1991,2691.19560564077,
SVK,Slovak Republic,1992,2920.91756673063,5.35694980621338
SVK,Slovak Republic,1993,3102.29679279586,4.44960021972656
SVK,Slovak Republic,1994,3771.35942702068,3.71250009536743
SVK,Slovak Republic,1995,4819.12555470987,4.29757976531982
SVK,Slovak Republic,1996,5196.94037965932,4.12440013885498
SVK,Slovak Republic,1997,5146.67107827084,4.1223201751709
SVK,Slovak Republic,1998,5538.61646477184,
SVK,Slovak Republic,1999,5643.6751092567,4.1072998046875
SVK,Slovak Republic,2000,5413.15062068807,3.86468005180359
SVK,Slovak Republic,2001,5717.21708969017,3.93569993972778
SVK,Slovak Republic,2002,6533.55321303732,4.24539995193481
SVK,Slovak Republic,2003,8712.698793120589,4.20956993103027
SVK,Slovak Republic,2004,10671.8218610632,4.10157012939453
SVK,Slovak Republic,2005,11685.7548224391,3.75995993614197
SVK,Slovak Republic,2006,13159.7594413964,3.70770001411438
SVK,Slovak Republic,2007,16085.6115233381,3.52321004867554
SVK,Slovak Republic,2008,18677.2927109318,3.52165007591248
SVK,Slovak Republic,2009,16531.6705140706,4.00641012191772
SVK,Slovak Republic,2010,16727.2913264619,4.08471012115479
SVK,Slovak Republic,2011,18338.3622288437,3.92964005470276
SVK,Slovak Republic,2012,17460.0468093549,3.86770009994507
SVK,Slovak Republic,2013,18236.9807888867,4.07648992538452
SVK,Slovak Republic,2014,18670.9301711227,4.221360206604
SVK,Slovak Republic,2015,16309.073235592,4.59954023361206
SVK,Slovak Republic,2016,16505.9750465561,3.91171002388
SVK,Slovak Republic,2017,17554.3083210444,3.93913006782532
SVK,Slovak Republic,2018,19428.1162135733,
SVK,Slovak Republic,2019,19329.0968007902,
SVN,Slovenia,1990,9107.47707941181,
SVN,Slovenia,1991,6633.73828010506,4.43858003616333
SVN,Slovenia,1992,6562.01839609836,5.14512014389038
SVN,Slovenia,1993,6656.93337568165,5.40206003189087
SVN,Slovenia,1994,7564.74118401424,5.12166023254395
SVN,Slovenia,1995,10730.4509120315,4.90559005737305
SVN,Slovenia,1996,10815.1112238352,
SVN,Slovenia,1997,10454.9655635051,
SVN,Slovenia,1998,11175.7711014244,
SVN,Slovenia,1999,11452.7827920923,
SVN,Slovenia,2000,10201.3035366727,
SVN,Slovenia,2001,10479.759432707,5.7568302154541
SVN,Slovenia,2002,11777.1555078451,5.67286014556885
SVN,Slovenia,2003,14849.0369516333,5.70333003997803
SVN,Slovenia,2004,17233.1385611279,5.64425992965698
SVN,Slovenia,2005,18098.9087305,5.60408020019531
SVN,Slovenia,2006,19672.9654929018,5.59066009521484
SVN,Slovenia,2007,23787.6466923136,5.11661005020142
SVN,Slovenia,2008,27483.3369524581,5.10951995849609
SVN,Slovenia,2009,24694.2305557835,5.55496978759766
SVN,Slovenia,2010,23509.5433941493,5.54546022415161
SVN,Slovenia,2011,25095.1326282071,5.541259765625
SVN,Slovenia,2012,22643.1002515007,5.62023019790649
SVN,Slovenia,2013,23496.6023059673,5.4057297706604
SVN,Slovenia,2014,24214.9220717273,5.29169988632202
SVN,Slovenia,2015,20881.7667686947,4.90953016281128
SVN,Slovenia,2016,21622.580683576,4.80178022384644
SVN,Slovenia,2017,23500.7522308704,4.78323984146118
SVN,Slovenia,2018,26054.5421049784,
SVN,Slovenia,2019,25739.2478143246,
SWE,Sweden,1960,2114.00297269192,
SWE,Sweden,1961,2288.92170111915,
SWE,Sweden,1962,2468.69458903006,
SWE,Sweden,1963,2657.02250478203,
SWE,Sweden,1964,2941.04889945204,
SWE,Sweden,1965,3206.09917020339,
SWE,Sweden,1966,3454.42978938679,
SWE,Sweden,1967,3720.92684527721,
SWE,Sweden,1968,3926.40900146965,
SWE,Sweden,1969,4234.16134821018,
SWE,Sweden,1970,4736.21714897078,
SWE,Sweden,1971,5132.71160742552,
SWE,Sweden,1972,6027.12850434378,
SWE,Sweden,1973,7301.21542870023,
SWE,Sweden,1974,8089.91458190632,
SWE,Sweden,1975,10117.3066813275,
SWE,Sweden,1976,10868.2757657546,
SWE,Sweden,1977,11448.6193831141,
SWE,Sweden,1978,12620.5186141512,
SWE,Sweden,1979,14877.164277105,6.37237977981567
SWE,Sweden,1980,17097.8326455196,6.53704977035522
SWE,Sweden,1981,15586.4300708839,6.78119993209839
SWE,Sweden,1982,13738.9722942136,
SWE,Sweden,1983,12608.2291490206,
SWE,Sweden,1984,13099.0208370768,
SWE,Sweden,1985,13666.8577385143,
SWE,Sweden,1986,17981.0194186493,
SWE,Sweden,1987,21792.5589041041,
SWE,Sweden,1988,24534.6938164191,
SWE,Sweden,1989,25662.2205965561,
SWE,Sweden,1990,30593.6724487241,5.2121901512146
SWE,Sweden,1991,31822.8038520745,5.4438099861145
SWE,Sweden,1992,32800.9826827927,5.25850009918213
SWE,Sweden,1993,24425.2849281118,5.50703001022339
SWE,Sweden,1994,26083.6143874838,
SWE,Sweden,1995,30282.9639200066,6.14813995361328
SWE,Sweden,1996,32998.9681608432,6.83862018585205
SWE,Sweden,1997,30312.4875993103,
SWE,Sweden,1998,30596.5272048832,7.06125020980835
SWE,Sweden,1999,30941.0793624668,6.84873008728027
SWE,Sweden,2000,29624.9126748618,6.740149974823
SWE,Sweden,2001,27247.857734793,6.61764001846313
SWE,Sweden,2002,29899.1952495081,6.92434978485107
SWE,Sweden,2003,37321.7979047059,6.79142999649048
SWE,Sweden,2004,42821.6731423358,6.66310977935791
SWE,Sweden,2005,43437.0631164776,6.5064001083374
SWE,Sweden,2006,46593.6021646111,6.36429023742676
SWE,Sweden,2007,53700.0053363063,6.17158985137939
SWE,Sweden,2008,56152.552340314,6.34455013275146
SWE,Sweden,2009,46946.9602719954,6.74971008300781
SWE,Sweden,2010,52869.0442891587,6.52268981933594
SWE,Sweden,2011,60755.7595508465,6.36691999435425
SWE,Sweden,2012,58037.8213192173,7.5369701385498
SWE,Sweden,2013,61126.9431963979,7.61120986938477
SWE,Sweden,2014,60020.3604576572,7.57372999191284
SWE,Sweden,2015,51545.4836095322,7.4439001083374
SWE,Sweden,2016,51965.1571531985,7.61861991882324
SWE,Sweden,2017,53791.5087298403,7.56883001327515
SWE,Sweden,2018,54589.0603860606,
SWE,Sweden,2019,51610.0660552202,
SWZ,Eswatini,1960,104.212507692992,
SWZ,Eswatini,1961,125.311856867029,
SWZ,Eswatini,1962,131.161714946398,
SWZ,Eswatini,1963,151.496192001084,
SWZ,Eswatini,1964,177.965941286451,
SWZ,Eswatini,1965,187.951386337981,
SWZ,Eswatini,1966,200.242982056305,
SWZ,Eswatini,1967,189.378541304913,
SWZ,Eswatini,1968,196.303139515578,
SWZ,Eswatini,1969,251.74602240056,
SWZ,Eswatini,1970,260.027773128199,
SWZ,Eswatini,1971,307.37025653308,
SWZ,Eswatini,1972,321.069430537678,
SWZ,Eswatini,1973,471.571083097053,
SWZ,Eswatini,1974,545.255367444427,
SWZ,Eswatini,1975,576.879255506799,
SWZ,Eswatini,1976,528.587329370427,3.71434998512268
SWZ,Eswatini,1977,571.239315534657,3.94429993629456
SWZ,Eswatini,1978,619.532290786012,5.7965202331543
SWZ,Eswatini,1979,725.113948709762,6.36428022384644
SWZ,Eswatini,1980,921.99223896023,5.29720020294189
SWZ,Eswatini,1981,939.450137377656,6.58382987976074
SWZ,Eswatini,1982,853.551273070203,6.75364017486572
SWZ,Eswatini,1983,851.592350686435,
SWZ,Eswatini,1984,732.297304891536,
SWZ,Eswatini,1985,516.414273700306,
SWZ,Eswatini,1986,620.715466960245,
SWZ,Eswatini,1987,780.270626851931,5.80219984054565
SWZ,Eswatini,1988,894.346515127444,5.51155996322632
SWZ,Eswatini,1989,872.773101128803,5.66129016876221
SWZ,Eswatini,1990,1355.39394489604,5.48457002639771
SWZ,Eswatini,1991,1367.78481369666,
SWZ,Eswatini,1992,1481.86459893171,
SWZ,Eswatini,1993,1528.89244383416,
SWZ,Eswatini,1994,1563.75295277325,5.14028978347778
SWZ,Eswatini,1995,1833.08942716193,5.6531400680542
SWZ,Eswatini,1996,1695.13118924586,4.93815994262695
SWZ,Eswatini,1997,1781.87002758328,
SWZ,Eswatini,1998,1609.22066178885,
SWZ,Eswatini,1999,1557.05863172015,5.09095001220703
SWZ,Eswatini,2000,1728.70533953017,5.50848007202148
SWZ,Eswatini,2001,1521.76761981843,4.83824014663696
SWZ,Eswatini,2002,1405.44185636161,4.44086980819702
SWZ,Eswatini,2003,2148.61993542738,5.81677007675171
SWZ,Eswatini,2004,2699.13340186438,5.40160989761353
SWZ,Eswatini,2005,3083.82623244748,6.48462009429932
SWZ,Eswatini,2006,3176.70033780248,6.55475997924805
SWZ,Eswatini,2007,3327.44187456422,
SWZ,Eswatini,2008,3137.39611518715,6.61812019348145
SWZ,Eswatini,2009,3385.84292591115,6.47135019302368
SWZ,Eswatini,2010,4168.50517706719,6.11837005615234
SWZ,Eswatini,2011,4496.60037883323,6.86432981491089
SWZ,Eswatini,2012,4527.66898764161,
SWZ,Eswatini,2013,4230.3440556779,
SWZ,Eswatini,2014,4038.55722839918,7.07032012939453
SWZ,Eswatini,2015,3689.51870561216,
SWZ,Eswatini,2016,3447.695698505,
SWZ,Eswatini,2017,3953.08896824132,
SWZ,Eswatini,2018,4145.97411002514,
SWZ,Eswatini,2019,3837.02699384472,
SYC,Seychelles,1960,288.058159419365,
SYC,Seychelles,1961,270.279660633921,
SYC,Seychelles,1962,287.044788426874,
SYC,Seychelles,1963,308.19526439697,
SYC,Seychelles,1964,332.305003111975,
SYC,Seychelles,1965,328.484900958875,
SYC,Seychelles,1966,337.646246557856,
SYC,Seychelles,1967,333.233812466557,
SYC,Seychelles,1968,314.351064841473,
SYC,Seychelles,1969,314.179852817028,
SYC,Seychelles,1970,343.881182121191,4.18847990036011
SYC,Seychelles,1971,401.608039515583,4.06639003753662
SYC,Seychelles,1972,546.951061288794,4.24694013595581
SYC,Seychelles,1973,648.53192405897,
SYC,Seychelles,1974,744.506941901819,4.28332996368408
SYC,Seychelles,1975,806.23264447194,4.34501981735229
SYC,Seychelles,1976,814.474737986674,4.7459602355957
SYC,Seychelles,1977,1044.35306798524,
SYC,Seychelles,1978,1376.54657947199,
SYC,Seychelles,1979,2030.13590345467,
SYC,Seychelles,1980,2329.35335798995,
SYC,Seychelles,1981,2419.03441901133,
SYC,Seychelles,1982,2296.30772927437,
SYC,Seychelles,1983,2280.45155062171,
SYC,Seychelles,1984,2338.07565218555,12.0289297103882
SYC,Seychelles,1985,2588.55280379525,10.2330503463745
SYC,Seychelles,1986,3165.94503803531,9.71360015869141
SYC,Seychelles,1987,3638.98801125089,
SYC,Seychelles,1988,4128.1182318366,8.291890144348139
SYC,Seychelles,1989,4407.20093965686,8.229519844055179
SYC,Seychelles,1990,5302.84372714197,
SYC,Seychelles,1991,5314.66312816659,
SYC,Seychelles,1992,6128.44556922114,
SYC,Seychelles,1993,6559.12999396324,
SYC,Seychelles,1994,6555.5044074812,9.02171039581299
SYC,Seychelles,1995,6748.93110885887,7.70369005203247
SYC,Seychelles,1996,6583.20101813288,7.77922010421753
SYC,Seychelles,1997,7280.98962117856,
SYC,Seychelles,1998,7715.91814709342,5.99207019805908
SYC,Seychelles,1999,7747.61215872072,5.26100015640259
SYC,Seychelles,2000,7578.85105298846,
SYC,Seychelles,2001,7663.13708026446,
SYC,Seychelles,2002,8331.2619970042,5.19332981109619
SYC,Seychelles,2003,8524.96123557779,5.37492990493774
SYC,Seychelles,2004,10176.6587120064,
SYC,Seychelles,2005,11092.5107357824,
SYC,Seychelles,2006,12014.3998729502,4.77012014389038
SYC,Seychelles,2007,12154.8299372808,
SYC,Seychelles,2008,11122.8620677142,
SYC,Seychelles,2009,9706.95605963959,
SYC,Seychelles,2010,10804.6844747547,
SYC,Seychelles,2011,12189.0951601357,3.60644006729126
SYC,Seychelles,2012,12006.68296237,2.61392998695374
SYC,Seychelles,2013,14765.6739800428,3.60812997817993
SYC,Seychelles,2014,14700.3343006837,4.08368015289307
SYC,Seychelles,2015,14745.3414415607,
SYC,Seychelles,2016,15068.620324642,4.42102003097534
SYC,Seychelles,2017,15906.0839204787,
SYC,Seychelles,2018,16390.824875738,
SYC,Seychelles,2019,17401.7215135612,
SYR,Syrian Arab Republic,1960,187.537374273096,
SYR,Syrian Arab Republic,1961,200.183356899708,
SYR,Syrian Arab Republic,1962,227.788663942808,
SYR,Syrian Arab Republic,1963,238.437306089769,
SYR,Syrian Arab Republic,1964,257.578412322649,
SYR,Syrian Arab Republic,1965,273.962221828686,
SYR,Syrian Arab Republic,1966,241.712244801693,
SYR,Syrian Arab Republic,1967,275.267309289062,
SYR,Syrian Arab Republic,1968,295.449415865686,
SYR,Syrian Arab Republic,1969,365.693764242684,
SYR,Syrian Arab Republic,1970,337.039583863198,
SYR,Syrian Arab Republic,1971,394.142148127187,
SYR,Syrian Arab Republic,1972,449.94392940759,3.5835599899292
SYR,Syrian Arab Republic,1973,460.295067997449,3.68990993499756
SYR,Syrian Arab Republic,1974,708.421225551723,
SYR,Syrian Arab Republic,1975,905.950088711541,3.93450999259949
SYR,Syrian Arab Republic,1976,979.327765672517,5.83145999908447
SYR,Syrian Arab Republic,1977,954.763240520901,5.71441984176636
SYR,Syrian Arab Republic,1978,1112.61252801617,5.51425981521606
SYR,Syrian Arab Republic,1979,1151.17540559969,4.96616983413696
SYR,Syrian Arab Republic,1980,1462.63034143891,4.57553005218506
SYR,Syrian Arab Republic,1981,1677.12624436936,5.38393020629883
SYR,Syrian Arab Republic,1982,1699.5328053309,5.89762020111084
SYR,Syrian Arab Republic,1983,1769.74095251638,
SYR,Syrian Arab Republic,1984,1700.47601855225,6.13389015197754
SYR,Syrian Arab Republic,1985,1540.43679136689,6.07004976272583
SYR,Syrian Arab Republic,1986,1208.00442501817,5.62293004989624
SYR,Syrian Arab Republic,1987,999.591906745427,4.56184005737305
SYR,Syrian Arab Republic,1988,902.549558305345,3.61585998535156
SYR,Syrian Arab Republic,1989,815.6485163614429,4.03414011001587
SYR,Syrian Arab Republic,1990,988.9486721642101,
SYR,Syrian Arab Republic,1991,1012.98690016281,
SYR,Syrian Arab Republic,1992,1004.99731445638,
SYR,Syrian Arab Republic,1993,1009.64904714169,
SYR,Syrian Arab Republic,1994,725.5680738062269,
SYR,Syrian Arab Republic,1995,794.4451530018169,
SYR,Syrian Arab Republic,1996,934.623028451503,3.699049949646
SYR,Syrian Arab Republic,1997,955.843948743578,
SYR,Syrian Arab Republic,1998,974.43876178943,
SYR,Syrian Arab Republic,1999,991.250832880901,
SYR,Syrian Arab Republic,2000,1177.62926773348,
SYR,Syrian Arab Republic,2001,1258.44732163638,4.36048984527588
SYR,Syrian Arab Republic,2002,1263.25512201019,5.04693984985352
SYR,Syrian Arab Republic,2003,1253.39514553421,6.48084020614624
SYR,Syrian Arab Republic,2004,1407.17842434898,5.37147998809814
SYR,Syrian Arab Republic,2005,1571.73840701932,
SYR,Syrian Arab Republic,2006,1748.90568010465,5.34600019454956
SYR,Syrian Arab Republic,2007,2032.62348932701,4.87197017669678
SYR,Syrian Arab Republic,2008,,4.59525012969971
SYR,Syrian Arab Republic,2009,,5.13013982772827
TCA,Turks and Caicos Islands,2000,,4.71883010864258
TCA,Turks and Caicos Islands,2001,16629.3422333472,4.84300994873047
TCA,Turks and Caicos Islands,2002,15784.6035640496,5.06913995742798
TCA,Turks and Caicos Islands,2003,16382.9371076726,4.72877979278564
TCA,Turks and Caicos Islands,2004,18187.2213483146,
TCA,Turks and Caicos Islands,2005,20533.9162526615,2.54099988937378
TCA,Turks and Caicos Islands,2006,24561.6505052567,
TCA,Turks and Caicos Islands,2007,25456.3021227579,
TCA,Turks and Caicos Islands,2008,27648.3440164092,
TCA,Turks and Caicos Islands,2009,22019.6577315714,
TCA,Turks and Caicos Islands,2010,21028.4081445193,
TCA,Turks and Caicos Islands,2011,21835.0831410852,
TCA,Turks and Caicos Islands,2012,21009.8858098984,
TCA,Turks and Caicos Islands,2013,21328.9790101062,
TCA,Turks and Caicos Islands,2014,23296.3369051995,
TCA,Turks and Caicos Islands,2015,24832.5963703066,3.15744996070862
TCA,Turks and Caicos Islands,2016,25995.1724609535,
TCA,Turks and Caicos Islands,2017,25933.6074363465,
TCA,Turks and Caicos Islands,2018,27142.2277976902,2.9143500328064
TCD,Chad,1960,104.471544307755,
TCD,Chad,1961,109.129142843783,
TCD,Chad,1962,114.581439492855,
TCD,Chad,1963,116.776690665705,
TCD,Chad,1964,120.820803549525,
TCD,Chad,1965,125.975364581403,
TCD,Chad,1966,128.342427562582,
TCD,Chad,1967,130.960477752163,
TCD,Chad,1968,129.732247379523,
TCD,Chad,1969,132.170128142778,
TCD,Chad,1970,128.791914984498,
TCD,Chad,1971,134.686332529714,
TCD,Chad,1972,153.443682926907,
TCD,Chad,1973,165.613578796138,
TCD,Chad,1974,163.13642096099,
TCD,Chad,1975,211.468403895145,
TCD,Chad,1976,207.528623216887,
TCD,Chad,1977,219.813384872373,
TCD,Chad,1978,256.823930562214,
TCD,Chad,1979,227.079900629959,
TCD,Chad,1980,228.822332348814,
TCD,Chad,1981,190.107579876349,
TCD,Chad,1982,176.84213904213,
TCD,Chad,1983,172.26003942129,
TCD,Chad,1984,185.394449308091,
TCD,Chad,1985,202.745516985822,
TCD,Chad,1986,203.501173318795,
TCD,Chad,1987,214.938063213343,
TCD,Chad,1988,265.240876381922,
TCD,Chad,1989,248.303805705036,
TCD,Chad,1990,291.553259539311,
TCD,Chad,1991,304.874769617716,
TCD,Chad,1992,296.039370572424,
TCD,Chad,1993,222.923285103126,
TCD,Chad,1994,173.990375052654,
TCD,Chad,1995,206.261064484789,
TCD,Chad,1996,221.673009498141,
TCD,Chad,1997,205.862723244323,2.27335000038147
TCD,Chad,1998,224.553884001232,1.64902997016907
TCD,Chad,1999,190.558977230461,3.22785997390747
TCD,Chad,2000,165.762986567833,2.64670991897583
TCD,Chad,2001,196.973697588171,2.42614006996155
TCD,Chad,2002,220.375976439973,
TCD,Chad,2003,291.944851631847,
TCD,Chad,2004,453.521817214165,1.59294998645782
TCD,Chad,2005,658.304957827585,1.69476997852325
TCD,Chad,2006,709.76519509459,
TCD,Chad,2007,798.548001258871,
TCD,Chad,2008,925.636084270572,
TCD,Chad,2009,800.464224935635,2.31173992156982
TCD,Chad,2010,892.568720336953,1.98194003105164
TCD,Chad,2011,984.735891490329,2.25789999961853
TCD,Chad,2012,967.352797482929,2.20615005493164
TCD,Chad,2013,979.8124096381561,2.85070991516113
TCD,Chad,2014,1020.28820350586,
TCD,Chad,2015,776.019532308037,
TCD,Chad,2016,693.449386475774,
TCD,Chad,2017,665.94835269506,2.45481991767883
TCD,Chad,2018,726.1498811094471,
TCD,Chad,2019,709.540310138533,
TEA,East Asia & Pacific (IDA & IBRD countries),1960,90.6509948241613,
TEA,East Asia & Pacific (IDA & IBRD countries),1961,79.63333032710941,
TEA,East Asia & Pacific (IDA & IBRD countries),1962,72.0158922416929,
TEA,East Asia & Pacific (IDA & IBRD countries),1963,76.026173437464,
TEA,East Asia & Pacific (IDA & IBRD countries),1964,86.0218817233273,
TEA,East Asia & Pacific (IDA & IBRD countries),1965,97.930955320788,
TEA,East Asia & Pacific (IDA & IBRD countries),1966,104.273264913975,
TEA,East Asia & Pacific (IDA & IBRD countries),1967,98.436517415228,
TEA,East Asia & Pacific (IDA & IBRD countries),1968,96.7745337516137,
TEA,East Asia & Pacific (IDA & IBRD countries),1969,105.750487796364,
TEA,East Asia & Pacific (IDA & IBRD countries),1970,114.708122791709,
TEA,East Asia & Pacific (IDA & IBRD countries),1971,120.053957933566,
TEA,East Asia & Pacific (IDA & IBRD countries),1972,132.84274739428,
TEA,East Asia & Pacific (IDA & IBRD countries),1973,163.365908208783,
TEA,East Asia & Pacific (IDA & IBRD countries),1974,180.339926546029,
TEA,East Asia & Pacific (IDA & IBRD countries),1975,198.852916523156,
TEA,East Asia & Pacific (IDA & IBRD countries),1976,198.326199186317,
TEA,East Asia & Pacific (IDA & IBRD countries),1977,225.538006493073,
TEA,East Asia & Pacific (IDA & IBRD countries),1978,214.92990283218,
TEA,East Asia & Pacific (IDA & IBRD countries),1979,245.066662499107,
TEA,East Asia & Pacific (IDA & IBRD countries),1980,278.490161764733,
TEA,East Asia & Pacific (IDA & IBRD countries),1981,292.594826116721,
TEA,East Asia & Pacific (IDA & IBRD countries),1982,301.903414724775,
TEA,East Asia & Pacific (IDA & IBRD countries),1983,311.519220822541,
TEA,East Asia & Pacific (IDA & IBRD countries),1984,332.881417254033,
TEA,East Asia & Pacific (IDA & IBRD countries),1985,359.007623258728,
TEA,East Asia & Pacific (IDA & IBRD countries),1986,352.024551618988,
TEA,East Asia & Pacific (IDA & IBRD countries),1987,341.641083841276,
TEA,East Asia & Pacific (IDA & IBRD countries),1988,372.377755163269,
TEA,East Asia & Pacific (IDA & IBRD countries),1989,395.792377931929,
TEA,East Asia & Pacific (IDA & IBRD countries),1990,417.448086161578,
TEA,East Asia & Pacific (IDA & IBRD countries),1991,446.251642950758,
TEA,East Asia & Pacific (IDA & IBRD countries),1992,493.15491402537,
TEA,East Asia & Pacific (IDA & IBRD countries),1993,534.2915069481541,
TEA,East Asia & Pacific (IDA & IBRD countries),1994,634.435225829411,
TEA,East Asia & Pacific (IDA & IBRD countries),1995,773.286042769286,2.44208997488022
TEA,East Asia & Pacific (IDA & IBRD countries),1996,877.442002001968,2.89630997180939
TEA,East Asia & Pacific (IDA & IBRD countries),1997,898.089948061956,3.73306500911713
TEA,East Asia & Pacific (IDA & IBRD countries),1998,813.837931122497,
TEA,East Asia & Pacific (IDA & IBRD countries),1999,885.8250451470529,
TEA,East Asia & Pacific (IDA & IBRD countries),2000,966.926426652184,4.20893001556396
TEA,East Asia & Pacific (IDA & IBRD countries),2001,1019.17177957051,2.69233500957489
TEA,East Asia & Pacific (IDA & IBRD countries),2002,1118.12812511627,2.89222002029419
TEA,East Asia & Pacific (IDA & IBRD countries),2003,1254.94839069027,
TEA,East Asia & Pacific (IDA & IBRD countries),2004,1443.41862653019,2.74847006797791
TEA,East Asia & Pacific (IDA & IBRD countries),2005,1658.63931634775,
TEA,East Asia & Pacific (IDA & IBRD countries),2006,1982.26651170973,
TEA,East Asia & Pacific (IDA & IBRD countries),2007,2487.58942852158,3.07841992378235
TEA,East Asia & Pacific (IDA & IBRD countries),2008,3124.28464074125,3.50850009918213
TEA,East Asia & Pacific (IDA & IBRD countries),2009,3363.45517493188,3.86193990707397
TEA,East Asia & Pacific (IDA & IBRD countries),2010,4048.33554619038,4.07677006721497
TEA,East Asia & Pacific (IDA & IBRD countries),2011,4910.47877499329,4.60902976989746
TEA,East Asia & Pacific (IDA & IBRD countries),2012,5436.16037805804,4.86595988273621
TEA,East Asia & Pacific (IDA & IBRD countries),2013,5954.10667877778,4.53239512443542
TEA,East Asia & Pacific (IDA & IBRD countries),2014,6373.23857685174,4.00142991542817
TEA,East Asia & Pacific (IDA & IBRD countries),2015,6591.70467144063,
TEA,East Asia & Pacific (IDA & IBRD countries),2016,6682.04869854955,
TEA,East Asia & Pacific (IDA & IBRD countries),2017,7248.93113112798,
TEA,East Asia & Pacific (IDA & IBRD countries),2018,8054.88978500165,3.16515493392945
TEA,East Asia & Pacific (IDA & IBRD countries),2019,8308.334362974079,
TEC,Europe & Central Asia (IDA & IBRD countries),1988,2347.14917813047,
TEC,Europe & Central Asia (IDA & IBRD countries),1989,2260.55312285616,
TEC,Europe & Central Asia (IDA & IBRD countries),1990,2388.68311370491,
TEC,Europe & Central Asia (IDA & IBRD countries),1991,2348.65530627823,
TEC,Europe & Central Asia (IDA & IBRD countries),1992,2190.21181958101,
TEC,Europe & Central Asia (IDA & IBRD countries),1993,2152.82227872392,
TEC,Europe & Central Asia (IDA & IBRD countries),1994,1931.96813928204,
TEC,Europe & Central Asia (IDA & IBRD countries),1995,2132.29397099608,
TEC,Europe & Central Asia (IDA & IBRD countries),1996,2189.91796646866,3.51256990432739
TEC,Europe & Central Asia (IDA & IBRD countries),1997,2257.1001209128,
TEC,Europe & Central Asia (IDA & IBRD countries),1998,2179.88881762372,
TEC,Europe & Central Asia (IDA & IBRD countries),1999,1889.02783972248,3.75532495975494
TEC,Europe & Central Asia (IDA & IBRD countries),2000,2053.64913305839,3.34339499473572
TEC,Europe & Central Asia (IDA & IBRD countries),2001,2092.17678101672,3.38423991203308
TEC,Europe & Central Asia (IDA & IBRD countries),2002,2352.53668238707,3.34311497211456
TEC,Europe & Central Asia (IDA & IBRD countries),2003,2890.64895634282,3.61125504970551
TEC,Europe & Central Asia (IDA & IBRD countries),2004,3739.7124999472,3.38021504878997
TEC,Europe & Central Asia (IDA & IBRD countries),2005,4678.61740062674,3.64203000068665
TEC,Europe & Central Asia (IDA & IBRD countries),2006,5653.55042747829,3.86626005172729
TEC,Europe & Central Asia (IDA & IBRD countries),2007,7258.28593110359,3.96519994735718
TEC,Europe & Central Asia (IDA & IBRD countries),2008,8964.165249932181,4.16206502914429
TEC,Europe & Central Asia (IDA & IBRD countries),2009,7083.02247430991,4.32261490821839
TEC,Europe & Central Asia (IDA & IBRD countries),2010,8276.643651411219,4.24204015731812
TEC,Europe & Central Asia (IDA & IBRD countries),2011,10004.5981939929,4.15010976791382
TEC,Europe & Central Asia (IDA & IBRD countries),2012,10396.818359533,3.90556514263154
TEC,Europe & Central Asia (IDA & IBRD countries),2013,10964.1524092472,4.31953501701355
TEC,Europe & Central Asia (IDA & IBRD countries),2014,10314.4807744761,4.81830978393555
TEC,Europe & Central Asia (IDA & IBRD countries),2015,7997.06760260124,3.81152498722077
TEC,Europe & Central Asia (IDA & IBRD countries),2016,7651.57831332526,3.86126506328583
TEC,Europe & Central Asia (IDA & IBRD countries),2017,8538.356942856581,4.00481510162354
TEC,Europe & Central Asia (IDA & IBRD countries),2018,8877.96559484034,
TEC,Europe & Central Asia (IDA & IBRD countries),2019,8988.928049662411,
TGO,Togo,1960,76.6384541690086,
TGO,Togo,1961,79.1201330726748,
TGO,Togo,1962,81.9947491285797,
TGO,Togo,1963,87.7919751328937,
TGO,Togo,1964,99.9378893887589,
TGO,Togo,1965,109.620184806171,
TGO,Togo,1966,121.833557350245,
TGO,Togo,1967,124.87939556403,
TGO,Togo,1968,124.349572232268,
TGO,Togo,1969,131.569868489524,
TGO,Togo,1970,120.053880870366,2.11380004882813
TGO,Togo,1971,131.098735756183,
TGO,Togo,1972,149.350562913272,
TGO,Togo,1973,176.473739782643,
TGO,Togo,1974,237.814016246548,
TGO,Togo,1975,256.10267535173,
TGO,Togo,1976,251.326632717074,
TGO,Togo,1977,308.69497492943,
TGO,Togo,1978,319.941932645548,
TGO,Togo,1979,337.4492967148,6.67914009094238
TGO,Togo,1980,417.668525846962,
TGO,Togo,1981,342.191304502598,5.882080078125
TGO,Togo,1982,281.81035893725,
TGO,Togo,1983,252.974370969562,
TGO,Togo,1984,228.64825579187,5.39357995986938
TGO,Togo,1985,234.356326111085,
TGO,Togo,1986,315.461934540409,
TGO,Togo,1987,359.79062078767,4.71762990951538
TGO,Togo,1988,385.425526492864,
TGO,Togo,1989,367.792584109987,
TGO,Togo,1990,431.450159769201,
TGO,Togo,1991,414.782081589686,
TGO,Togo,1992,429.042034762676,5.67513990402222
TGO,Togo,1993,306.150563503367,
TGO,Togo,1994,238.465395587917,
TGO,Togo,1995,309.818440171369,
TGO,Togo,1996,336.977236353739,4.41243982315063
TGO,Togo,1997,334.143395477957,
TGO,Togo,1998,342.658274046648,3.98424005508423
TGO,Togo,1999,329.695996376381,4.18571996688843
TGO,Togo,2000,302.206394294343,3.92090010643005
TGO,Togo,2001,292.567357624045,3.76704001426697
TGO,Togo,2002,326.855600126755,3.48744988441467
TGO,Togo,2003,396.030044051086,3.32609009742737
TGO,Togo,2004,412.589391962308,3.10963010787964
TGO,Togo,2005,406.400950539125,3.15978002548218
TGO,Togo,2006,407.694697892417,3.43500995635986
TGO,Togo,2007,449.144232824439,3.51062989234924
TGO,Togo,2008,544.147523365142,3.2853000164032
TGO,Togo,2009,538.441951576399,3.86788010597229
TGO,Togo,2010,534.044366810198,4.09635019302368
TGO,Togo,2011,587.097136792467,4.3092999458313
TGO,Togo,2012,571.8067239441669,4.71920013427734
TGO,Togo,2013,621.398853574683,4.42364978790283
TGO,Togo,2014,640.934219628827,4.78455018997192
TGO,Togo,2015,570.910279013434,5.10860013961792
TGO,Togo,2016,597.4710888041089,4.95558023452759
TGO,Togo,2017,626.09152789111,4.98975992202759
TGO,Togo,2018,678.95563806112,5.36956977844238
TGO,Togo,2019,675.542213340634,
THA,Thailand,1960,100.76747866621,
THA,Thailand,1961,107.497997163238,
THA,Thailand,1962,113.782877186935,
THA,Thailand,1963,118.143938531877,
THA,Thailand,1964,125.938686013051,
THA,Thailand,1965,137.918629336406,
THA,Thailand,1966,161.005516685185,
THA,Thailand,1967,166.923088127192,
THA,Thailand,1968,174.784798968177,
THA,Thailand,1969,186.879151880585,
THA,Thailand,1970,192.127628703259,
THA,Thailand,1971,194.266681186974,3.06622004508972
THA,Thailand,1972,209.374732447154,3.02915000915527
THA,Thailand,1973,269.887952462916,2.55425000190735
THA,Thailand,1974,332.175237692275,2.14686989784241
THA,Thailand,1975,351.619294282781,2.38088011741638
THA,Thailand,1976,391.569380794467,3.01672005653381
THA,Thailand,1977,445.420842463283,3.21512007713318
THA,Thailand,1978,528.626778411772,
THA,Thailand,1979,589.8850091466931,2.84528994560242
THA,Thailand,1980,682.929843036258,2.57453989982605
THA,Thailand,1981,721.0592702091481,2.88314008712769
THA,Thailand,1982,742.851066722984,3.27388000488281
THA,Thailand,1983,798.080418111881,3.46387004852295
THA,Thailand,1984,818.038965546254,3.43722009658813
THA,Thailand,1985,747.703437345799,
THA,Thailand,1986,813.451673424011,3.40797996520996
THA,Thailand,1987,936.780302029165,3.11581993103027
THA,Thailand,1988,1123.43764273139,2.75342011451721
THA,Thailand,1989,1295.46472202503,2.5024299621582
THA,Thailand,1990,1508.94273670514,
THA,Thailand,1991,1716.41559946849,3.08859992027283
THA,Thailand,1992,1927.88273672709,3.04540991783142
THA,Thailand,1993,2209.36303047747,
THA,Thailand,1994,2491.42809022179,3.4052300453186
THA,Thailand,1995,2846.58673831224,3.14497995376587
THA,Thailand,1996,3043.98051668092,3.49960994720459
THA,Thailand,1997,2468.18497325954,4.57718992233276
THA,Thailand,1998,1845.82886964502,4.62569999694824
THA,Thailand,1999,2033.25794401796,4.83267021179199
THA,Thailand,2000,2007.73517506683,5.25345993041992
THA,Thailand,2001,1893.26405987891,4.81787014007568
THA,Thailand,2002,2096.18799866778,3.86491990089417
THA,Thailand,2003,2359.11686709087,3.72561001777649
THA,Thailand,2004,2660.12699829331,4.03088998794556
THA,Thailand,2005,2894.06265596401,3.93859004974365
THA,Thailand,2006,3369.54340286988,4.05038022994995
THA,Thailand,2007,3973.01699148237,3.60314989089966
THA,Thailand,2008,4379.65852387961,3.50850009918213
THA,Thailand,2009,4213.00633872183,3.86193990707397
THA,Thailand,2010,5076.34017438708,3.5084400177002
THA,Thailand,2011,5492.12125590558,4.80555009841919
THA,Thailand,2012,5860.58250725599,4.53670978546143
THA,Thailand,2013,6168.26298501219,4.12402009963989
THA,Thailand,2014,5951.88370233604,
THA,Thailand,2015,5840.04652294326,
THA,Thailand,2016,5994.23147547156,
THA,Thailand,2017,6592.91490169864,
THA,Thailand,2018,7295.47561612095,
THA,Thailand,2019,7808.19291629949,
TJK,Tajikistan,1990,497.632026083843,
TJK,Tajikistan,1991,469.337925450253,
TJK,Tajikistan,1992,346.978413935277,
TJK,Tajikistan,1993,294.403880723844,8.18558979034424
TJK,Tajikistan,1994,268.000295764389,
TJK,Tajikistan,1995,213.635340168207,2.06590008735657
TJK,Tajikistan,1996,178.361221005225,2.04345011711121
TJK,Tajikistan,1997,155.188491611739,
TJK,Tajikistan,1998,219.040499942149,2.52849006652832
TJK,Tajikistan,1999,177.559715711364,2.07651996612549
TJK,Tajikistan,2000,138.428879512683,2.32871007919312
TJK,Tajikistan,2001,171.047983362588,2.37659001350403
TJK,Tajikistan,2002,190.00250025609,2.77578997612
TJK,Tajikistan,2003,237.75744423262,2.42078995704651
TJK,Tajikistan,2004,311.627324802736,2.77203011512756
TJK,Tajikistan,2005,340.583032738899,3.51213002204895
TJK,Tajikistan,2006,408.838590699258,3.40350008010864
TJK,Tajikistan,2007,526.642915434768,3.41326999664307
TJK,Tajikistan,2008,715.86511053556,3.45983004570007
TJK,Tajikistan,2009,676.12341925805,4.0983099937439
TJK,Tajikistan,2010,749.552711015842,4.00675010681152
TJK,Tajikistan,2011,847.382101810518,3.93511009216309
TJK,Tajikistan,2012,969.2964731442891,4.01803016662598
TJK,Tajikistan,2013,1048.22729256115,
TJK,Tajikistan,2014,1104.17168941376,
TJK,Tajikistan,2015,929.095857223746,5.23138999938965
TJK,Tajikistan,2016,802.518004052824,
TJK,Tajikistan,2017,806.041573098044,
TJK,Tajikistan,2018,826.621530538704,
TJK,Tajikistan,2019,870.787589323223,
TKM,Turkmenistan,1987,684.220482824936,
TKM,Turkmenistan,1988,861.783887107155,
TKM,Turkmenistan,1989,838.566343365246,
TKM,Turkmenistan,1990,865.789417037966,
TKM,Turkmenistan,1991,846.646157159019,
TKM,Turkmenistan,1992,820.684272689977,
TKM,Turkmenistan,1993,792.668462135789,
TKM,Turkmenistan,1994,622.370626136403,
TKM,Turkmenistan,1995,589.9054740219671,
TKM,Turkmenistan,1996,554.832750947803,
TKM,Turkmenistan,1997,562.637053634016,
TKM,Turkmenistan,1998,590.393217025249,
TKM,Turkmenistan,1999,548.699147603723,
TKM,Turkmenistan,2000,643.174725992465,
TKM,Turkmenistan,2001,774.482830739193,
TKM,Turkmenistan,2002,967.890164732092,
TKM,Turkmenistan,2003,1283.9112634525,
TKM,Turkmenistan,2004,1453.91623815764,
TKM,Turkmenistan,2005,1704.41753105704,
TKM,Turkmenistan,2006,2136.47432207796,
TKM,Turkmenistan,2007,2600.36929181095,
TKM,Turkmenistan,2008,3904.46371937896,
TKM,Turkmenistan,2009,4036.4559987796,
TKM,Turkmenistan,2010,4439.20038235805,
TKM,Turkmenistan,2011,5649.95227819669,
TKM,Turkmenistan,2012,6675.18565772239,3.04924988746643
TKM,Turkmenistan,2013,7304.28713230982,
TKM,Turkmenistan,2014,7962.23909840679,
TKM,Turkmenistan,2015,6432.68070195019,
TKM,Turkmenistan,2016,6389.54840833488,
TKM,Turkmenistan,2017,6587.09031628698,
TKM,Turkmenistan,2018,6966.63541063077,
TLA,Latin America & the Caribbean (IDA & IBRD countries),1960,365.695284979237,
TLA,Latin America & the Caribbean (IDA & IBRD countries),1961,376.089531362509,
TLA,Latin America & the Caribbean (IDA & IBRD countries),1962,418.736837099631,
TLA,Latin America & the Caribbean (IDA & IBRD countries),1963,410.037567935263,
TLA,Latin America & the Caribbean (IDA & IBRD countries),1964,444.760748092929,
TLA,Latin America & the Caribbean (IDA & IBRD countries),1965,460.881603284647,
TLA,Latin America & the Caribbean (IDA & IBRD countries),1966,492.153522322213,
TLA,Latin America & the Caribbean (IDA & IBRD countries),1967,490.785712528651,
TLA,Latin America & the Caribbean (IDA & IBRD countries),1968,514.49776023303,
TLA,Latin America & the Caribbean (IDA & IBRD countries),1969,561.400399977756,
TLA,Latin America & the Caribbean (IDA & IBRD countries),1970,595.546391277551,
TLA,Latin America & the Caribbean (IDA & IBRD countries),1971,647.284785549914,
TLA,Latin America & the Caribbean (IDA & IBRD countries),1972,708.640950687009,
TLA,Latin America & the Caribbean (IDA & IBRD countries),1973,913.162733498444,
TLA,Latin America & the Caribbean (IDA & IBRD countries),1974,1169.66927438513,
TLA,Latin America & the Caribbean (IDA & IBRD countries),1975,1192.29036166385,
TLA,Latin America & the Caribbean (IDA & IBRD countries),1976,1296.67790716812,
TLA,Latin America & the Caribbean (IDA & IBRD countries),1977,1395.20410750235,
TLA,Latin America & the Caribbean (IDA & IBRD countries),1978,1542.98996540316,
TLA,Latin America & the Caribbean (IDA & IBRD countries),1979,1804.13712367476,
TLA,Latin America & the Caribbean (IDA & IBRD countries),1980,2137.22607966314,
TLA,Latin America & the Caribbean (IDA & IBRD countries),1981,2419.82019192537,
TLA,Latin America & the Caribbean (IDA & IBRD countries),1982,2195.25692587437,
TLA,Latin America & the Caribbean (IDA & IBRD countries),1983,1874.40950116144,
TLA,Latin America & the Caribbean (IDA & IBRD countries),1984,1842.24029199049,
TLA,Latin America & the Caribbean (IDA & IBRD countries),1985,1860.52609615233,
TLA,Latin America & the Caribbean (IDA & IBRD countries),1986,1828.2696774798,
TLA,Latin America & the Caribbean (IDA & IBRD countries),1987,1889.84700273844,
TLA,Latin America & the Caribbean (IDA & IBRD countries),1988,2094.04719860325,
TLA,Latin America & the Caribbean (IDA & IBRD countries),1989,2250.67137784038,
TLA,Latin America & the Caribbean (IDA & IBRD countries),1990,2599.22433683739,
TLA,Latin America & the Caribbean (IDA & IBRD countries),1991,3178.71935786891,
TLA,Latin America & the Caribbean (IDA & IBRD countries),1992,2942.39901664098,
TLA,Latin America & the Caribbean (IDA & IBRD countries),1993,3338.67766389365,
TLA,Latin America & the Caribbean (IDA & IBRD countries),1994,3750.00377263037,
TLA,Latin America & the Caribbean (IDA & IBRD countries),1995,3930.57323423327,2.9945650100708
TLA,Latin America & the Caribbean (IDA & IBRD countries),1996,4201.75318525616,
TLA,Latin America & the Caribbean (IDA & IBRD countries),1997,4534.56452334582,
TLA,Latin America & the Caribbean (IDA & IBRD countries),1998,4490.37867172749,3.30916500091553
TLA,Latin America & the Caribbean (IDA & IBRD countries),1999,3956.61130885044,3.72921991348267
TLA,Latin America & the Caribbean (IDA & IBRD countries),2000,4306.50131077108,3.64351999759674
TLA,Latin America & the Caribbean (IDA & IBRD countries),2001,4131.33940075432,3.8391250371933
TLA,Latin America & the Caribbean (IDA & IBRD countries),2002,3623.63148471764,3.75037002563477
TLA,Latin America & the Caribbean (IDA & IBRD countries),2003,3646.41395941049,3.45890498161316
TLA,Latin America & the Caribbean (IDA & IBRD countries),2004,4167.84884762772,3.5786600112915
TLA,Latin America & the Caribbean (IDA & IBRD countries),2005,5010.23720114952,
TLA,Latin America & the Caribbean (IDA & IBRD countries),2006,5817.82951062953,3.66905999183655
TLA,Latin America & the Caribbean (IDA & IBRD countries),2007,6805.00874161292,3.62732005119324
TLA,Latin America & the Caribbean (IDA & IBRD countries),2008,7853.42285128205,4.45810985565186
TLA,Latin America & the Caribbean (IDA & IBRD countries),2009,7269.39216684572,5.18794012069702
TLA,Latin America & the Caribbean (IDA & IBRD countries),2010,8980.71915506806,4.50743007659912
TLA,Latin America & the Caribbean (IDA & IBRD countries),2011,10128.6322412566,4.41067504882813
TLA,Latin America & the Caribbean (IDA & IBRD countries),2012,10111.7580718897,4.64307022094727
TLA,Latin America & the Caribbean (IDA & IBRD countries),2013,10247.2140185891,4.94159507751464
TLA,Latin America & the Caribbean (IDA & IBRD countries),2014,10334.4306676485,4.99578499794007
TLA,Latin America & the Caribbean (IDA & IBRD countries),2015,8728.070160065639,4.93700504302979
TLA,Latin America & the Caribbean (IDA & IBRD countries),2016,8417.02746729084,4.618155002594
TLA,Latin America & the Caribbean (IDA & IBRD countries),2017,9288.19957715145,4.53551006317139
TLA,Latin America & the Caribbean (IDA & IBRD countries),2018,8924.133351068331,
TLA,Latin America & the Caribbean (IDA & IBRD countries),2019,8681.196685983539,
TLS,Timor-Leste,2000,415.083478663174,
TLS,Timor-Leste,2001,529.790252241191,
TLS,Timor-Leste,2002,508.791688062428,
TLS,Timor-Leste,2003,517.784614613238,
TLS,Timor-Leste,2004,453.476717474088,
TLS,Timor-Leste,2005,464.519637518525,
TLS,Timor-Leste,2006,446.457749720332,
TLS,Timor-Leste,2007,523.733697739796,
TLS,Timor-Leste,2008,614.432392342903,8.670590400695801
TLS,Timor-Leste,2009,676.622759421761,12.9034996032715
TLS,Timor-Leste,2010,806.40786170986,11.1076402664185
TLS,Timor-Leste,2011,947.513730419925,10.0756998062134
TLS,Timor-Leste,2012,1013.05045122024,7.24186992645264
TLS,Timor-Leste,2013,1210.03329624593,5.66715002059937
TLS,Timor-Leste,2014,1232.45683164031,7.51547002792358
TLS,Timor-Leste,2015,1334.6619555193,8.43325996398926
TLS,Timor-Leste,2016,1358.20169150129,8.05193996429443
TLS,Timor-Leste,2017,1294.71553448905,7.06049013137817
TLS,Timor-Leste,2018,1237.10268208254,6.79295015335083
TLS,Timor-Leste,2019,1294.18893388776,
TMN,Middle East & North Africa (IDA & IBRD countries),1977,,4.98291993141174
TMN,Middle East & North Africa (IDA & IBRD countries),1980,,4.84019494056701
TMN,Middle East & North Africa (IDA & IBRD countries),1982,,5.7051751613617
TMN,Middle East & North Africa (IDA & IBRD countries),1989,,4.31710004806519
TMN,Middle East & North Africa (IDA & IBRD countries),1993,1199.38988842505,
TMN,Middle East & North Africa (IDA & IBRD countries),1994,1201.43716953986,
TMN,Middle East & North Africa (IDA & IBRD countries),1995,1341.4192335212,
TMN,Middle East & North Africa (IDA & IBRD countries),1996,1526.2719942523,4.18530988693237
TMN,Middle East & North Africa (IDA & IBRD countries),1997,1536.95134455982,
TMN,Middle East & North Africa (IDA & IBRD countries),1998,1530.53411097999,
TMN,Middle East & North Africa (IDA & IBRD countries),1999,1589.93964226597,
TMN,Middle East & North Africa (IDA & IBRD countries),2000,1619.03287473603,
TMN,Middle East & North Africa (IDA & IBRD countries),2001,1647.88070846081,
TMN,Middle East & North Africa (IDA & IBRD countries),2002,1573.31194612199,
TMN,Middle East & North Africa (IDA & IBRD countries),2003,1744.45684135501,
TMN,Middle East & North Africa (IDA & IBRD countries),2004,1988.06805488606,
TMN,Middle East & North Africa (IDA & IBRD countries),2005,2302.38050209337,
TMN,Middle East & North Africa (IDA & IBRD countries),2006,2631.02286532922,
TMN,Middle East & North Africa (IDA & IBRD countries),2007,3197.55315948393,
TMN,Middle East & North Africa (IDA & IBRD countries),2008,3890.47976551627,4.46613502502442
TMN,Middle East & North Africa (IDA & IBRD countries),2009,3686.06953984321,
TMN,Middle East & North Africa (IDA & IBRD countries),2010,4178.70835563283,
TMN,Middle East & North Africa (IDA & IBRD countries),2011,4644.13050425264,
TMN,Middle East & North Africa (IDA & IBRD countries),2012,5036.72083221306,
TMN,Middle East & North Africa (IDA & IBRD countries),2013,4623.47967975874,
TMN,Middle East & North Africa (IDA & IBRD countries),2014,4483.0610397424,
TMN,Middle East & North Africa (IDA & IBRD countries),2015,3955.55505989437,
TMN,Middle East & North Africa (IDA & IBRD countries),2016,3938.53331081404,
TMN,Middle East & North Africa (IDA & IBRD countries),2017,3799.78729071694,
TON,Tonga,1975,368.064740144936,
TON,Tonga,1976,336.602830333666,
TON,Tonga,1977,378.179387977412,
TON,Tonga,1978,455.109998053306,
TON,Tonga,1979,484.100685092041,
TON,Tonga,1980,572.867640781632,
TON,Tonga,1981,666.338504108479,
TON,Tonga,1982,662.831036309977,
TON,Tonga,1983,649.361072495855,
TON,Tonga,1984,685.038112993832,10.3465099334717
TON,Tonga,1985,639.629625484337,
TON,Tonga,1986,724.809280832553,
TON,Tonga,1987,865.8425319356051,
TON,Tonga,1988,1127.56253097379,
TON,Tonga,1989,1121.17800535677,
TON,Tonga,1990,1194.54103416891,
TON,Tonga,1991,1387.99678145918,
TON,Tonga,1992,1436.76863017506,
TON,Tonga,1993,1449.29083576361,
TON,Tonga,1994,2024.00216253495,
TON,Tonga,1995,2110.39232648931,
TON,Tonga,1996,2280.84270870312,
TON,Tonga,1997,2195.79093815647,
TON,Tonga,1998,1944.58526382054,5.5908899307251
TON,Tonga,1999,2017.67172062399,5.46091985702515
TON,Tonga,2000,2065.50266053231,4.94077014923096
TON,Tonga,2001,1840.29149505345,4.53255987167358
TON,Tonga,2002,1845.41859481147,3.79232001304626
TON,Tonga,2003,2033.79090064263,4.16012001037598
TON,Tonga,2004,2288.59301514701,3.90804004669189
TON,Tonga,2005,2598.24720009345,
TON,Tonga,2006,2892.03918225118,
TON,Tonga,2007,2925.91276038663,
TON,Tonga,2008,3380.61335096516,
TON,Tonga,2009,3062.53309062159,
TON,Tonga,2010,3553.22061448636,
TON,Tonga,2011,4084.6241317437,
TON,Tonga,2012,4597.74230534531,
TON,Tonga,2013,4428.56648134984,
TON,Tonga,2014,4393.9408110033,
TON,Tonga,2015,4320.63799011384,
TON,Tonga,2016,3966.15652021899,
TON,Tonga,2017,4217.47650679527,
TON,Tonga,2018,4364.0155613495,
TSA,South Asia (IDA & IBRD),1960,82.3478337183473,
TSA,South Asia (IDA & IBRD),1961,86.04862373465249,
TSA,South Asia (IDA & IBRD),1962,89.9139856127421,
TSA,South Asia (IDA & IBRD),1963,98.9815019707148,
TSA,South Asia (IDA & IBRD),1964,110.877920204979,
TSA,South Asia (IDA & IBRD),1965,116.487941359023,
TSA,South Asia (IDA & IBRD),1966,95.8023780653227,
TSA,South Asia (IDA & IBRD),1967,103.06568335751,
TSA,South Asia (IDA & IBRD),1968,105.617529974276,
TSA,South Asia (IDA & IBRD),1969,113.511735669913,
TSA,South Asia (IDA & IBRD),1970,120.132343722295,
TSA,South Asia (IDA & IBRD),1971,124.911136894442,
TSA,South Asia (IDA & IBRD),1972,122.749766878848,
TSA,South Asia (IDA & IBRD),1973,137.161781330652,1.83042001724243
TSA,South Asia (IDA & IBRD),1974,162.380352246644,
TSA,South Asia (IDA & IBRD),1975,169.818579603363,1.98008000850677
TSA,South Asia (IDA & IBRD),1976,161.910085551381,
TSA,South Asia (IDA & IBRD),1977,183.119603632452,
TSA,South Asia (IDA & IBRD),1978,203.491066905323,
TSA,South Asia (IDA & IBRD),1979,222.574788171672,1.96894001960755
TSA,South Asia (IDA & IBRD),1980,262.085002062005,1.98593997955322
TSA,South Asia (IDA & IBRD),1981,271.322598707037,1.94081002473831
TSA,South Asia (IDA & IBRD),1982,274.142364284104,1.8718249797821
TSA,South Asia (IDA & IBRD),1983,283.441614670789,1.99576997756958
TSA,South Asia (IDA & IBRD),1984,275.597568562932,2.06984996795654
TSA,South Asia (IDA & IBRD),1985,292.818241536622,2.43543004989624
TSA,South Asia (IDA & IBRD),1986,303.094179889548,2.67812991142273
TSA,South Asia (IDA & IBRD),1987,328.996027069148,2.64433002471924
TSA,South Asia (IDA & IBRD),1988,345.668227944326,
TSA,South Asia (IDA & IBRD),1989,341.152485146999,
TSA,South Asia (IDA & IBRD),1990,359.24247379048,2.41092991828918
TSA,South Asia (IDA & IBRD),1991,312.66614791277,2.56676006317139
TSA,South Asia (IDA & IBRD),1992,324.91631936334,
TSA,South Asia (IDA & IBRD),1993,315.006141410442,
TSA,South Asia (IDA & IBRD),1994,349.873087832579,
TSA,South Asia (IDA & IBRD),1995,380.363746770312,
TSA,South Asia (IDA & IBRD),1996,407.761702554035,
TSA,South Asia (IDA & IBRD),1997,419.330284331461,3.02230000495911
TSA,South Asia (IDA & IBRD),1998,416.993017128227,3.05141997337341
TSA,South Asia (IDA & IBRD),1999,438.325296822954,2.75240004062653
TSA,South Asia (IDA & IBRD),2000,453.237604423192,2.55011510848999
TSA,South Asia (IDA & IBRD),2001,455.858136497817,
TSA,South Asia (IDA & IBRD),2002,469.712181469426,
TSA,South Asia (IDA & IBRD),2003,538.711136357217,3.11435008049011
TSA,South Asia (IDA & IBRD),2004,613.94779740106,2.55604004859924
TSA,South Asia (IDA & IBRD),2005,691.692614432554,3.18875002861023
TSA,South Asia (IDA & IBRD),2006,774.863793599491,2.76917994022369
TSA,South Asia (IDA & IBRD),2007,959.305136187905,2.63527011871338
TSA,South Asia (IDA & IBRD),2008,959.461197097627,2.74622988700867
TSA,South Asia (IDA & IBRD),2009,1041.99439395548,2.59078001976013
TSA,South Asia (IDA & IBRD),2010,1257.49943946437,3.377690076828
TSA,South Asia (IDA & IBRD),2011,1367.31313793749,2.84187996387482
TSA,South Asia (IDA & IBRD),2012,1364.41640319999,2.38984990119934
TSA,South Asia (IDA & IBRD),2013,1381.85662659774,2.97394990921021
TSA,South Asia (IDA & IBRD),2014,1494.42076537038,3.08057498931885
TSA,South Asia (IDA & IBRD),2015,1541.80368581438,2.95290994644165
TSA,South Asia (IDA & IBRD),2016,1651.08946256258,3.44919991493225
TSA,South Asia (IDA & IBRD),2017,1866.88606656608,3.47919487953186
TSA,South Asia (IDA & IBRD),2018,1899.60923323667,
TSA,South Asia (IDA & IBRD),2019,1959.91716548699,
TSS,Sub-Saharan Africa (IDA & IBRD countries),1960,131.710995616071,
TSS,Sub-Saharan Africa (IDA & IBRD countries),1961,133.71664291099,
TSS,Sub-Saharan Africa (IDA & IBRD countries),1962,141.494765199184,
TSS,Sub-Saharan Africa (IDA & IBRD countries),1963,158.268493458476,
TSS,Sub-Saharan Africa (IDA & IBRD countries),1964,150.876008006998,
TSS,Sub-Saharan Africa (IDA & IBRD countries),1965,163.955335745913,
TSS,Sub-Saharan Africa (IDA & IBRD countries),1966,172.603809683958,
TSS,Sub-Saharan Africa (IDA & IBRD countries),1967,166.421640821982,
TSS,Sub-Saharan Africa (IDA & IBRD countries),1968,173.558147070151,
TSS,Sub-Saharan Africa (IDA & IBRD countries),1969,193.626323372499,
TSS,Sub-Saharan Africa (IDA & IBRD countries),1970,221.800631331077,
TSS,Sub-Saharan Africa (IDA & IBRD countries),1971,219.804792873724,
TSS,Sub-Saharan Africa (IDA & IBRD countries),1972,241.431634515327,
TSS,Sub-Saharan Africa (IDA & IBRD countries),1973,300.413791618444,
TSS,Sub-Saharan Africa (IDA & IBRD countries),1974,382.180291666855,
TSS,Sub-Saharan Africa (IDA & IBRD countries),1975,409.737287805016,
TSS,Sub-Saharan Africa (IDA & IBRD countries),1976,432.731495850897,
TSS,Sub-Saharan Africa (IDA & IBRD countries),1977,462.242008091978,
TSS,Sub-Saharan Africa (IDA & IBRD countries),1978,496.591935949202,
TSS,Sub-Saharan Africa (IDA & IBRD countries),1979,580.907358762175,
TSS,Sub-Saharan Africa (IDA & IBRD countries),1980,711.8293740871439,
TSS,Sub-Saharan Africa (IDA & IBRD countries),1981,966.830947983715,
TSS,Sub-Saharan Africa (IDA & IBRD countries),1982,864.195497593193,
TSS,Sub-Saharan Africa (IDA & IBRD countries),1983,731.418384142876,
TSS,Sub-Saharan Africa (IDA & IBRD countries),1984,621.147426612376,
TSS,Sub-Saharan Africa (IDA & IBRD countries),1985,570.685669412318,
TSS,Sub-Saharan Africa (IDA & IBRD countries),1986,569.526054756313,
TSS,Sub-Saharan Africa (IDA & IBRD countries),1987,631.766858801847,
TSS,Sub-Saharan Africa (IDA & IBRD countries),1988,632.709862994408,
TSS,Sub-Saharan Africa (IDA & IBRD countries),1989,611.413189205879,
TSS,Sub-Saharan Africa (IDA & IBRD countries),1990,667.8260940174021,
TSS,Sub-Saharan Africa (IDA & IBRD countries),1991,658.947084560327,
TSS,Sub-Saharan Africa (IDA & IBRD countries),1992,632.7375601722269,
TSS,Sub-Saharan Africa (IDA & IBRD countries),1993,573.769182337852,
TSS,Sub-Saharan Africa (IDA & IBRD countries),1994,549.731096002883,
TSS,Sub-Saharan Africa (IDA & IBRD countries),1995,613.794027599827,
TSS,Sub-Saharan Africa (IDA & IBRD countries),1996,617.918073933608,
TSS,Sub-Saharan Africa (IDA & IBRD countries),1997,625.323773039696,
TSS,Sub-Saharan Africa (IDA & IBRD countries),1998,587.952411380854,
TSS,Sub-Saharan Africa (IDA & IBRD countries),1999,579.383012363789,3.32265496253967
TSS,Sub-Saharan Africa (IDA & IBRD countries),2000,601.0638721418291,2.80913496017456
TSS,Sub-Saharan Africa (IDA & IBRD countries),2001,558.9731758865991,3.43271994590759
TSS,Sub-Saharan Africa (IDA & IBRD countries),2002,593.658948640077,3.06089997291565
TSS,Sub-Saharan Africa (IDA & IBRD countries),2003,724.436366351841,
TSS,Sub-Saharan Africa (IDA & IBRD countries),2004,878.2731140535921,3.10963010787964
TSS,Sub-Saharan Africa (IDA & IBRD countries),2005,1014.83239214841,3.52218008041382
TSS,Sub-Saharan Africa (IDA & IBRD countries),2006,1174.20457412191,3.56625998020172
TSS,Sub-Saharan Africa (IDA & IBRD countries),2007,1327.0104103726,
TSS,Sub-Saharan Africa (IDA & IBRD countries),2008,1481.00179155169,3.2853000164032
TSS,Sub-Saharan Africa (IDA & IBRD countries),2009,1373.13746570894,3.61195003986359
TSS,Sub-Saharan Africa (IDA & IBRD countries),2010,1588.81797741095,3.53979992866516
TSS,Sub-Saharan Africa (IDA & IBRD countries),2011,1745.44305673761,3.21727502346039
TSS,Sub-Saharan Africa (IDA & IBRD countries),2012,1781.43313604747,3.44884502887726
TSS,Sub-Saharan Africa (IDA & IBRD countries),2013,1849.69360950361,3.3275101184845
TSS,Sub-Saharan Africa (IDA & IBRD countries),2014,1885.47256318323,4.03524994850159
TSS,Sub-Saharan Africa (IDA & IBRD countries),2015,1673.44929052822,4.14809000492096
TSS,Sub-Saharan Africa (IDA & IBRD countries),2016,1504.23840871572,3.25769507884979
TSS,Sub-Saharan Africa (IDA & IBRD countries),2017,1560.88734674149,4.03133010864258
TSS,Sub-Saharan Africa (IDA & IBRD countries),2018,1589.42515617081,4.30376505851746
TSS,Sub-Saharan Africa (IDA & IBRD countries),2019,1585.43646774798,
TTO,Trinidad and Tobago,1960,631.702114968573,
TTO,Trinidad and Tobago,1961,676.398049828513,
TTO,Trinidad and Tobago,1962,704.21915437195,
TTO,Trinidad and Tobago,1963,760.401295416033,
TTO,Trinidad and Tobago,1964,788.702763593334,
TTO,Trinidad and Tobago,1965,807.874268485485,
TTO,Trinidad and Tobago,1966,787.339263238572,
TTO,Trinidad and Tobago,1967,823.554528334271,
TTO,Trinidad and Tobago,1968,815.324480685865,
TTO,Trinidad and Tobago,1969,831.425138659775,
TTO,Trinidad and Tobago,1970,869.351358212744,
TTO,Trinidad and Tobago,1971,938.281727658709,
TTO,Trinidad and Tobago,1972,1119.0380732508,
TTO,Trinidad and Tobago,1973,1332.7761010202,
TTO,Trinidad and Tobago,1974,2049.21851073933,
TTO,Trinidad and Tobago,1975,2416.24353376298,
TTO,Trinidad and Tobago,1976,2439.17033421074,
TTO,Trinidad and Tobago,1977,3020.2371283883,
TTO,Trinidad and Tobago,1978,3381.24095525195,
TTO,Trinidad and Tobago,1979,4306.7980096197,
TTO,Trinidad and Tobago,1980,5748.66819575249,3.76807999610901
TTO,Trinidad and Tobago,1981,6345.00108743359,
TTO,Trinidad and Tobago,1982,7268.09937917775,5.45739984512329
TTO,Trinidad and Tobago,1983,6821.85030635171,5.76660013198853
TTO,Trinidad and Tobago,1984,6715.65919874686,5.87390995025635
TTO,Trinidad and Tobago,1985,6302.66846737926,5.76774978637695
TTO,Trinidad and Tobago,1986,4051.47999202661,
TTO,Trinidad and Tobago,1987,4016.41950990194,
TTO,Trinidad and Tobago,1988,3734.45241050677,
TTO,Trinidad and Tobago,1989,3564.35987385934,4.19987010955811
TTO,Trinidad and Tobago,1990,4150.30185502442,3.65412998199463
TTO,Trinidad and Tobago,1991,4318.51999576353,
TTO,Trinidad and Tobago,1992,4398.50223636653,
TTO,Trinidad and Tobago,1993,3754.76715994311,
TTO,Trinidad and Tobago,1994,3959.28505347215,3.43180990219116
TTO,Trinidad and Tobago,1995,4249.09437348112,3.55854988098145
TTO,Trinidad and Tobago,1996,4579.97082122924,3.24876999855042
TTO,Trinidad and Tobago,1997,4554.32030819416,3.3252100944519
TTO,Trinidad and Tobago,1998,4790.13892439622,2.43892002105713
TTO,Trinidad and Tobago,1999,5387.13881254591,2.75611996650696
TTO,Trinidad and Tobago,2000,6435.16468252829,2.75565004348755
TTO,Trinidad and Tobago,2001,6939.80118408553,3.06528997421265
TTO,Trinidad and Tobago,2002,7053.0708041133,3.54300999641418
TTO,Trinidad and Tobago,2003,8807.90037861,3.13660001754761
TTO,Trinidad and Tobago,2004,10293.805414705,
TTO,Trinidad and Tobago,2005,12327.2331723195,
TTO,Trinidad and Tobago,2006,14102.4958480936,
TTO,Trinidad and Tobago,2007,16539.8781077283,
TTO,Trinidad and Tobago,2008,21204.1049703496,
TTO,Trinidad and Tobago,2009,14514.1417224997,
TTO,Trinidad and Tobago,2010,16683.3553787376,
TTO,Trinidad and Tobago,2011,19034.1491966652,
TTO,Trinidad and Tobago,2012,19157.4170366712,
TTO,Trinidad and Tobago,2013,20143.6644489582,
TTO,Trinidad and Tobago,2014,20270.8593716518,
TTO,Trinidad and Tobago,2015,18289.704340369,
TTO,Trinidad and Tobago,2016,16176.9473700573,
TTO,Trinidad and Tobago,2017,16238.1931916674,
TTO,Trinidad and Tobago,2018,17129.9130902577,
TTO,Trinidad and Tobago,2019,17276.4654468225,
TUN,Tunisia,1965,217.911274365173,
TUN,Tunisia,1966,224.294846143586,
TUN,Tunisia,1967,229.028956100784,
TUN,Tunisia,1968,250.693862685395,
TUN,Tunisia,1969,260.408480233691,
TUN,Tunisia,1970,284.220454451994,
TUN,Tunisia,1971,325.564338723167,
TUN,Tunisia,1972,422.856453327632,
TUN,Tunisia,1973,504.827938675886,
TUN,Tunisia,1974,641.104608577766,
TUN,Tunisia,1975,765.1893752820559,
TUN,Tunisia,1976,779.045406286451,
TUN,Tunisia,1977,863.066590651129,
TUN,Tunisia,1978,984.801238370901,
TUN,Tunisia,1979,1157.37792338305,
TUN,Tunisia,1980,1371.83571580932,5.2351598739624
TUN,Tunisia,1981,1286.55417100179,4.88935995101929
TUN,Tunisia,1982,1206.64135553785,5.28604984283447
TUN,Tunisia,1983,1203.6584073266,5.4576301574707
TUN,Tunisia,1984,1156.91373473711,5.51744985580444
TUN,Tunisia,1985,1147.42859426648,5.53972005844116
TUN,Tunisia,1986,1199.56189916744,5.87948989868164
TUN,Tunisia,1987,1259.13565511809,
TUN,Tunisia,1988,1281.20145726783,
TUN,Tunisia,1989,1253.32655269715,
TUN,Tunisia,1990,1491.12212876029,5.79086017608643
TUN,Tunisia,1991,1551.37689316461,6.02747011184692
TUN,Tunisia,1992,1799.11032878215,5.75488996505737
TUN,Tunisia,1993,1660.8753792643,5.98376989364624
TUN,Tunisia,1994,1743.15453270062,6.17646980285645
TUN,Tunisia,1995,1975.90029490707,6.42975997924805
TUN,Tunisia,1996,2113.5862918713,6.2878098487854
TUN,Tunisia,1997,2208.2053029448,6.67902994155884
TUN,Tunisia,1998,2292.71294685292,
TUN,Tunisia,1999,2386.58924421382,6.27098989486694
TUN,Tunisia,2000,2211.82681728547,6.20198011398315
TUN,Tunisia,2001,2253.04470970244,6.20182991027832
TUN,Tunisia,2002,2344.41353342533,5.79003000259399
TUN,Tunisia,2003,2760.41431350156,6.81673002243042
TUN,Tunisia,2004,3111.38270290128,6.72077989578247
TUN,Tunisia,2005,3193.20656949373,6.4515700340271
TUN,Tunisia,2006,3370.03392588511,6.43859004974365
TUN,Tunisia,2007,3775.75001016077,6.46551990509033
TUN,Tunisia,2008,4307.15587838971,6.27219009399414
TUN,Tunisia,2009,4128.46278261191,6.528480052948
TUN,Tunisia,2010,4141.97635336459,6.25480985641479
TUN,Tunisia,2011,4264.67494604737,
TUN,Tunisia,2012,4152.67858707583,6.25037002563477
TUN,Tunisia,2013,4222.70324540611,
TUN,Tunisia,2014,4305.47416504834,
TUN,Tunisia,2015,3861.68853113497,6.59601020812988
TUN,Tunisia,2016,3697.93083126064,
TUN,Tunisia,2017,3481.22873876516,
TUN,Tunisia,2018,3438.78908914627,
TUN,Tunisia,2019,3317.54101348345,
TUR,Turkey,1960,509.423852150563,
TUR,Turkey,1961,283.828274183166,
TUR,Turkey,1962,309.446667238777,
TUR,Turkey,1963,350.662949564152,
TUR,Turkey,1964,369.583431970045,
TUR,Turkey,1965,386.358085584709,
TUR,Turkey,1966,444.549440786755,
TUR,Turkey,1967,481.693709526268,
TUR,Turkey,1968,526.213490405955,
TUR,Turkey,1969,571.6177869836951,
TUR,Turkey,1970,489.930269321812,
TUR,Turkey,1971,455.104909181386,
TUR,Turkey,1972,558.421014526352,
TUR,Turkey,1973,686.4899382158,
TUR,Turkey,1974,927.79909484725,
TUR,Turkey,1975,1136.37533563988,
TUR,Turkey,1976,1275.95638326457,
TUR,Turkey,1977,1427.37155196111,
TUR,Turkey,1978,1549.64402671133,4.34774017333984
TUR,Turkey,1979,2079.22036586893,2.91519999504089
TUR,Turkey,1980,1564.24720140332,
TUR,Turkey,1981,1579.07367306711,2.20830011367798
TUR,Turkey,1982,1402.40643545276,1.75490999221802
TUR,Turkey,1983,1310.2555960924,2.64759993553162
TUR,Turkey,1984,1246.82454587092,2.02923011779785
TUR,Turkey,1985,1368.40140175616,1.73810994625092
TUR,Turkey,1986,1510.67652183988,1.50957000255585
TUR,Turkey,1987,1705.89458476977,
TUR,Turkey,1988,1745.36489349025,
TUR,Turkey,1989,2021.8592244424,
TUR,Turkey,1990,2794.35039016178,
TUR,Turkey,1991,2735.70786407173,
TUR,Turkey,1992,2842.36987637475,
TUR,Turkey,1993,3180.18780104574,3.36546993255615
TUR,Turkey,1994,2270.33752255651,3.42482995986938
TUR,Turkey,1995,2897.86649148369,2.2511100769043
TUR,Turkey,1996,3053.94702504913,
TUR,Turkey,1997,3144.38585934025,
TUR,Turkey,1998,4496.49682046046,0
TUR,Turkey,1999,4108.12319899676,2.8866400718689
TUR,Turkey,2000,4316.54890677774,2.52907991409302
TUR,Turkey,2001,3119.56579023258,2.65434002876282
TUR,Turkey,2002,3659.93986846178,2.74893999099731
TUR,Turkey,2003,4718.19980755343,2.87663006782532
TUR,Turkey,2004,6040.60769788063,3.02020001411438
TUR,Turkey,2005,7384.25162790172,
TUR,Turkey,2006,8035.37733812325,2.75062990188599
TUR,Turkey,2007,9711.873593975561,
TUR,Turkey,2008,10854.1722529151,
TUR,Turkey,2009,9038.520150172601,
TUR,Turkey,2010,10672.389245603,
TUR,Turkey,2011,11335.5105095101,
TUR,Turkey,2012,11707.2597121001,
TUR,Turkey,2013,12519.3914258819,
TUR,Turkey,2014,12095.8545718135,
TUR,Turkey,2015,10948.7246069027,
TUR,Turkey,2016,10820.6338422108,
TUR,Turkey,2017,10513.6484324378,
TUR,Turkey,2018,9370.1763549731,
TUR,Turkey,2019,9042.49298288882,
TUV,Tuvalu,1990,990.064819950998,7.55418014526367
TUV,Tuvalu,1991,1037.57654705226,
TUV,Tuvalu,1992,1069.24379622589,
TUV,Tuvalu,1993,1047.50521578164,
TUV,Tuvalu,1994,1176.69969296285,
TUV,Tuvalu,1995,1185.84051888057,
TUV,Tuvalu,1996,1323.05547914829,
TUV,Tuvalu,1997,1362.31958034201,3.73082995414734
TUV,Tuvalu,1998,1367.08453369597,
TUV,Tuvalu,1999,1464.49187950758,
TUV,Tuvalu,2000,1462.85469981826,
TUV,Tuvalu,2001,1391.45349501539,
TUV,Tuvalu,2002,1610.14946238103,
TUV,Tuvalu,2003,1874.46828495417,
TUV,Tuvalu,2004,2182.07838763698,
TUV,Tuvalu,2005,2183.90988927071,
TUV,Tuvalu,2006,2263.12860136197,
TUV,Tuvalu,2007,2644.59192126779,
TUV,Tuvalu,2008,2936.80625962623,
TUV,Tuvalu,2009,2599.87301181428,
TUV,Tuvalu,2010,3022.17650716397,
TUV,Tuvalu,2011,3640.72324004977,
TUV,Tuvalu,2012,3507.94065504737,
TUV,Tuvalu,2013,3454.82869218249,
TUV,Tuvalu,2014,3398.70648337631,
TUV,Tuvalu,2015,3197.77225194394,
TUV,Tuvalu,2016,3255.92869342584,
TUV,Tuvalu,2017,3572.49357894833,
TUV,Tuvalu,2018,3700.74426252192,
TUV,Tuvalu,2019,4059.02999569444,
TZA,Tanzania,1988,221.588134511165,
TZA,Tanzania,1989,186.218724970672,2.24926996231079
TZA,Tanzania,1990,173.790639184874,2.13807010650635
TZA,Tanzania,1991,195.661537920119,
TZA,Tanzania,1992,175.558126784427,
TZA,Tanzania,1993,157.060818273959,
TZA,Tanzania,1994,161.176935540338,
TZA,Tanzania,1995,182.361883690418,
TZA,Tanzania,1996,219.550188812563,2.53282999992371
TZA,Tanzania,1997,253.475951266267,2.45859003067017
TZA,Tanzania,1998,395.532684558791,2.17590999603271
TZA,Tanzania,1999,400.263684382317,
TZA,Tanzania,2000,410.952327593101,
TZA,Tanzania,2001,406.538668558325,
TZA,Tanzania,2002,411.97234578502,
TZA,Tanzania,2003,431.279693134905,
TZA,Tanzania,2004,459.259282513861,3.56122994422913
TZA,Tanzania,2005,492.63137929182,3.54625010490417
TZA,Tanzania,2006,485.497487404515,3.00991988182068
TZA,Tanzania,2007,552.8395296003411,4.03342008590698
TZA,Tanzania,2008,687.390445540348,4.18591022491455
TZA,Tanzania,2009,695.2167768120451,3.96076011657715
TZA,Tanzania,2010,743.403784726004,4.54169988632202
TZA,Tanzania,2011,781.437014324276,
TZA,Tanzania,2012,867.867680563228,
TZA,Tanzania,2013,970.4169384250461,
TZA,Tanzania,2014,1030.09291747653,3.38488006591797
TZA,Tanzania,2015,947.933446487903,
TZA,Tanzania,2016,966.474622354379,
TZA,Tanzania,2017,1004.84112066441,4.4305100440979
TZA,Tanzania,2018,1060.99461489421,3.69643998146057
TZA,Tanzania,2019,1122.12181047515,
UGA,Uganda,1960,62.5095976551585,
UGA,Uganda,1961,63.2210216553002,
UGA,Uganda,1962,62.2263404642194,
UGA,Uganda,1963,69.1735615472614,
UGA,Uganda,1964,76.3115257643355,
UGA,Uganda,1965,110.802233487656,
UGA,Uganda,1966,112.03208592975,
UGA,Uganda,1967,113.1692309771,
UGA,Uganda,1968,117.384590680697,
UGA,Uganda,1969,128.074707902153,
UGA,Uganda,1970,133.971680021843,
UGA,Uganda,1971,146.588878958746,3.16105008125305
UGA,Uganda,1972,150.216648289571,
UGA,Uganda,1973,167.135770825411,3.3502299785614
UGA,Uganda,1974,200.912199330429,3.39091992378235
UGA,Uganda,1975,219.751047395311,3.22102999687195
UGA,Uganda,1976,221.616024813605,2.67658996582031
UGA,Uganda,1977,258.296247012965,
UGA,Uganda,1978,206.638605797827,
UGA,Uganda,1979,177.201499940561,
UGA,Uganda,1980,100.030267633066,
UGA,Uganda,1981,104.27223779154,
UGA,Uganda,1982,164.687753909377,2.5155200958252
UGA,Uganda,1983,164.262618117372,1.68909001350403
UGA,Uganda,1984,256.740720701869,2.42835998535156
UGA,Uganda,1985,241.746034664622,3.431960105896
UGA,Uganda,1986,260.328699592605,
UGA,Uganda,1987,401.563466295719,
UGA,Uganda,1988,402.279466564451,5.10365009307861
UGA,Uganda,1989,314.768702840413,
UGA,Uganda,1990,248.029367198959,
UGA,Uganda,1991,185.018148080294,
UGA,Uganda,1992,153.943974021464,
UGA,Uganda,1993,167.941231721124,
UGA,Uganda,1994,201.602656478301,
UGA,Uganda,1995,281.966202349409,
UGA,Uganda,1996,287.388236078175,
UGA,Uganda,1997,289.504414242171,
UGA,Uganda,1998,295.4053580237,
UGA,Uganda,1999,261.34786098482,
UGA,Uganda,2000,261.868997701026,2.461669921875
UGA,Uganda,2001,239.473185932773,
UGA,Uganda,2002,245.500079364729,
UGA,Uganda,2003,243.901526379506,
UGA,Uganda,2004,296.046936103797,4.95237016677856
UGA,Uganda,2005,325.590373610891,
UGA,Uganda,2006,347.990356815413,
UGA,Uganda,2007,416.898619395623,
UGA,Uganda,2008,467.900570300656,
UGA,Uganda,2009,793.48328551099,
UGA,Uganda,2010,815.873679131482,1.74151003360748
UGA,Uganda,2011,825.8384351862539,2.31768989562988
UGA,Uganda,2012,783.7179210182881,1.8121600151062
UGA,Uganda,2013,803.509373918698,1.88643002510071
UGA,Uganda,2014,876.354300461581,1.93035995960236
UGA,Uganda,2015,840.401571455767,2.34049010276794
UGA,Uganda,2016,730.625040496247,2.15535998344421
UGA,Uganda,2017,747.196907377979,2.27204990386963
UGA,Uganda,2018,767.097759575903,2.13052010536194
UGA,Uganda,2019,776.768575885308,
UKR,Ukraine,1970,,4.57292985916138
UKR,Ukraine,1987,1249.44327760578,
UKR,Ukraine,1988,1449.96249883861,
UKR,Ukraine,1989,1597.53464352316,
UKR,Ukraine,1990,1569.75758369404,
UKR,Ukraine,1991,1489.68877509851,
UKR,Ukraine,1992,1417.86516173293,
UKR,Ukraine,1993,1258.1365736358,
UKR,Ukraine,1994,1012.09819360028,
UKR,Ukraine,1995,935.95898840846,
UKR,Ukraine,1996,872.69874195784,
UKR,Ukraine,1997,991.220402802809,5.45600986480713
UKR,Ukraine,1998,835.250954177158,4.44884014129639
UKR,Ukraine,1999,635.757922564199,3.61807990074158
UKR,Ukraine,2000,635.700535075575,4.16623020172119
UKR,Ukraine,2001,780.321178870619,4.68506002426147
UKR,Ukraine,2002,878.618748941345,5.43863010406494
UKR,Ukraine,2003,1047.50279047739,5.60786008834839
UKR,Ukraine,2004,1366.01647647823,5.31350994110107
UKR,Ukraine,2005,1826.93139114817,6.06441020965576
UKR,Ukraine,2006,2300.76970925872,6.21479988098145
UKR,Ukraine,2007,3065.61129390842,6.15720987319946
UKR,Ukraine,2008,3887.24233680525,6.43621015548706
UKR,Ukraine,2009,2542.99542417522,7.31801986694336
UKR,Ukraine,2010,2965.13971520617,
UKR,Ukraine,2011,3569.75812083898,6.16237020492554
UKR,Ukraine,2012,3855.41772856732,6.69232988357544
UKR,Ukraine,2013,4029.71125162545,6.67165994644165
UKR,Ukraine,2014,3104.64320609541,5.87493991851807
UKR,Ukraine,2015,2124.6623187838,
UKR,Ukraine,2016,2187.73050991433,5.00977993011475
UKR,Ukraine,2017,2640.67567655839,5.41226005554199
UKR,Ukraine,2018,3096.81740221352,
UKR,Ukraine,2019,3659.03131229487,
UMC,Upper middle income,1960,181.614129144671,
UMC,Upper middle income,1961,164.640081126345,
UMC,Upper middle income,1962,170.678748228494,
UMC,Upper middle income,1963,174.105283818529,
UMC,Upper middle income,1964,192.377585743965,
UMC,Upper middle income,1965,208.545408330139,
UMC,Upper middle income,1966,223.700322817742,
UMC,Upper middle income,1967,221.391752314906,
UMC,Upper middle income,1968,227.972265086896,
UMC,Upper middle income,1969,249.200289486094,
UMC,Upper middle income,1970,266.336241157169,
UMC,Upper middle income,1971,284.228940354197,
UMC,Upper middle income,1972,316.912498184599,
UMC,Upper middle income,1973,404.220257599235,
UMC,Upper middle income,1974,509.529024425242,
UMC,Upper middle income,1975,551.839900756468,
UMC,Upper middle income,1976,591.30587780875,
UMC,Upper middle income,1977,651.77743186929,
UMC,Upper middle income,1978,683.7212374827089,
UMC,Upper middle income,1979,808.397248365546,
UMC,Upper middle income,1980,923.92270412884,
UMC,Upper middle income,1981,993.01752245761,
UMC,Upper middle income,1982,963.520685547673,
UMC,Upper middle income,1983,924.064046026754,
UMC,Upper middle income,1984,937.060027656389,
UMC,Upper middle income,1985,969.1346262877601,
UMC,Upper middle income,1986,978.293133029658,
UMC,Upper middle income,1987,955.391557685002,
UMC,Upper middle income,1988,1035.89723067176,
UMC,Upper middle income,1989,1068.14387435129,
UMC,Upper middle income,1990,1225.70230640857,
UMC,Upper middle income,1991,1350.93180308714,
UMC,Upper middle income,1992,1305.52284349056,
UMC,Upper middle income,1993,1407.32732759417,
UMC,Upper middle income,1994,1518.08462108523,
UMC,Upper middle income,1995,1680.9688551713,
UMC,Upper middle income,1996,1814.90142060473,3.50608992576599
UMC,Upper middle income,1997,1905.37988913263,
UMC,Upper middle income,1998,1811.96942961629,
UMC,Upper middle income,1999,1717.30623278469,4.21214008331299
UMC,Upper middle income,2000,1878.12447618624,3.94893002510071
UMC,Upper middle income,2001,1882.78892874036,3.77112495899201
UMC,Upper middle income,2002,1882.77394768559,3.57905006408692
UMC,Upper middle income,2003,2095.38891074751,3.70207500457763
UMC,Upper middle income,2004,2482.95624998893,3.51719498634338
UMC,Upper middle income,2005,2953.43958204937,3.93859004974365
UMC,Upper middle income,2006,3494.25255874339,3.91008996963501
UMC,Upper middle income,2007,4300.97014289962,3.68264007568359
UMC,Upper middle income,2008,5211.27407074014,3.95851993560791
UMC,Upper middle income,2009,5016.95753022678,4.4264600276947
UMC,Upper middle income,2010,6089.42331362091,4.41761994361878
UMC,Upper middle income,2011,7225.17222917182,3.96781992912292
UMC,Upper middle income,2012,7678.0963450404,3.73032009601593
UMC,Upper middle income,2013,8070.06290272001,4.07420015335083
UMC,Upper middle income,2014,8258.437750674109,
UMC,Upper middle income,2015,7695.50393893236,
UMC,Upper middle income,2016,7629.40685561866,3.81316995620728
UMC,Upper middle income,2017,8364.770424850291,4.09250020980835
UMC,Upper middle income,2018,8911.911518836831,
UMC,Upper middle income,2019,9040.045781670029,
URY,Uruguay,1960,489.351688758496,
URY,Uruguay,1961,601.703236688895,
URY,Uruguay,1962,656.713479039316,
URY,Uruguay,1963,584.291411788937,
URY,Uruguay,1964,741.243607484594,
URY,Uruguay,1965,701.70497857227,
URY,Uruguay,1966,664.438864996259,
URY,Uruguay,1967,580.971315082477,
URY,Uruguay,1968,574.347296527256,
URY,Uruguay,1969,717.13966511808,
URY,Uruguay,1970,760.588688986537,
URY,Uruguay,1971,996.088773445987,
URY,Uruguay,1972,775.987334710273,
URY,Uruguay,1973,1404.72406796899,
URY,Uruguay,1974,1448.32581126758,
URY,Uruguay,1975,1250.199041359,
URY,Uruguay,1976,1290.63045651316,
URY,Uruguay,1977,1440.22665459176,
URY,Uruguay,1978,1707.48321222714,
URY,Uruguay,1979,2479.95822684851,1.98713004589081
URY,Uruguay,1980,3485.99110298295,2.15950989723206
URY,Uruguay,1981,3764.83561597162,
URY,Uruguay,1982,3107.40083208692,
URY,Uruguay,1983,1716.18549388566,
URY,Uruguay,1984,1620.93672852313,2.37338995933533
URY,Uruguay,1985,1571.30599985711,2.56679010391235
URY,Uruguay,1986,1940.215705748,3.1028299331665
URY,Uruguay,1987,2415.90371936346,
URY,Uruguay,1988,2676.54123107675,
URY,Uruguay,1989,2732.29461164913,
URY,Uruguay,1990,2990.3642477705,
URY,Uruguay,1991,3578.28472927323,2.47907996177673
URY,Uruguay,1992,4082.53189162529,2.41153001785278
URY,Uruguay,1993,4720.99130625166,
URY,Uruguay,1994,5458.86394999264,2.27171993255615
URY,Uruguay,1995,5985.10585663924,2.521399974823
URY,Uruguay,1996,6317.56576737169,2.86986994743347
URY,Uruguay,1997,7329.85349066375,
URY,Uruguay,1998,7713.6187713541,2.24337005615234
URY,Uruguay,1999,7250.2594279042,
URY,Uruguay,2000,6875.02132755276,2.42254996299744
URY,Uruguay,2001,6284.45590044928,2.80096006393433
URY,Uruguay,2002,4090.89926742495,2.32220005989075
URY,Uruguay,2003,3624.19805243342,2.0682098865509
URY,Uruguay,2004,4120.55661101242,2.49954009056091
URY,Uruguay,2005,5226.93780572011,2.71475005149841
URY,Uruguay,2006,5887.84870337557,2.88025999069214
URY,Uruguay,2007,7026.51149120618,
URY,Uruguay,2008,9091.079039169201,
URY,Uruguay,2009,9451.932448699339,
URY,Uruguay,2010,11992.0166261774,
URY,Uruguay,2011,14236.681188686,4.35526990890503
URY,Uruguay,2012,15171.5846634188,
URY,Uruguay,2013,16973.6742130217,
URY,Uruguay,2014,16831.9729440778,
URY,Uruguay,2015,15613.7642726429,
URY,Uruguay,2016,15387.1440299446,4.75909996032715
URY,Uruguay,2017,17322.1473891166,4.8403000831604
URY,Uruguay,2018,17277.9701101852,5.04758977890015
URY,Uruguay,2019,16190.1269572827,
USA,United States,1960,3007.12344537862,
USA,United States,1961,3066.56286916615,
USA,United States,1962,3243.84307754988,
USA,United States,1963,3374.51517105082,
USA,United States,1964,3573.94118474743,
USA,United States,1965,3827.52710972039,
USA,United States,1966,4146.31664631665,
USA,United States,1967,4336.42658722171,
USA,United States,1968,4695.92339043178,
USA,United States,1969,5032.14474262003,
USA,United States,1970,5234.2966662115,
USA,United States,1971,5609.38259952519,
USA,United States,1972,6094.01798986165,
USA,United States,1973,6726.35895596695,
USA,United States,1974,7225.69135952566,
USA,United States,1975,7801.45666356443,
USA,United States,1976,8592.253537276119,
USA,United States,1977,9452.57651914511,
USA,United States,1978,10564.9482220275,
USA,United States,1979,11674.1863100131,
USA,United States,1980,12574.7915062163,
USA,United States,1981,13976.1097504641,
USA,United States,1982,14433.787727053,
USA,United States,1983,15543.8937174925,
USA,United States,1984,17121.2254849995,
USA,United States,1985,18236.8277265009,
USA,United States,1986,19071.2271949295,
USA,United States,1987,20038.9410992658,
USA,United States,1988,21417.0119305191,
USA,United States,1989,22857.1544330056,
USA,United States,1990,23888.6000088133,
USA,United States,1991,24342.2589048189,
USA,United States,1992,25418.9907763319,
USA,United States,1993,26387.2937338171,
USA,United States,1994,27694.853416234,
USA,United States,1995,28690.8757013347,
USA,United States,1996,29967.7127181749,
USA,United States,1997,31459.139002483,
USA,United States,1998,32853.6769849268,
USA,United States,1999,34513.5615037271,
USA,United States,2000,36334.9087770589,
USA,United States,2001,37133.2428088526,
USA,United States,2002,38023.1611144021,
USA,United States,2003,39496.4858751381,
USA,United States,2004,41712.8010675545,
USA,United States,2005,44114.7477776705,
USA,United States,2006,46298.7314440927,
USA,United States,2007,47975.9676758856,
USA,United States,2008,48382.5584490552,
USA,United States,2009,47099.9804711343,
USA,United States,2010,48467.5157769259,
USA,United States,2011,49886.8181094923,
USA,United States,2012,51610.6052783379,
USA,United States,2013,53117.6678308301,4.93104982376099
USA,United States,2014,55047.7255604544,4.96174001693726
USA,United States,2015,56822.5188202456,
USA,United States,2016,57927.5168515062,
USA,United States,2017,59957.7258513032,
USA,United States,2018,62840.0202387954,
USA,United States,2019,65118.3583328163,
UZB,Uzbekistan,1990,651.4192061373629,
UZB,Uzbekistan,1991,652.80747528743,
UZB,Uzbekistan,1992,603.352015296438,
UZB,Uzbekistan,1993,596.983585612576,
UZB,Uzbekistan,1994,576.447110453392,
UZB,Uzbekistan,1995,585.932364161135,
UZB,Uzbekistan,1996,600.598157828584,
UZB,Uzbekistan,1997,623.002652367639,
UZB,Uzbekistan,1998,623.216132835985,
UZB,Uzbekistan,1999,702.4807440888731,
UZB,Uzbekistan,2000,558.226802377,
UZB,Uzbekistan,2001,456.706289511583,
UZB,Uzbekistan,2002,383.343067990742,
UZB,Uzbekistan,2003,396.377979026633,
UZB,Uzbekistan,2004,465.119886944025,
UZB,Uzbekistan,2005,546.776850185552,
UZB,Uzbekistan,2006,654.283837283285,
UZB,Uzbekistan,2007,830.407694204322,
UZB,Uzbekistan,2008,1082.28602501699,
UZB,Uzbekistan,2009,1213.26532816388,
UZB,Uzbekistan,2010,1634.31209539718,
UZB,Uzbekistan,2011,1926.29299673401,
UZB,Uzbekistan,2012,2137.025122118,
UZB,Uzbekistan,2013,2281.41097296841,6.09001016616821
UZB,Uzbekistan,2014,2492.33664277468,6.02526998519897
UZB,Uzbekistan,2015,2615.025134487,5.78637981414795
UZB,Uzbekistan,2016,2567.79920656883,5.66772985458374
UZB,Uzbekistan,2017,1826.56691924216,5.2813401222229
UZB,Uzbekistan,2018,1529.08286351335,
UZB,Uzbekistan,2019,1724.8411344137,
VCT,St. Vincent and the Grenadines,1960,161.361346785941,
VCT,St. Vincent and the Grenadines,1961,170.379137318278,
VCT,St. Vincent and the Grenadines,1962,174.500269824021,
VCT,St. Vincent and the Grenadines,1963,162.80931967712,
VCT,St. Vincent and the Grenadines,1964,173.39956466552,
VCT,St. Vincent and the Grenadines,1965,175.654363181509,
VCT,St. Vincent and the Grenadines,1966,185.26248615642,
VCT,St. Vincent and the Grenadines,1967,180.40235976296,
VCT,St. Vincent and the Grenadines,1968,173.129412826239,
VCT,St. Vincent and the Grenadines,1969,185.892282958199,
VCT,St. Vincent and the Grenadines,1970,203.847131224519,
VCT,St. Vincent and the Grenadines,1971,219.165253245873,
VCT,St. Vincent and the Grenadines,1972,298.17959629272,
VCT,St. Vincent and the Grenadines,1973,322.379515254582,
VCT,St. Vincent and the Grenadines,1974,347.984609657901,
VCT,St. Vincent and the Grenadines,1975,347.443757350275,
VCT,St. Vincent and the Grenadines,1976,339.143682755146,
VCT,St. Vincent and the Grenadines,1977,505.144899764095,
VCT,St. Vincent and the Grenadines,1978,616.480455145359,
VCT,St. Vincent and the Grenadines,1979,713.467868514783,
VCT,St. Vincent and the Grenadines,1980,818.769162834652,
VCT,St. Vincent and the Grenadines,1981,1006.40337607835,
VCT,St. Vincent and the Grenadines,1982,1112.49416497157,
VCT,St. Vincent and the Grenadines,1983,1186.57649690999,
VCT,St. Vincent and the Grenadines,1984,1301.08198939841,
VCT,St. Vincent and the Grenadines,1985,1393.62051159919,
VCT,St. Vincent and the Grenadines,1986,1528.71357923783,4.42911005020142
VCT,St. Vincent and the Grenadines,1987,1657.8914075445,
VCT,St. Vincent and the Grenadines,1988,1884.19172260534,
VCT,St. Vincent and the Grenadines,1989,2005.6317977998,4.46868991851807
VCT,St. Vincent and the Grenadines,1990,2236.28877407421,
VCT,St. Vincent and the Grenadines,1991,2364.43762646257,4.87377023696899
VCT,St. Vincent and the Grenadines,1992,2574.84123308116,
VCT,St. Vincent and the Grenadines,1993,2650.18850550123,
VCT,St. Vincent and the Grenadines,1994,2678.67140645314,
VCT,St. Vincent and the Grenadines,1995,2925.0565231775,
VCT,St. Vincent and the Grenadines,1996,3070.03133755375,
VCT,St. Vincent and the Grenadines,1997,3223.22628481394,
VCT,St. Vincent and the Grenadines,1998,3465.82918388375,4.03336000442505
VCT,St. Vincent and the Grenadines,1999,3625.8945799676,5.7526798248291
VCT,St. Vincent and the Grenadines,2000,3676.43964197256,7.91380977630615
VCT,St. Vincent and the Grenadines,2001,3985.68340157463,
VCT,St. Vincent and the Grenadines,2002,4272.86089756834,7.80199003219604
VCT,St. Vincent and the Grenadines,2003,4447.74381308547,8.63782978057861
VCT,St. Vincent and the Grenadines,2004,4810.29850257217,
VCT,St. Vincent and the Grenadines,2005,5070.51270247543,6.35081005096436
VCT,St. Vincent and the Grenadines,2006,5625.3513902658,
VCT,St. Vincent and the Grenadines,2007,6307.21409590353,5.67103004455566
VCT,St. Vincent and the Grenadines,2008,6415.80961733554,
VCT,St. Vincent and the Grenadines,2009,6232.71936134053,5.68978023529053
VCT,St. Vincent and the Grenadines,2010,6292.78948709922,5.08522987365723
VCT,St. Vincent and the Grenadines,2011,6242.19533244977,
VCT,St. Vincent and the Grenadines,2012,6390.31063156115,
VCT,St. Vincent and the Grenadines,2013,6639.60714595024,
VCT,St. Vincent and the Grenadines,2014,6684.80736732912,
VCT,St. Vincent and the Grenadines,2015,6920.87807380804,
VCT,St. Vincent and the Grenadines,2016,7075.06582034944,5.73339986801147
VCT,St. Vincent and the Grenadines,2017,7212.96018080962,5.7319598197937
VCT,St. Vincent and the Grenadines,2018,7361.4009618002,5.69377994537354
VCT,St. Vincent and the Grenadines,2019,7463.53783093423,
VEN,"Venezuela, RB",1960,955.446183374363,
VEN,"Venezuela, RB",1961,970.356398396839,
VEN,"Venezuela, RB",1962,1023.35558792929,
VEN,"Venezuela, RB",1963,1077.4026936172,
VEN,"Venezuela, RB",1964,864.47168241399,
VEN,"Venezuela, RB",1965,869.535291680426,
VEN,"Venezuela, RB",1966,876.153926382849,
VEN,"Venezuela, RB",1967,892.879120094172,
VEN,"Venezuela, RB",1968,937.597795130449,
VEN,"Venezuela, RB",1969,930.9257067863811,
VEN,"Venezuela, RB",1970,1014.4535302627,4.16286993026733
VEN,"Venezuela, RB",1971,1105.62333716793,4.1799201965332
VEN,"Venezuela, RB",1972,1155.40426735271,4.83728981018066
VEN,"Venezuela, RB",1973,1367.91128523617,
VEN,"Venezuela, RB",1974,2036.43768996288,3.94795989990234
VEN,"Venezuela, RB",1975,2082.31035460006,5.19851016998291
VEN,"Venezuela, RB",1976,2314.99066944162,
VEN,"Venezuela, RB",1977,2593.07611705602,5.25665998458862
VEN,"Venezuela, RB",1978,2737.00148076378,
VEN,"Venezuela, RB",1979,3270.60076499566,
VEN,"Venezuela, RB",1980,3893.6986285104,4.40072011947632
VEN,"Venezuela, RB",1981,4252.33533957519,5.18743991851807
VEN,"Venezuela, RB",1982,4228.90185585834,5.00895023345947
VEN,"Venezuela, RB",1983,4108.47950699468,6.0598201751709
VEN,"Venezuela, RB",1984,3555.80623266794,4.06372976303101
VEN,"Venezuela, RB",1985,3577.78198625982,
VEN,"Venezuela, RB",1986,3398.1319795262,
VEN,"Venezuela, RB",1987,2634.22068350481,3.92751002311707
VEN,"Venezuela, RB",1988,3220.86243034683,3.62941002845764
VEN,"Venezuela, RB",1989,2270.9581540757,
VEN,"Venezuela, RB",1990,2475.38047254573,2.44671010971069
VEN,"Venezuela, RB",1991,2661.03345359182,
VEN,"Venezuela, RB",1992,2938.16176879535,4.31067991256714
VEN,"Venezuela, RB",1993,2857.93852353474,3.81783008575439
VEN,"Venezuela, RB",1994,2720.36756938023,5.00603008270264
VEN,"Venezuela, RB",1995,3529.58961099889,
VEN,"Venezuela, RB",1996,3151.26927826974,
VEN,"Venezuela, RB",1997,3758.84493439744,
VEN,"Venezuela, RB",1998,3921.71897903035,
VEN,"Venezuela, RB",1999,4127.10793839424,
VEN,"Venezuela, RB",2000,4842.03720158812,
VEN,"Venezuela, RB",2001,4986.6755860435,
VEN,"Venezuela, RB",2002,3700.87959262076,
VEN,"Venezuela, RB",2003,3272.61502369118,
VEN,"Venezuela, RB",2004,4325.69675587558,
VEN,"Venezuela, RB",2005,5504.97682392969,
VEN,"Venezuela, RB",2006,6833.37789380195,3.66905999183655
VEN,"Venezuela, RB",2007,8454.466743163421,3.62732005119324
VEN,"Venezuela, RB",2008,11432.7438562616,
VEN,"Venezuela, RB",2009,11765.1001763251,6.87468004226685
VEN,"Venezuela, RB",2010,13825.3580883312,
VEN,"Venezuela, RB",2011,10955.3499126366,
VEN,"Venezuela, RB",2012,12985.5053251065,
VEN,"Venezuela, RB",2013,12456.7124535391,
VEN,"Venezuela, RB",2014,16054.4905130962,
VGB,British Virgin Islands,1970,,10.5736703872681
VGB,British Virgin Islands,1971,,8.935359954833981
VGB,British Virgin Islands,1973,,7.24023008346558
VGB,British Virgin Islands,2001,,2.90476989746094
VGB,British Virgin Islands,2005,,3.04632997512817
VGB,British Virgin Islands,2006,,3.57675004005432
VGB,British Virgin Islands,2007,,3.15190005302429
VGB,British Virgin Islands,2009,,3.47628998756409
VGB,British Virgin Islands,2010,,3.81699991226196
VGB,British Virgin Islands,2015,,5.13478994369507
VGB,British Virgin Islands,2017,,2.35898995399475
VGB,British Virgin Islands,2018,,2.46599006652832
VIR,Virgin Islands (U.S.),2002,30126.255644641,
VIR,Virgin Islands (U.S.),2003,31823.1249884799,
VIR,Virgin Islands (U.S.),2004,35024.4774908497,
VIR,Virgin Islands (U.S.),2005,40929.7951205119,
VIR,Virgin Islands (U.S.),2006,41560.9341982634,
VIR,Virgin Islands (U.S.),2007,44333.0656550273,
VIR,Virgin Islands (U.S.),2008,39207.0037546472,
VIR,Virgin Islands (U.S.),2009,38771.2743877127,
VIR,Virgin Islands (U.S.),2010,40043.1901659314,
VIR,Virgin Islands (U.S.),2011,39144.1657740184,
VIR,Virgin Islands (U.S.),2012,37849.7287205036,
VIR,Virgin Islands (U.S.),2013,34819.1477546185,
VIR,Virgin Islands (U.S.),2014,33573.0970301435,
VIR,Virgin Islands (U.S.),2015,34797.14046978,
VIR,Virgin Islands (U.S.),2016,35931.5412519766,
VIR,Virgin Islands (U.S.),2017,35938.0243875154,
VNM,Vietnam,1985,231.452327634266,
VNM,Vietnam,1986,422.780318021085,
VNM,Vietnam,1987,575.462700751475,
VNM,Vietnam,1988,390.412181474915,
VNM,Vietnam,1989,94.5647309759125,
VNM,Vietnam,1990,95.18825018088759,
VNM,Vietnam,1991,138.447454368734,
VNM,Vietnam,1992,139.200136579577,
VNM,Vietnam,1993,182.308401759113,
VNM,Vietnam,1994,221.129181235302,
VNM,Vietnam,1995,276.812666510629,
VNM,Vietnam,1996,324.147206885621,
VNM,Vietnam,1997,348.017398076375,
VNM,Vietnam,1998,348.324326182854,
VNM,Vietnam,1999,362.919502801142,
VNM,Vietnam,2000,390.093326052633,
VNM,Vietnam,2001,404.807866242848,
VNM,Vietnam,2002,430.052867139077,
VNM,Vietnam,2003,480.579799221457,
VNM,Vietnam,2004,546.909605842251,
VNM,Vietnam,2005,687.479735592231,
VNM,Vietnam,2006,784.37242227845,
VNM,Vietnam,2007,906.284198109134,
VNM,Vietnam,2008,1149.4246418463,4.88674020767212
VNM,Vietnam,2009,1217.26855530412,4.81650018692017
VNM,Vietnam,2010,1317.89070617836,5.13721990585327
VNM,Vietnam,2011,1525.11598800104,4.81372022628784
VNM,Vietnam,2012,1735.14127643805,5.53328990936279
VNM,Vietnam,2013,1886.67189633671,5.65199995040894
VNM,Vietnam,2014,2030.26195473318,
VNM,Vietnam,2015,2085.10148409879,
VNM,Vietnam,2016,2192.21453866566,4.34481000900269
VNM,Vietnam,2017,2365.62166567374,
VNM,Vietnam,2018,2566.59694958511,4.16744995117188
VNM,Vietnam,2019,2715.27603640721,
VUT,Vanuatu,1979,1059.61701423846,
VUT,Vanuatu,1980,981.194852279525,
VUT,Vanuatu,1981,833.014783007403,
VUT,Vanuatu,1982,808.473527711664,
VUT,Vanuatu,1983,886.600647399309,
VUT,Vanuatu,1984,1066.94081797312,
VUT,Vanuatu,1985,951.644095514545,
VUT,Vanuatu,1986,892.450067783861,
VUT,Vanuatu,1987,961.457278887004,
VUT,Vanuatu,1988,1066.25547441712,
VUT,Vanuatu,1989,1011.82241724935,
VUT,Vanuatu,1990,1080.67245018643,
VUT,Vanuatu,1991,1253.15152786268,
VUT,Vanuatu,1992,1264.04965531234,
VUT,Vanuatu,1993,1177.38615785635,
VUT,Vanuatu,1994,1335.90249773436,4.38802003860474
VUT,Vanuatu,1995,1390.96632255557,
VUT,Vanuatu,1996,1427.75901264214,
VUT,Vanuatu,1997,1462.89022930519,
VUT,Vanuatu,1998,1473.71017416568,7.64082002639771
VUT,Vanuatu,1999,1478.49405708015,6.16282987594604
VUT,Vanuatu,2000,1470.57226526613,7.0036301612854
VUT,Vanuatu,2001,1363.11301571423,8.951149940490721
VUT,Vanuatu,2002,1354.18616851825,8.13175010681152
VUT,Vanuatu,2003,1580.54244363005,8.44172954559326
VUT,Vanuatu,2004,1788.08716695791,
VUT,Vanuatu,2005,1887.22657627559,
VUT,Vanuatu,2006,2049.61885568896,
VUT,Vanuatu,2007,2398.61262459488,
VUT,Vanuatu,2008,2705.59765800081,5.78303003311157
VUT,Vanuatu,2009,2649.61814352873,5.01294994354248
VUT,Vanuatu,2010,2966.85711598678,
VUT,Vanuatu,2011,3264.5370165591,
VUT,Vanuatu,2012,3133.09020920348,
VUT,Vanuatu,2013,3124.23307756588,
VUT,Vanuatu,2014,3088.25830265504,4.91083002090454
VUT,Vanuatu,2015,2801.93984778858,5.39081001281738
VUT,Vanuatu,2016,2889.85303623403,
VUT,Vanuatu,2017,3082.35632289041,4.53353023529053
VUT,Vanuatu,2018,3095.70215584493,
VUT,Vanuatu,2019,3058.0656752208,
WLD,World,1960,451.744219945162,
WLD,World,1961,463.828829873549,
WLD,World,1962,489.547100519881,
WLD,World,1963,516.615105787073,
WLD,World,1964,554.553301280707,
WLD,World,1965,591.718115178584,
WLD,World,1966,628.7387592923,
WLD,World,1967,655.873528057314,
WLD,World,1968,693.901057104183,
WLD,World,1969,749.7251418459171,
WLD,World,1970,803.946596717799,
WLD,World,1971,870.43731625243,
WLD,World,1972,984.529368180524,
WLD,World,1973,1178.08888493746,
WLD,World,1974,1332.8027901591,
WLD,World,1975,1457.15442397903,
WLD,World,1976,1556.81536533632,
WLD,World,1977,1729.52627199803,
WLD,World,1978,2005.1086922474,
WLD,World,1979,2288.66604408673,
WLD,World,1980,2532.76318755003,
WLD,World,1981,2576.68800675181,
WLD,World,1982,2507.32143332923,
WLD,World,1983,2513.12816495442,
WLD,World,1984,2560.99829005054,
WLD,World,1985,2643.75840188584,
WLD,World,1986,3069.91309329166,
WLD,World,1987,3431.58068787933,
WLD,World,1988,3772.40135893383,
WLD,World,1989,3870.41300508481,
WLD,World,1990,4285.23527053522,
WLD,World,1991,4464.65431156658,
WLD,World,1992,4668.24046852422,
WLD,World,1993,4669.58159701728,
WLD,World,1994,4939.83490424008,
WLD,World,1995,5412.34405875824,
WLD,World,1996,5453.31283912821,
WLD,World,1997,5357.06916527067,
WLD,World,1998,5272.63330357357,
WLD,World,1999,5395.94283541083,4.12561011314392
WLD,World,2000,5498.32970525151,3.86468005180359
WLD,World,2001,5396.89193859036,4.02030992507935
WLD,World,2002,5533.425293993,3.97255992889404
WLD,World,2003,6131.22322502626,4.06743991374969
WLD,World,2004,6820.61519568082,3.99435985088348
WLD,World,2005,7297.15339863896,4.05650997161865
WLD,World,2006,7811.93620585987,4.00178003311157
WLD,World,2007,8694.90025662167,4.10503005981445
WLD,World,2008,9423.757252440881,4.34125995635986
WLD,World,2009,8830.30690887831,4.6637601852417
WLD,World,2010,9551.33565289547,4.53965997695923
WLD,World,2011,10488.3340155715,4.27214002609253
WLD,World,2012,10605.2083219604,4.20753502845764
WLD,World,2013,10781.8553053719,4.52942991256714
WLD,World,2014,10952.3444187853,4.62945985794067
WLD,World,2015,10246.5073623909,4.6243200302124
WLD,World,2016,10281.9087997747,4.45910000801086
WLD,World,2017,10817.4819474952,4.52916502952576
WLD,World,2018,11374.8467633071,
WLD,World,2019,11428.5698505811,
WSM,Samoa,1982,770.287291381668,
WSM,Samoa,1983,706.418760577568,
WSM,Samoa,1984,685.728764747554,
WSM,Samoa,1985,597.3634163608079,
WSM,Samoa,1986,628.7861810144281,
WSM,Samoa,1987,694.026168058758,
WSM,Samoa,1988,824.261757733897,
WSM,Samoa,1989,758.8527214724151,
WSM,Samoa,1990,772.505849126603,
WSM,Samoa,1991,765.850627891455,
WSM,Samoa,1992,799.462453094026,
WSM,Samoa,1993,796.5754773320911,
WSM,Samoa,1994,1310.64594181699,
WSM,Samoa,1995,1322.31956544335,
WSM,Samoa,1996,1460.04715133918,
WSM,Samoa,1997,1659.08589567212,
WSM,Samoa,1998,1559.14766459228,
WSM,Samoa,1999,1490.9006248525,4.0162501335144
WSM,Samoa,2000,1542.06673580116,3.58293008804321
WSM,Samoa,2001,1557.01717959599,3.82628989219666
WSM,Samoa,2002,1633.03543188794,3.84138989448547
WSM,Samoa,2003,1909.12217089109,
WSM,Samoa,2004,2353.54821859811,
WSM,Samoa,2005,2590.41779087481,
WSM,Samoa,2006,2796.57024604136,
WSM,Samoa,2007,3133.6541130672,
WSM,Samoa,2008,3379.08209283546,5.14420986175537
WSM,Samoa,2009,3168.17670633226,
WSM,Samoa,2010,3566.36237812576,
WSM,Samoa,2011,3933.45935710691,
WSM,Samoa,2012,4022.19911964814,
WSM,Samoa,2013,4037.50931467981,
WSM,Samoa,2014,3937.75871176418,
WSM,Samoa,2015,4073.66600980642,
WSM,Samoa,2016,4109.16513496372,4.1622200012207
WSM,Samoa,2017,4258.48626965259,
WSM,Samoa,2018,4183.40803207908,
WSM,Samoa,2019,4315.92067469565,
XKX,Kosovo,2000,1087.76240120887,
XKX,Kosovo,2001,1490.36103250226,
XKX,Kosovo,2002,1413.53258703188,
XKX,Kosovo,2003,1638.10473921653,
XKX,Kosovo,2004,2086.53732547162,
XKX,Kosovo,2005,2147.46427105376,
XKX,Kosovo,2006,2237.12659780918,
XKX,Kosovo,2007,2685.98622183949,
XKX,Kosovo,2008,3254.82026926105,
XKX,Kosovo,2009,3209.69410857047,
XKX,Kosovo,2010,3286.55744309904,
XKX,Kosovo,2011,3741.87505207304,
XKX,Kosovo,2012,3596.80465465781,
XKX,Kosovo,2013,3891.26636343866,
XKX,Kosovo,2014,4080.33071724595,
XKX,Kosovo,2015,3603.02550073134,
XKX,Kosovo,2016,3780.00368867233,
XKX,Kosovo,2017,4045.61420880757,
XKX,Kosovo,2018,4419.91432698449,
XKX,Kosovo,2019,4417.50993975428,
YEM,"Yemen, Rep.",1990,482.247874017314,
YEM,"Yemen, Rep.",1991,482.060688899768,
YEM,"Yemen, Rep.",1992,498.963458829733,
YEM,"Yemen, Rep.",1993,393.739232115679,
YEM,"Yemen, Rep.",1994,291.472152530055,
YEM,"Yemen, Rep.",1995,285.569554820636,
YEM,"Yemen, Rep.",1996,374.011431361723,
YEM,"Yemen, Rep.",1997,428.060810002034,
YEM,"Yemen, Rep.",1998,384.499846864277,
YEM,"Yemen, Rep.",1999,451.571138765507,
YEM,"Yemen, Rep.",2000,554.448633427793,9.64552021026611
YEM,"Yemen, Rep.",2001,550.360241677081,9.23766040802002
YEM,"Yemen, Rep.",2002,579.852920528358,
YEM,"Yemen, Rep.",2003,620.382758672096,
YEM,"Yemen, Rep.",2004,709.965306138625,
YEM,"Yemen, Rep.",2005,832.844488626279,
YEM,"Yemen, Rep.",2006,921.418443941266,
YEM,"Yemen, Rep.",2007,1017.29200069786,
YEM,"Yemen, Rep.",2008,1229.24684321745,5.15143013000488
YEM,"Yemen, Rep.",2009,1116.08459430356,
YEM,"Yemen, Rep.",2010,1334.78484461341,
YEM,"Yemen, Rep.",2011,1374.62128512758,
YEM,"Yemen, Rep.",2012,1446.53635351496,
YEM,"Yemen, Rep.",2013,1607.15236498904,
YEM,"Yemen, Rep.",2014,1673.14635369478,
YEM,"Yemen, Rep.",2015,1395.43963317477,
YEM,"Yemen, Rep.",2016,1033.73304347934,
YEM,"Yemen, Rep.",2017,882.3957585109659,
YEM,"Yemen, Rep.",2018,968.1590475829991,
ZAF,South Africa,1960,443.009816049236,
ZAF,South Africa,1961,454.962013195471,
ZAF,South Africa,1962,473.01161540659,
ZAF,South Africa,1963,511.497252529621,
ZAF,South Africa,1964,548.995941617124,
ZAF,South Africa,1965,584.704072154916,
ZAF,South Africa,1966,621.2208245041149,
ZAF,South Africa,1967,675.135312047611,
ZAF,South Africa,1968,711.2258103513381,
ZAF,South Africa,1969,780.625918664446,
ZAF,South Africa,1970,834.552767550078,
ZAF,South Africa,1971,897.1298563054891,
ZAF,South Africa,1972,917.356209419696,
ZAF,South Africa,1973,1225.08900721551,
ZAF,South Africa,1974,1499.14106806266,
ZAF,South Africa,1975,1512.77078488392,
ZAF,South Africa,1976,1416.7089305868,
ZAF,South Africa,1977,1535.11889732242,
ZAF,South Africa,1978,1722.22669358824,
ZAF,South Africa,1979,2071.55130338222,
ZAF,South Africa,1980,2905.8078450859,
ZAF,South Africa,1981,2913.24175639043,
ZAF,South Africa,1982,2601.05786126575,
ZAF,South Africa,1983,2820.43408158049,
ZAF,South Africa,1984,2429.02711884123,
ZAF,South Africa,1985,1807.97657847956,
ZAF,South Africa,1986,2015.8137477876,
ZAF,South Africa,1987,2582.4946714901,5.16433000564575
ZAF,South Africa,1988,2711.5149914789,5.29058980941772
ZAF,South Africa,1989,2756.21260824164,4.85255002975464
ZAF,South Africa,1990,3139.96605414997,5.12579011917114
ZAF,South Africa,1991,3285.9546502863,5.73734998703003
ZAF,South Africa,1992,3479.06628319063,
ZAF,South Africa,1993,3388.72930297559,5.88602018356323
ZAF,South Africa,1994,3445.23006804634,5.80608987808228
ZAF,South Africa,1995,3751.8543280995,
ZAF,South Africa,1996,3494.38356656924,5.57574987411499
ZAF,South Africa,1997,3549.57981510426,
ZAF,South Africa,1998,3154.02077660523,
ZAF,South Africa,1999,3081.56992674868,5.87522983551025
ZAF,South Africa,2000,3032.42713820462,5.44358015060425
ZAF,South Africa,2001,2666.47490998748,5.15948009490967
ZAF,South Africa,2002,2502.27700465337,5.06621980667114
ZAF,South Africa,2003,3751.2828130871,4.86485004425049
ZAF,South Africa,2004,4833.62751660714,5.06891012191772
ZAF,South Africa,2005,5383.65654250984,5.06319999694824
ZAF,South Africa,2006,5602.01104380458,5.07256984710693
ZAF,South Africa,2007,6095.62243887023,4.97414016723633
ZAF,South Africa,2008,5760.80528723832,4.86600017547607
ZAF,South Africa,2009,5862.79734021167,5.24869012832642
ZAF,South Africa,2010,7328.61562893966,5.72173976898193
ZAF,South Africa,2011,8007.41284634441,
ZAF,South Africa,2012,7501.4699839525,
ZAF,South Africa,2013,6832.45689096701,
ZAF,South Africa,2014,6433.18727662894,
ZAF,South Africa,2015,5734.63362915331,5.95619010925293
ZAF,South Africa,2016,5272.91842475419,5.94285011291504
ZAF,South Africa,2017,6132.4798409721,6.11305999755859
ZAF,South Africa,2018,6374.02819575944,6.15898990631104
ZAF,South Africa,2019,6001.40081394888,6.50505018234253
ZMB,Zambia,1960,232.188866918329,
ZMB,Zambia,1961,220.042136669643,
ZMB,Zambia,1962,212.578123117433,
ZMB,Zambia,1963,213.896440620375,
ZMB,Zambia,1964,242.384332534144,
ZMB,Zambia,1965,303.281910378355,
ZMB,Zambia,1966,343.373483458031,
ZMB,Zambia,1967,360.201618116246,
ZMB,Zambia,1968,409.775349349798,
ZMB,Zambia,1969,485.872618041269,
ZMB,Zambia,1970,436.768712797788,4.38781023025513
ZMB,Zambia,1971,390.579418895616,6.09534978866577
ZMB,Zambia,1972,427.819042812547,5.94578981399536
ZMB,Zambia,1973,491.111958992136,5.48807001113892
ZMB,Zambia,1974,653.277597394897,4.87800979614258
ZMB,Zambia,1975,529.742413425788,6.2385401725769
ZMB,Zambia,1976,537.220687223924,6.026939868927
ZMB,Zambia,1977,469.593845767452,5.69251012802124
ZMB,Zambia,1978,514.49162457834,4.74074983596802
ZMB,Zambia,1979,587.945239676748,4.15494012832642
ZMB,Zambia,1980,654.4112306844449,4.12670993804932
ZMB,Zambia,1981,639.542955234525,4.00072002410889
ZMB,Zambia,1982,637.546199179838,5.15487003326416
ZMB,Zambia,1983,496.197064619118,5.38802003860474
ZMB,Zambia,1984,408.778347132815,4.98856019973755
ZMB,Zambia,1985,329.51162318132,4.14584016799927
ZMB,Zambia,1986,232.538957136755,3.33898997306824
ZMB,Zambia,1987,307.872632589342,2.66226005554199
ZMB,Zambia,1988,488.744413413745,
ZMB,Zambia,1989,511.321337632379,
ZMB,Zambia,1990,408.769534724677,
ZMB,Zambia,1991,409.727573569357,2.74057006835938
ZMB,Zambia,1992,376.498774421343,2.09159994125366
ZMB,Zambia,1993,378.12547185508,1.94208002090454
ZMB,Zambia,1994,412.260984453725,1.79351997375488
ZMB,Zambia,1995,418.515070713827,1.83852994441986
ZMB,Zambia,1996,385.152440867439,
ZMB,Zambia,1997,448.370206818558,
ZMB,Zambia,1998,358.555886217461,2.11823010444641
ZMB,Zambia,1999,335.712390719746,1.77495002746582
ZMB,Zambia,2000,345.689554372848,1.78819000720978
ZMB,Zambia,2001,382.94117849531,
ZMB,Zambia,2002,382.242172375719,
ZMB,Zambia,2003,435.45808332532,
ZMB,Zambia,2004,538.591506409662,2.46342992782593
ZMB,Zambia,2005,702.740940632375,1.73553001880646
ZMB,Zambia,2006,1047.91918744918,
ZMB,Zambia,2007,1124.29058597692,1.24075996875763
ZMB,Zambia,2008,1394.00060846687,1.0997200012207
ZMB,Zambia,2009,1159.90776214745,
ZMB,Zambia,2010,1489.45930583593,
ZMB,Zambia,2011,1672.90825103652,
ZMB,Zambia,2012,1763.07273337195,
ZMB,Zambia,2013,1878.90700132351,
ZMB,Zambia,2014,1763.05729765435,
ZMB,Zambia,2015,1337.79611014087,4.6243200302124
ZMB,Zambia,2016,1280.57889834732,3.74792003631592
ZMB,Zambia,2017,1534.86537052245,3.72965002059937
ZMB,Zambia,2018,1556.33448154128,4.61809015274048
ZMB,Zambia,2019,1291.34335737364,
ZWE,Zimbabwe,1960,278.813699118353,
ZWE,Zimbabwe,1961,280.828950528984,
ZWE,Zimbabwe,1962,276.688780776198,
ZWE,Zimbabwe,1963,277.479715109342,
ZWE,Zimbabwe,1964,281.558440116395,
ZWE,Zimbabwe,1965,293.308853574797,
ZWE,Zimbabwe,1966,277.233872141656,
ZWE,Zimbabwe,1967,292.270410623648,
ZWE,Zimbabwe,1968,299.398632835185,
ZWE,Zimbabwe,1969,341.984650982708,
ZWE,Zimbabwe,1970,356.229601518385,
ZWE,Zimbabwe,1971,397.795044789265,
ZWE,Zimbabwe,1972,471.937152345181,
ZWE,Zimbabwe,1973,563.032982483362,
ZWE,Zimbabwe,1974,654.414621744945,
ZWE,Zimbabwe,1975,694.532493892872,
ZWE,Zimbabwe,1976,664.102449355016,
ZWE,Zimbabwe,1977,650.155605082628,
ZWE,Zimbabwe,1978,627.967026972736,
ZWE,Zimbabwe,1979,723.106531920358,2.31784009933472
ZWE,Zimbabwe,1980,901.4991447804611,2.54417991638184
ZWE,Zimbabwe,1981,1043.74683330574,3.35154008865356
ZWE,Zimbabwe,1982,1073.06384664651,
ZWE,Zimbabwe,1983,940.557839022807,4.14548015594482
ZWE,Zimbabwe,1984,741.875866959721,5.79150009155273
ZWE,Zimbabwe,1985,635.006058582556,7.41926002502441
ZWE,Zimbabwe,1986,675.806848345608,
ZWE,Zimbabwe,1987,707.575465747922,11.6447601318359
ZWE,Zimbabwe,1988,793.449580546495,12.3372898101807
ZWE,Zimbabwe,1989,816.07676574368,12.2842302322388
ZWE,Zimbabwe,1990,841.972989778691,12.4542598724365
ZWE,Zimbabwe,1991,809.052124825449,
ZWE,Zimbabwe,1992,619.372594032825,22.3222103118896
ZWE,Zimbabwe,1993,591.7201624914831,
ZWE,Zimbabwe,1994,611.865711030192,44.3339805603027
ZWE,Zimbabwe,1995,623.209967404318,
ZWE,Zimbabwe,1996,741.095726733151,
ZWE,Zimbabwe,1997,731.948379686958,
ZWE,Zimbabwe,1998,544.984162862031,
ZWE,Zimbabwe,1999,580.07071808101,
ZWE,Zimbabwe,2000,563.057741053574,
ZWE,Zimbabwe,2001,568.385909190556,
ZWE,Zimbabwe,2002,530.530579398693,
ZWE,Zimbabwe,2003,478.007404969228,
ZWE,Zimbabwe,2004,482.998411302845,
ZWE,Zimbabwe,2005,476.555323602915,
ZWE,Zimbabwe,2006,447.854924165548,
ZWE,Zimbabwe,2007,431.787188267027,
ZWE,Zimbabwe,2008,356.693349652722,
ZWE,Zimbabwe,2009,771.598785915315,
ZWE,Zimbabwe,2010,948.3318544592599,1.54405999183655
ZWE,Zimbabwe,2011,1093.65400227511,
ZWE,Zimbabwe,2012,1304.96980167411,6.07020998001099
ZWE,Zimbabwe,2013,1430.00081795572,5.99597978591919
ZWE,Zimbabwe,2014,1434.89934002278,6.13835000991821
ZWE,Zimbabwe,2015,1445.07106198798,
ZWE,Zimbabwe,2016,1464.58352903946,
ZWE,Zimbabwe,2017,1548.17005572552,5.81877994537354
ZWE,Zimbabwe,2018,1683.74057709465,5.87134981155396
ZWE,Zimbabwe,2019,1463.98591018054,
